timestamp,node,rate_after,rate_before
2000008376,2,100.0,100.0
2000012576,2,100.0,100.0
2000016776,2,100.0,100.0
2000020976,2,100.0,100.0
2000025176,2,100.0,100.0
2000029376,2,100.0,100.0
2000033576,2,100.0,100.0
2000037776,2,100.0,100.0
2000041976,2,100.0,100.0
2000046176,2,100.0,100.0
2000050376,2,100.0,100.0
2000054576,2,100.0,100.0
2000058776,2,100.0,100.0
2000062976,2,100.0,100.0
2000067176,2,100.0,100.0
2000071376,2,100.0,100.0
2000075576,2,100.0,100.0
2000079776,2,100.0,100.0
2000083976,2,100.0,100.0
2000088176,2,100.0,100.0
2000092376,2,100.0,100.0
2000096576,2,100.0,100.0
2000100776,2,100.0,100.0
2000104976,2,100.0,100.0
2000109176,2,100.0,100.0
2000113376,2,100.0,100.0
2000117576,2,100.0,100.0
2000121776,2,100.0,100.0
2000125976,2,100.0,100.0
2000130176,2,100.0,100.0
2000134376,2,100.0,100.0
2000138576,2,100.0,100.0
2000142776,2,100.0,100.0
2000146976,2,100.0,100.0
2000151176,2,100.0,100.0
2000155376,2,100.0,100.0
2000159576,2,100.0,100.0
2000163776,2,100.0,100.0
2000167976,2,100.0,100.0
2000172176,2,100.0,100.0
2000176376,2,100.0,100.0
2000180576,2,100.0,100.0
2000184776,2,100.0,100.0
2000188976,2,100.0,100.0
2000193176,2,100.0,100.0
2000197376,2,100.0,100.0
2000201576,2,100.0,100.0
2000205776,2,100.0,100.0
2000209976,2,100.0,100.0
2000214176,2,100.0,100.0
2000218376,2,100.0,100.0
2000222576,2,100.0,100.0
2000226776,2,100.0,100.0
2000230976,2,100.0,100.0
2000235176,2,100.0,100.0
2000239376,2,100.0,100.0
2000243576,2,100.0,100.0
2000247776,2,100.0,100.0
2000251976,2,100.0,100.0
2000256176,2,100.0,100.0
2000260376,2,100.0,100.0
2000264576,2,100.0,100.0
2000268776,2,100.0,100.0
2000272976,2,100.0,100.0
2000277176,2,100.0,100.0
2000281376,2,100.0,100.0
2000285576,2,100.0,100.0
2000289776,2,100.0,100.0
2000293976,2,100.0,100.0
2000298176,2,100.0,100.0
2000302376,2,100.0,100.0
2000306576,2,100.0,100.0
2000310776,2,100.0,100.0
2000314976,2,100.0,100.0
2000319176,2,100.0,100.0
2000323376,2,100.0,100.0
2000327576,2,100.0,100.0
2000331776,2,100.0,100.0
2000335976,2,100.0,100.0
2000340176,2,100.0,100.0
2000344376,2,100.0,100.0
2000348576,2,100.0,100.0
2000352776,2,100.0,100.0
2000356976,2,100.0,100.0
2000361176,2,100.0,100.0
2000365376,2,100.0,100.0
2000369576,2,100.0,100.0
2000373776,2,100.0,100.0
2000377976,2,100.0,100.0
2000382176,2,100.0,100.0
2000386376,2,100.0,100.0
2000390576,2,100.0,100.0
2000394776,2,100.0,100.0
2000398976,2,100.0,100.0
2000403176,2,100.0,100.0
2000407376,2,100.0,100.0
2000411576,2,100.0,100.0
2000415776,2,100.0,100.0
2000419976,2,100.0,100.0
2000424176,2,100.0,100.0
2000428376,2,100.0,100.0
2000432576,2,100.0,100.0
2000436776,2,100.0,100.0
2000440976,2,100.0,100.0
2000445176,2,100.0,100.0
2000449376,2,100.0,100.0
2000453576,2,100.0,100.0
2000457776,2,100.0,100.0
2000461976,2,100.0,100.0
2000466176,2,100.0,100.0
2000470376,2,100.0,100.0
2000474576,2,100.0,100.0
2000478776,2,100.0,100.0
2000482976,2,100.0,100.0
2000487176,2,100.0,100.0
2000491376,2,100.0,100.0
2000495576,2,100.0,100.0
2000499776,2,100.0,100.0
2000503976,2,100.0,100.0
2000508176,2,100.0,100.0
2000512376,2,100.0,100.0
2000516576,2,100.0,100.0
2000520776,2,100.0,100.0
2000524976,2,100.0,100.0
2000529176,2,100.0,100.0
2000533376,2,100.0,100.0
2000537576,2,100.0,100.0
2000541776,2,100.0,100.0
2000545976,2,100.0,100.0
2000550176,2,100.0,100.0
2000554376,2,100.0,100.0
2000558576,2,100.0,100.0
2000562776,2,100.0,100.0
2000566976,2,100.0,100.0
2000571176,2,100.0,100.0
2000575376,2,100.0,100.0
2000579576,2,100.0,100.0
2000583776,2,100.0,100.0
2000587976,2,100.0,100.0
2000592176,2,100.0,100.0
2000596376,2,100.0,100.0
2000600576,2,100.0,100.0
2000604776,2,100.0,100.0
2000608976,2,100.0,100.0
2000613176,2,100.0,100.0
2000617376,2,100.0,100.0
2000621576,2,100.0,100.0
2000625776,2,100.0,100.0
2000629976,2,100.0,100.0
2000634176,2,100.0,100.0
2000638376,2,100.0,100.0
2000642576,2,100.0,100.0
2000646776,2,100.0,100.0
2000650976,2,100.0,100.0
2000655176,2,100.0,100.0
2000659376,2,100.0,100.0
2000663576,2,100.0,100.0
2000667776,2,100.0,100.0
2000671976,2,100.0,100.0
2000676176,2,100.0,100.0
2000680376,2,100.0,100.0
2000684576,2,100.0,100.0
2000688776,2,100.0,100.0
2000692976,2,100.0,100.0
2000697176,2,100.0,100.0
2000701376,2,100.0,100.0
2000705576,2,100.0,100.0
2000709776,2,100.0,100.0
2000713976,2,100.0,100.0
2000718176,2,100.0,100.0
2000722376,2,100.0,100.0
2000726576,2,100.0,100.0
2000730776,2,100.0,100.0
2000734976,2,100.0,100.0
2000739176,2,100.0,100.0
2000743376,2,100.0,100.0
2000747576,2,100.0,100.0
2000751776,2,100.0,100.0
2000755976,2,100.0,100.0
2000760176,2,100.0,100.0
2000764376,2,100.0,100.0
2000768576,2,100.0,100.0
2000772776,2,100.0,100.0
2000776976,2,100.0,100.0
2000781176,2,100.0,100.0
2000785376,2,100.0,100.0
2000789576,2,100.0,100.0
2000793776,2,100.0,100.0
2000797976,2,100.0,100.0
2000802176,2,100.0,100.0
2000806376,2,100.0,100.0
2000810576,2,100.0,100.0
2000814776,2,100.0,100.0
2000818976,2,100.0,100.0
2000823176,2,100.0,100.0
2000827376,2,100.0,100.0
2000831576,2,100.0,100.0
2000835776,2,100.0,100.0
2000839976,2,100.0,100.0
2000844176,2,100.0,100.0
2000848376,2,100.0,100.0
2000852576,2,100.0,100.0
2000856776,2,100.0,100.0
2000860976,2,100.0,100.0
2000865176,2,100.0,100.0
2000869376,2,100.0,100.0
2000873576,2,100.0,100.0
2000877776,2,100.0,100.0
2000881976,2,100.0,100.0
2000886176,2,100.0,100.0
2000890376,2,100.0,100.0
2000894576,2,100.0,100.0
2000898776,2,100.0,100.0
2000902976,2,100.0,100.0
2000907176,2,100.0,100.0
2000911376,2,100.0,100.0
2000915576,2,100.0,100.0
2000919776,2,100.0,100.0
2000923976,2,100.0,100.0
2000928176,2,100.0,100.0
2000932376,2,100.0,100.0
2000936576,2,100.0,100.0
2000940776,2,100.0,100.0
2000944976,2,100.0,100.0
2000949176,2,100.0,100.0
2000953376,2,100.0,100.0
2000957576,2,100.0,100.0
2000961776,2,100.0,100.0
2000965976,2,100.0,100.0
2000970176,2,100.0,100.0
2000974376,2,100.0,100.0
2000978576,2,100.0,100.0
2000982776,2,100.0,100.0
2000986976,2,100.0,100.0
2000991176,2,100.0,100.0
2000995376,2,100.0,100.0
2000999576,2,100.0,100.0
2001003776,2,100.0,100.0
2001011840,2,86.476,100.0
2001012596,3,85.3,100.0
2001020912,2,85.45,86.476
2001021332,3,85.35,85.3
2001028472,2,85.5,85.45
2001028892,3,85.4,85.35
2001036032,2,85.55,85.5
2001036452,3,85.45,85.4
2001043592,2,85.6,85.55
2001044012,3,85.5,85.45
2001051152,2,85.65,85.6
2001051572,3,85.55,85.5
2001058712,2,85.7,85.65
2001059132,3,85.65,85.55
2001066272,2,85.8,85.7
2001066692,3,85.75,85.65
2001073832,2,85.9,85.8
2001074252,3,85.85,85.75
2001081392,2,86.0,85.9
2001081812,3,85.95,85.85
2001088952,2,86.1,86.0
2001089372,3,86.05,85.95
2001096512,2,86.2,86.1
2001096932,3,86.15,86.05
2001104072,2,86.3,86.2
2001104492,3,86.25,86.15
2001111632,2,86.4,86.3
2001112052,3,86.35,86.25
2001119192,2,86.5,86.4
2001119612,3,86.45,86.35
2001126752,2,86.6,86.5
2001127172,3,86.55,86.45
2001134312,2,86.7,86.6
2001134732,3,86.65,86.55
2001142040,2,86.19,86.7
2001142460,3,86.14,86.65
2001149768,2,86.24,86.19
2001150188,3,86.19,86.14
2001157328,2,86.29,86.24
2001157748,3,86.24,86.19
2001164888,2,86.34,86.29
2001165308,3,86.29,86.24
2001172448,2,86.39,86.34
2001172868,3,86.34,86.29
2001180008,2,86.44,86.39
2001180428,3,86.39,86.34
2001187568,2,86.54,86.44
2001187988,3,86.49,86.39
2001195128,2,86.64,86.54
2001195548,3,86.59,86.49
2001202688,2,86.74,86.64
2001203108,3,86.69,86.59
2001210416,2,86.23,86.74
2001210836,3,86.181,86.69
2001218144,2,86.28,86.23
2001218564,3,86.231,86.181
2001225704,2,86.33,86.28
2001226124,3,86.281,86.231
2001233264,2,86.38,86.33
2001233684,3,86.331,86.281
2001240824,2,86.43,86.38
2001241244,3,86.381,86.331
2001248384,2,86.48,86.43
2001248804,3,86.431,86.381
2001255944,2,86.58,86.48
2001256364,3,86.531,86.431
2001263504,2,86.68,86.58
2001263924,3,86.631,86.531
2001271148,2,86.425,86.68
2001271568,3,86.376,86.631
2001278876,2,86.394,86.425
2001279296,3,86.426,86.376
2001286436,2,86.444,86.394
2001286856,3,86.476,86.426
2001293996,2,86.494,86.444
2001294416,3,86.526,86.476
2001301556,2,86.544,86.494
2001301976,3,86.576,86.526
2001309116,2,86.594,86.544
2001309536,3,86.626,86.576
2001316844,2,86.084,86.594
2001317264,3,86.117,86.626
2001324572,2,86.134,86.084
2001324992,3,86.167,86.117
2001332132,2,86.184,86.134
2001332552,3,86.217,86.167
2001339692,2,86.234,86.184
2001340112,3,86.267,86.217
2001347252,2,86.284,86.234
2001347672,3,86.317,86.267
2001354812,2,86.334,86.284
2001355232,3,86.367,86.317
2001362372,2,86.434,86.334
2001362792,3,86.467,86.367
2001369932,2,86.534,86.434
2001370352,3,86.567,86.467
2001377492,2,86.634,86.534
2001377912,3,86.667,86.567
2001385136,2,86.38,86.634
2001385556,3,86.412,86.667
2001392864,2,86.348,86.38
2001393368,3,86.462,86.412
2001400424,2,86.398,86.348
2001400928,3,86.512,86.462
2001407984,2,86.448,86.398
2001408488,3,86.562,86.512
2001415544,2,86.498,86.448
2001416048,3,86.612,86.562
2001423188,2,86.244,86.498
2001423692,3,86.357,86.612
2001430832,2,86.213,86.244
2001431336,3,86.407,86.357
2001438392,2,86.263,86.213
2001438896,3,86.457,86.407
2001445952,2,86.313,86.263
2001446456,3,86.507,86.457
2001453512,2,86.363,86.313
2001454016,3,86.557,86.507
2001461072,2,86.413,86.363
2001461576,3,86.607,86.557
2001468716,2,86.159,86.413
2001469220,3,86.353,86.607
2001476360,2,86.127,86.159
2001476948,3,86.403,86.353
2001483920,2,86.177,86.127
2001484424,3,86.453,86.403
2001491480,2,86.227,86.177
2001491984,3,86.234,86.453
2001499040,2,86.277,86.227
2001499544,3,86.206,86.234
2001506600,2,86.327,86.277
2001507104,3,86.203,86.206
2001514160,2,86.377,86.327
2001514664,3,86.203,86.203
2001521720,2,86.477,86.377
2001522224,3,86.203,86.203
2001529280,2,86.577,86.477
2001529784,3,86.203,86.203
2001536840,2,86.677,86.577
2001537344,3,86.203,86.203
2001544484,2,86.422,86.677
2001544988,3,85.949,86.203
2001552128,2,86.472,86.422
2001552548,3,85.999,85.949
2001559688,2,86.522,86.472
2001560108,3,86.049,85.999
2001567248,2,86.572,86.522
2001567668,3,86.099,86.049
2001574808,2,86.622,86.572
2001575228,3,86.149,86.099
2001582452,2,86.367,86.622
2001582872,3,85.896,86.149
2001590096,2,86.417,86.367
2001590432,3,85.946,85.896
2001597656,2,86.467,86.417
2001597992,3,85.996,85.946
2001605216,2,86.517,86.467
2001605552,3,86.046,85.996
2001612776,2,86.567,86.517
2001613112,3,86.096,86.046
2001620336,2,86.617,86.567
2001620672,3,86.146,86.096
2001627980,2,86.363,86.617
2001628316,3,85.893,86.146
2001635624,2,86.413,86.363
2001635876,3,85.943,85.893
2001643184,2,86.463,86.413
2001643436,3,85.993,85.943
2001650744,2,86.513,86.463
2001650996,3,86.043,85.993
2001658304,2,86.563,86.513
2001658556,3,86.093,86.043
2001665864,2,86.613,86.563
2001666116,3,86.143,86.093
2001673508,2,86.358,86.613
2001673760,3,85.889,86.143
2001681152,2,86.408,86.358
2001681320,3,85.939,85.889
2001688712,2,86.458,86.408
2001688880,3,85.989,85.939
2001696272,2,86.508,86.458
2001696440,3,86.039,85.989
2001703832,2,86.558,86.508
2001704000,3,86.089,86.039
2001711392,2,86.608,86.558
2001711560,3,86.139,86.089
2001719036,2,86.354,86.608
2001719204,3,85.886,86.139
2001726680,2,86.404,86.354
2001726764,3,85.936,85.886
2001734240,2,86.454,86.404
2001734324,3,85.986,85.936
2001741800,2,86.504,86.454
2001741884,3,86.036,85.986
2001749360,2,86.554,86.504
2001749444,3,86.086,86.036
2001756920,2,86.604,86.554
2001757004,3,86.136,86.086
2001764564,2,86.349,86.604
2001764648,3,85.883,86.136
2001772208,3,85.933,85.883
2001772292,2,86.399,86.349
2001779768,3,85.983,85.933
2001779852,2,86.449,86.399
2001787328,3,86.033,85.983
2001787412,2,86.499,86.449
2001794888,3,86.083,86.033
2001794972,2,86.549,86.499
2001802448,3,86.133,86.083
2001802532,2,86.599,86.549
2001810092,3,85.88,86.133
2001810176,2,86.344,86.599
2001817736,3,85.848,85.88
2001817820,2,86.394,86.344
2001825296,3,85.898,85.848
2001825380,2,86.444,86.394
2001832856,3,85.948,85.898
2001832940,2,86.494,86.444
2001840416,3,85.998,85.948
2001840500,2,86.544,86.494
2001847976,3,86.048,85.998
2001848060,2,86.594,86.544
2001855620,3,85.795,86.048
2001855704,2,86.34,86.594
2001863264,3,85.764,85.795
2001863348,2,86.39,86.34
2001870824,3,85.814,85.764
2001870908,2,86.44,86.39
2001878384,3,85.864,85.814
2001878468,2,86.49,86.44
2001885944,3,85.914,85.864
2001886028,2,86.54,86.49
2001893504,3,85.964,85.914
2001893588,2,86.59,86.54
2001901064,3,86.014,85.964
2001901148,2,86.69,86.59
2001908708,3,85.761,86.014
2001908792,2,86.435,86.69
2001916352,3,85.729,85.761
2001916436,2,86.485,86.435
2001923912,3,85.779,85.729
2001923996,2,86.535,86.485
2001931472,3,85.829,85.779
2001931556,2,86.585,86.535
2001939032,3,85.879,85.829
2001939116,2,86.635,86.585
2001946676,3,85.627,85.879
2001946760,2,86.38,86.635
2001954320,3,85.596,85.627
2001954404,2,86.43,86.38
2001961880,3,85.646,85.596
2001961964,2,86.48,86.43
2001969440,3,85.696,85.646
2001969524,2,86.53,86.48
2001977000,3,85.746,85.696
2001977084,2,86.58,86.53
2001984560,3,85.796,85.746
2001984644,2,86.63,86.58
2001992204,3,85.544,85.796
2001992288,2,86.376,86.63
2001999848,3,85.512,85.544
2001999932,2,86.426,86.376
2002007408,3,85.562,85.512
2002007492,2,86.476,86.426
2002014968,3,85.612,85.562
2002015052,2,86.526,86.476
2002022528,3,85.662,85.612
2002022612,2,86.576,86.526
2002030088,3,85.712,85.662
2002030172,2,86.626,86.576
2002037732,3,85.46,85.712
2002037816,2,86.371,86.626
2002045376,3,85.429,85.46
2002045544,2,86.421,86.371
2002052936,3,85.479,85.429
2002053020,2,86.471,86.421
2002060496,3,85.529,85.479
2002060580,2,86.252,86.471
2002068056,3,85.579,85.529
2002068140,2,86.225,86.252
2002075616,3,85.629,85.579
2002075700,2,86.221,86.225
2002083176,3,85.679,85.629
2002083260,2,86.221,86.221
2002090736,3,85.779,85.679
2002090820,2,86.221,86.221
2002098296,3,85.879,85.779
2002098380,2,86.221,86.221
2002105856,3,85.979,85.879
2002105940,2,86.221,86.221
2002113416,3,86.079,85.979
2002113500,2,86.221,86.221
2002120976,3,86.179,86.079
2002121060,2,86.221,86.221
2002128536,3,86.279,86.179
2002128620,2,86.221,86.221
2002136096,3,86.379,86.279
2002136180,2,86.221,86.221
2002143656,3,86.364,86.379
2002143740,2,86.221,86.221
2002151216,3,86.362,86.364
2002151300,2,86.221,86.221
2002158776,3,86.362,86.362
2002158860,2,86.221,86.221
2002166336,3,86.362,86.362
2002166420,2,86.221,86.221
2002173896,3,86.362,86.362
2002173980,2,86.221,86.221
2002181456,3,86.362,86.362
2002181540,2,86.221,86.221
2002189016,3,86.362,86.362
2002189100,2,86.221,86.221
2002196576,3,86.362,86.362
2002196660,2,86.221,86.221
2002204136,3,86.362,86.362
2002204220,2,86.221,86.221
2002211696,3,86.362,86.362
2002211780,2,86.221,86.221
2002219256,3,86.362,86.362
2002219340,2,86.221,86.221
2002226816,3,86.362,86.362
2002226900,2,86.221,86.221
2002234376,3,86.362,86.362
2002234460,2,86.221,86.221
2002241936,3,86.362,86.362
2002242020,2,86.221,86.221
2002249496,3,86.362,86.362
2002249580,2,86.221,86.221
2002257056,3,86.362,86.362
2002257140,2,86.221,86.221
2002264616,3,86.362,86.362
2002264700,2,86.221,86.221
2002272176,3,86.362,86.362
2002272260,2,86.221,86.221
2002279736,3,86.362,86.362
2002279820,2,86.221,86.221
2002287296,3,86.362,86.362
2002287380,2,86.221,86.221
2002294856,3,86.362,86.362
2002294940,2,86.221,86.221
2002302416,3,86.362,86.362
2002302500,2,86.221,86.221
2002309976,3,86.362,86.362
2002310060,2,86.221,86.221
2002317536,3,86.362,86.362
2002317620,2,86.221,86.221
2002325096,3,86.362,86.362
2002325180,2,86.221,86.221
2002332656,3,86.362,86.362
2002332740,2,86.221,86.221
2002340216,3,86.362,86.362
2002340300,2,86.221,86.221
2002347776,3,86.362,86.362
2002347860,2,86.221,86.221
2002355336,3,86.362,86.362
2002355420,2,86.221,86.221
2002362896,3,86.362,86.362
2002362980,2,86.221,86.221
2002370456,3,86.362,86.362
2002370540,2,86.221,86.221
2002378016,3,86.362,86.362
2002378100,2,86.221,86.221
2002385576,3,86.362,86.362
2002385660,2,86.221,86.221
2002393136,3,86.362,86.362
2002393220,2,86.221,86.221
2002400696,3,86.362,86.362
2002400780,2,86.221,86.221
2002408256,3,86.362,86.362
2002408340,2,86.221,86.221
2002415816,3,86.362,86.362
2002415900,2,86.221,86.221
2002423376,3,86.362,86.362
2002423460,2,86.221,86.221
2002430936,3,86.362,86.362
2002431020,2,86.221,86.221
2002438496,3,86.362,86.362
2002438580,2,86.221,86.221
2002446056,3,86.362,86.362
2002446140,2,86.221,86.221
2002453616,3,86.362,86.362
2002453700,2,86.221,86.221
2002461176,3,86.362,86.362
2002461260,2,86.221,86.221
2002468736,3,86.362,86.362
2002468820,2,86.221,86.221
2002476296,3,86.362,86.362
2002476380,2,86.221,86.221
2002483856,3,86.362,86.362
2002483940,2,86.221,86.221
2002491416,3,86.362,86.362
2002491500,2,86.221,86.221
2002498976,3,86.362,86.362
2002499060,2,86.221,86.221
2002506536,3,86.362,86.362
2002506620,2,86.221,86.221
2002514096,3,86.362,86.362
2002514180,2,86.221,86.221
2002521656,3,86.362,86.362
2002521740,2,86.221,86.221
2002529216,3,86.362,86.362
2002529300,2,86.221,86.221
2002536776,3,86.362,86.362
2002536860,2,86.221,86.221
2002544336,3,86.362,86.362
2002544420,2,86.221,86.221
2002551896,3,86.362,86.362
2002551980,2,86.221,86.221
2002559456,3,86.362,86.362
2002559540,2,86.221,86.221
2002567016,3,86.362,86.362
2002567100,2,86.221,86.221
2002574576,3,86.362,86.362
2002574660,2,86.221,86.221
2002582136,3,86.362,86.362
2002582220,2,86.221,86.221
2002589696,3,86.362,86.362
2002589780,2,86.221,86.221
2002597256,3,86.362,86.362
2002597340,2,86.221,86.221
2002604816,3,86.362,86.362
2002604900,2,86.221,86.221
2002612376,3,86.362,86.362
2002612460,2,86.221,86.221
2002619936,3,86.362,86.362
2002620020,2,86.221,86.221
2002627496,3,86.362,86.362
2002627580,2,86.221,86.221
2002635056,3,86.362,86.362
2002635140,2,86.221,86.221
2002642616,3,86.362,86.362
2002642700,2,86.221,86.221
2002650176,3,86.362,86.362
2002650260,2,86.221,86.221
2002657736,3,86.362,86.362
2002657820,2,86.221,86.221
2002665296,3,86.362,86.362
2002665380,2,86.221,86.221
2002672856,3,86.362,86.362
2002672940,2,86.221,86.221
2002680416,3,86.362,86.362
2002680500,2,86.221,86.221
2002687976,3,86.362,86.362
2002688060,2,86.221,86.221
2002695536,3,86.362,86.362
2002695620,2,86.221,86.221
2002703096,3,86.362,86.362
2002703180,2,86.221,86.221
2002710656,3,86.362,86.362
2002710740,2,86.221,86.221
2002718216,3,86.362,86.362
2002718300,2,86.221,86.221
2002725776,3,86.362,86.362
2002725860,2,86.221,86.221
2002733336,3,86.362,86.362
2002733420,2,86.221,86.221
2002740896,3,86.362,86.362
2002740980,2,86.221,86.221
2002748456,3,86.362,86.362
2002748540,2,86.221,86.221
2002756016,3,86.362,86.362
2002756100,2,86.221,86.221
2002763576,3,86.362,86.362
2002763660,2,86.221,86.221
2002771136,3,86.362,86.362
2002771220,2,86.221,86.221
2002778696,3,86.362,86.362
2002778780,2,86.221,86.221
2002786256,3,86.362,86.362
2002786340,2,86.221,86.221
2002793816,3,86.362,86.362
2002793900,2,86.221,86.221
2002801376,3,86.362,86.362
2002801460,2,86.221,86.221
2002808936,3,86.362,86.362
2002809020,2,86.221,86.221
2002816496,3,86.362,86.362
2002816580,2,86.221,86.221
2002824056,3,86.362,86.362
2002824140,2,86.221,86.221
2002831616,3,86.362,86.362
2002831700,2,86.221,86.221
2002839176,3,86.362,86.362
2002839260,2,86.221,86.221
2002846736,3,86.362,86.362
2002846820,2,86.221,86.221
2002854296,3,86.362,86.362
2002854380,2,86.221,86.221
2002861856,3,86.362,86.362
2002861940,2,86.221,86.221
2002869416,3,86.362,86.362
2002869500,2,86.221,86.221
2002876976,3,86.362,86.362
2002877060,2,86.221,86.221
2002884536,3,86.362,86.362
2002884620,2,86.221,86.221
2002892096,3,86.362,86.362
2002892180,2,86.221,86.221
2002899656,3,86.362,86.362
2002899740,2,86.221,86.221
2002907216,3,86.362,86.362
2002907300,2,86.221,86.221
2002914776,3,86.362,86.362
2002914860,2,86.221,86.221
2002922336,3,86.362,86.362
2002922420,2,86.221,86.221
2002929896,3,86.362,86.362
2002929980,2,86.221,86.221
2002937456,3,86.362,86.362
2002937540,2,86.221,86.221
2002945016,3,86.362,86.362
2002945100,2,86.221,86.221
2002952576,3,86.362,86.362
2002952660,2,86.221,86.221
2002960136,3,86.362,86.362
2002960220,2,86.221,86.221
2002967696,3,86.362,86.362
2002967780,2,86.221,86.221
2002975256,3,86.362,86.362
2002975340,2,86.221,86.221
2002982816,3,86.362,86.362
2002982900,2,86.221,86.221
2002990376,3,86.362,86.362
2002990460,2,86.221,86.221
2002997936,3,86.362,86.362
2002998020,2,86.221,86.221
2003005496,3,86.362,86.362
2003005580,2,86.221,86.221
2003013056,3,86.362,86.362
2003013140,2,86.221,86.221
2003020616,3,86.362,86.362
2003020700,2,86.221,86.221
2003028176,3,86.362,86.362
2003028260,2,86.221,86.221
2003035736,3,86.362,86.362
2003035820,2,86.221,86.221
2003043296,3,86.362,86.362
2003043380,2,86.221,86.221
2003050856,3,86.362,86.362
2003050940,2,86.221,86.221
2003058416,3,86.362,86.362
2003058500,2,86.221,86.221
2003065976,3,86.362,86.362
2003066060,2,86.221,86.221
2003073536,3,86.362,86.362
2003073620,2,86.221,86.221
2003081096,3,86.362,86.362
2003081180,2,86.221,86.221
2003088656,3,86.362,86.362
2003088740,2,86.221,86.221
2003096216,3,86.362,86.362
2003096300,2,86.221,86.221
2003103776,3,86.362,86.362
2003103860,2,86.221,86.221
2003111336,3,86.362,86.362
2003111420,2,86.221,86.221
2003118896,3,86.362,86.362
2003118980,2,86.221,86.221
2003126456,3,86.362,86.362
2003126540,2,86.221,86.221
2003134016,3,86.362,86.362
2003134100,2,86.221,86.221
2003141576,3,86.362,86.362
2003141660,2,86.221,86.221
2003149136,3,86.362,86.362
2003149220,2,86.221,86.221
2003156696,3,86.362,86.362
2003156780,2,86.221,86.221
2003164256,3,86.362,86.362
2003164340,2,86.221,86.221
2003171816,3,86.362,86.362
2003171900,2,86.221,86.221
2003179376,3,86.362,86.362
2003179460,2,86.221,86.221
2003186936,3,86.362,86.362
2003187020,2,86.221,86.221
2003194496,3,86.362,86.362
2003194580,2,86.221,86.221
2003202056,3,86.362,86.362
2003202140,2,86.221,86.221
2003209616,3,86.362,86.362
2003209700,2,86.221,86.221
2003217176,3,86.362,86.362
2003217260,2,86.221,86.221
2003224736,3,86.362,86.362
2003224820,2,86.221,86.221
2003232296,3,86.362,86.362
2003232380,2,86.221,86.221
2003239856,3,86.362,86.362
2003239940,2,86.221,86.221
2003247416,3,86.362,86.362
2003247500,2,86.221,86.221
2003254976,3,86.362,86.362
2003255060,2,86.221,86.221
2003262536,3,86.362,86.362
2003262620,2,86.221,86.221
2003270096,3,86.362,86.362
2003270180,2,86.221,86.221
2003277656,3,86.362,86.362
2003277740,2,86.221,86.221
2003285216,3,86.362,86.362
2003285300,2,86.221,86.221
2003292776,3,86.362,86.362
2003292860,2,86.221,86.221
2003300336,3,86.362,86.362
2003300420,2,86.221,86.221
2003307896,3,86.362,86.362
2003307980,2,86.221,86.221
2003315456,3,86.362,86.362
2003315540,2,86.221,86.221
2003323016,3,86.362,86.362
2003323100,2,86.221,86.221
2003330576,3,86.362,86.362
2003330660,2,86.221,86.221
2003338136,3,86.362,86.362
2003338220,2,86.221,86.221
2003345696,3,86.362,86.362
2003345780,2,86.221,86.221
2003353256,3,86.362,86.362
2003353340,2,86.221,86.221
2003360816,3,86.362,86.362
2003360900,2,86.221,86.221
2003368376,3,86.362,86.362
2003368460,2,86.221,86.221
2003375936,3,86.362,86.362
2003376020,2,86.221,86.221
2003383496,3,86.362,86.362
2003383580,2,86.221,86.221
2003391056,3,86.362,86.362
2003391140,2,86.221,86.221
2003398616,3,86.362,86.362
2003398700,2,86.221,86.221
2003406176,3,86.362,86.362
2003406260,2,86.221,86.221
2003413736,3,86.362,86.362
2003413820,2,86.221,86.221
2003421296,3,86.362,86.362
2003421380,2,86.221,86.221
2003428856,3,86.362,86.362
2003428940,2,86.221,86.221
2003436416,3,86.362,86.362
2003436500,2,86.221,86.221
2003443976,3,86.362,86.362
2003444060,2,86.221,86.221
2003451536,3,86.362,86.362
2003451620,2,86.221,86.221
2003459096,3,86.362,86.362
2003459180,2,86.221,86.221
2003466656,3,86.362,86.362
2003466740,2,86.221,86.221
2003474216,3,86.362,86.362
2003474300,2,86.221,86.221
2003481776,3,86.362,86.362
2003481860,2,86.221,86.221
2003489336,3,86.362,86.362
2003489420,2,86.221,86.221
2003496896,3,86.362,86.362
2003496980,2,86.221,86.221
2003504456,3,86.362,86.362
2003504540,2,86.221,86.221
2003512016,3,86.362,86.362
2003512100,2,86.221,86.221
2003519576,3,86.362,86.362
2003519660,2,86.221,86.221
2003527136,3,86.362,86.362
2003527220,2,86.221,86.221
2003534696,3,86.362,86.362
2003534780,2,86.221,86.221
2003542256,3,86.362,86.362
2003542340,2,86.221,86.221
2003549816,3,86.362,86.362
2003549900,2,86.221,86.221
2003557376,3,86.362,86.362
2003557460,2,86.221,86.221
2003564936,3,86.362,86.362
2003565020,2,86.221,86.221
2003572496,3,86.362,86.362
2003572580,2,86.221,86.221
2003580056,3,86.362,86.362
2003580140,2,86.221,86.221
2003587616,3,86.362,86.362
2003587700,2,86.221,86.221
2003595176,3,86.362,86.362
2003595260,2,86.221,86.221
2003602736,3,86.362,86.362
2003602820,2,86.221,86.221
2003610296,3,86.362,86.362
2003610380,2,86.221,86.221
2003617856,3,86.362,86.362
2003617940,2,86.221,86.221
2003625416,3,86.362,86.362
2003625500,2,86.221,86.221
2003632976,3,86.362,86.362
2003633060,2,86.221,86.221
2003640536,3,86.362,86.362
2003640620,2,86.221,86.221
2003648096,3,86.362,86.362
2003648180,2,86.221,86.221
2003655656,3,86.362,86.362
2003655740,2,86.221,86.221
2003663216,3,86.362,86.362
2003663300,2,86.221,86.221
2003670776,3,86.362,86.362
2003670860,2,86.221,86.221
2003678336,3,86.362,86.362
2003678420,2,86.221,86.221
2003685896,3,86.362,86.362
2003685980,2,86.221,86.221
2003693456,3,86.362,86.362
2003693540,2,86.221,86.221
2003701016,3,86.362,86.362
2003701100,2,86.221,86.221
2003708576,3,86.362,86.362
2003708660,2,86.221,86.221
2003716136,3,86.362,86.362
2003716220,2,86.221,86.221
2003723696,3,86.362,86.362
2003723780,2,86.221,86.221
2003731256,3,86.362,86.362
2003731340,2,86.221,86.221
2003738816,3,86.362,86.362
2003738900,2,86.221,86.221
2003746376,3,86.362,86.362
2003746460,2,86.221,86.221
2003753936,3,86.362,86.362
2003754020,2,86.221,86.221
2003761496,3,86.362,86.362
2003761580,2,86.221,86.221
2003769056,3,86.362,86.362
2003769140,2,86.221,86.221
2003776616,3,86.362,86.362
2003776700,2,86.221,86.221
2003784176,3,86.362,86.362
2003784260,2,86.221,86.221
2003791736,3,86.362,86.362
2003791820,2,86.221,86.221
2003799296,3,86.362,86.362
2003799380,2,86.221,86.221
2003806856,3,86.362,86.362
2003806940,2,86.221,86.221
2003814416,3,86.362,86.362
2003814500,2,86.221,86.221
2003821976,3,86.362,86.362
2003822060,2,86.221,86.221
2003829536,3,86.362,86.362
2003829620,2,86.221,86.221
2003837096,3,86.362,86.362
2003837180,2,86.221,86.221
2003844656,3,86.362,86.362
2003844740,2,86.221,86.221
2003852216,3,86.362,86.362
2003852300,2,86.221,86.221
2003859776,3,86.362,86.362
2003859860,2,86.221,86.221
2003867336,3,86.362,86.362
2003867420,2,86.221,86.221
2003874896,3,86.362,86.362
2003874980,2,86.221,86.221
2003882456,3,86.362,86.362
2003882540,2,86.221,86.221
2003890016,3,86.362,86.362
2003890100,2,86.221,86.221
2003897576,3,86.362,86.362
2003897660,2,86.221,86.221
2003905136,3,86.362,86.362
2003905220,2,86.221,86.221
2003912696,3,86.362,86.362
2003912780,2,86.221,86.221
2003920256,3,86.362,86.362
2003920340,2,86.221,86.221
2003927816,3,86.362,86.362
2003927900,2,86.221,86.221
2003935376,3,86.362,86.362
2003935460,2,86.221,86.221
2003942936,3,86.362,86.362
2003943020,2,86.221,86.221
2003950496,3,86.362,86.362
2003950580,2,86.221,86.221
2003958056,3,86.362,86.362
2003958140,2,86.221,86.221
2003965616,3,86.362,86.362
2003965700,2,86.221,86.221
2003973176,3,86.362,86.362
2003973260,2,86.221,86.221
2003980736,3,86.362,86.362
2003980820,2,86.221,86.221
2003988296,3,86.362,86.362
2003988380,2,86.221,86.221
2003995856,3,86.362,86.362
2003995940,2,86.221,86.221
2004003416,3,86.362,86.362
2004003500,2,86.221,86.221
2004010976,3,86.362,86.362
2004011060,2,86.221,86.221
2004018536,3,86.362,86.362
2004018620,2,86.221,86.221
2004026096,3,86.362,86.362
2004026180,2,86.221,86.221
2004033656,3,86.362,86.362
2004033740,2,86.221,86.221
2004041216,3,86.362,86.362
2004041300,2,86.221,86.221
2004048776,3,86.362,86.362
2004048860,2,86.221,86.221
2004056336,3,86.362,86.362
2004056420,2,86.221,86.221
2004063896,3,86.362,86.362
2004063980,2,86.221,86.221
2004071456,3,86.362,86.362
2004071540,2,86.221,86.221
2004079016,3,86.362,86.362
2004079100,2,86.221,86.221
2004086576,3,86.362,86.362
2004086660,2,86.221,86.221
2004094136,3,86.362,86.362
2004094220,2,86.221,86.221
2004101696,3,86.362,86.362
2004101780,2,86.221,86.221
2004109256,3,86.362,86.362
2004109340,2,86.221,86.221
2004116816,3,86.362,86.362
2004116900,2,86.221,86.221
2004124376,3,86.362,86.362
2004124460,2,86.221,86.221
2004131936,3,86.362,86.362
2004132020,2,86.221,86.221
2004139496,3,86.362,86.362
2004139580,2,86.221,86.221
2004147056,3,86.362,86.362
2004147140,2,86.221,86.221
2004154616,3,86.362,86.362
2004154700,2,86.221,86.221
2004162176,3,86.362,86.362
2004162260,2,86.221,86.221
2004169736,3,86.362,86.362
2004169820,2,86.221,86.221
2004177296,3,86.362,86.362
2004177380,2,86.221,86.221
2004184856,3,86.362,86.362
2004184940,2,86.221,86.221
2004192416,3,86.362,86.362
2004192500,2,86.221,86.221
2004199976,3,86.362,86.362
2004200060,2,86.221,86.221
2004207536,3,86.362,86.362
2004207620,2,86.221,86.221
2004215096,3,86.362,86.362
2004215180,2,86.221,86.221
2004222656,3,86.362,86.362
2004222740,2,86.221,86.221
2004230216,3,86.362,86.362
2004230300,2,86.221,86.221
2004237776,3,86.362,86.362
2004237860,2,86.221,86.221
2004245336,3,86.362,86.362
2004245420,2,86.221,86.221
2004252896,3,86.362,86.362
2004252980,2,86.221,86.221
2004260456,3,86.362,86.362
2004260540,2,86.221,86.221
2004268016,3,86.362,86.362
2004268100,2,86.221,86.221
2004275576,3,86.362,86.362
2004275660,2,86.221,86.221
2004283136,3,86.362,86.362
2004283220,2,86.221,86.221
2004290696,3,86.362,86.362
2004290780,2,86.221,86.221
2004298256,3,86.362,86.362
2004298340,2,86.221,86.221
2004305816,3,86.362,86.362
2004305900,2,86.221,86.221
2004313376,3,86.362,86.362
2004313460,2,86.221,86.221
2004320936,3,86.362,86.362
2004321020,2,86.221,86.221
2004328496,3,86.362,86.362
2004328580,2,86.221,86.221
2004336056,3,86.362,86.362
2004336140,2,86.221,86.221
2004343616,3,86.362,86.362
2004343700,2,86.221,86.221
2004351176,3,86.362,86.362
2004351260,2,86.221,86.221
2004358736,3,86.362,86.362
2004358820,2,86.221,86.221
2004365876,2,86.271,86.221
2004370065,2,86.321,86.271
2004374333,2,86.371,86.321
2004378601,2,86.421,86.371
2004382869,2,86.471,86.421
2004387137,2,86.571,86.471
2004391405,2,86.671,86.571
2004395673,2,86.771,86.671
2004399941,2,86.871,86.771
2004404209,2,86.971,86.871
2004408477,2,87.071,86.971
2004412745,2,87.171,87.071
2004417013,2,87.271,87.171
2004421237,2,87.371,87.271
2004425461,2,87.471,87.371
2004429685,2,87.571,87.471
2004433909,2,87.671,87.571
2004438133,2,87.771,87.671
2004442357,2,87.871,87.771
2004446581,2,87.971,87.871
2004450805,2,88.071,87.971
2004455029,2,88.171,88.071
2004459209,2,88.271,88.171
2004463389,2,88.371,88.271
2004467569,2,88.471,88.371
2004471749,2,88.571,88.471
2004475929,2,88.671,88.571
2004480109,2,88.771,88.671
2004484289,2,88.871,88.771
2004488469,2,88.971,88.871
2004492649,2,89.071,88.971
2004496879,2,89.171,89.071
2004501109,2,89.271,89.171
2004505339,2,89.371,89.271
2004509569,2,89.471,89.371
2004513799,2,89.571,89.471
2004518029,2,89.671,89.571
2004522259,2,89.771,89.671
2004526489,2,89.871,89.771
2004530719,2,89.971,89.871
2004534949,2,90.071,89.971
2004539134,2,90.171,90.071
2004543319,2,90.271,90.171
2004547504,2,90.371,90.271
2004551689,2,90.471,90.371
2004555874,2,90.571,90.471
2004560059,2,90.671,90.571
2004564244,2,90.771,90.671
2004568429,2,90.871,90.771
2004572614,2,90.971,90.871
2004576846,2,91.071,90.971
2004581078,2,91.171,91.071
2004585310,2,91.271,91.171
2004589542,2,91.371,91.271
2004593774,2,91.471,91.371
2004598006,2,91.571,91.471
2004602238,2,91.671,91.571
2004606470,2,91.771,91.671
2004610702,2,91.871,91.771
2004614934,2,91.971,91.871
2004619120,2,92.071,91.971
2004623306,2,92.171,92.071
2004627492,2,92.271,92.171
2004631678,2,92.371,92.271
2004635864,2,92.471,92.371
2004640050,2,92.571,92.471
2004644236,2,92.671,92.571
2004648422,2,92.771,92.671
2004652608,2,92.871,92.771
2004656794,2,92.971,92.871
2004661024,2,93.071,92.971
2004665254,2,93.171,93.071
2004669484,2,93.271,93.171
2004673714,2,93.371,93.271
2004677944,2,93.471,93.371
2004682174,2,93.571,93.471
2004686404,2,93.671,93.571
2004690634,2,93.771,93.671
2004694864,2,93.871,93.771
2004699094,2,93.971,93.871
2004703277,2,94.071,93.971
2004707460,2,94.171,94.071
2004711643,2,94.271,94.171
2004715826,2,94.371,94.271
2004720009,2,94.471,94.371
2004724192,2,94.571,94.471
2004728375,2,94.671,94.571
2004732558,2,94.771,94.671
2004736741,2,94.871,94.771
2004740924,2,94.971,94.871
2004745107,2,95.071,94.971
2004749331,2,95.171,95.071
2004753555,2,95.271,95.171
2004757779,2,95.371,95.271
2004762003,2,95.471,95.371
2004766227,2,95.571,95.471
2004770451,2,95.671,95.571
2004774675,2,95.771,95.671
2004778899,2,95.871,95.771
2004783123,2,95.971,95.871
2004787347,2,96.071,95.971
2004791571,2,96.171,96.071
2004795747,2,96.271,96.171
2004799923,2,96.371,96.271
2004804099,2,96.471,96.371
2004808275,2,96.571,96.471
2004812451,2,96.671,96.571
2004816627,2,96.771,96.671
2004820803,2,96.871,96.771
2004824979,2,96.971,96.871
2004829155,2,97.071,96.971
2004833331,2,97.171,97.071
2004837507,2,97.271,97.171
2004841721,2,97.371,97.271
2004845935,2,97.471,97.371
2004850149,2,97.571,97.471
2004854363,2,97.671,97.571
2004858577,2,97.771,97.671
2004862791,2,97.871,97.771
2004867005,2,97.971,97.871
2004871219,2,98.071,97.971
2004875433,2,98.171,98.071
2004879647,2,98.271,98.171
2004883861,2,98.371,98.271
2004888111,2,98.471,98.371
2004892361,2,98.571,98.471
2004896611,2,98.671,98.571
2004900861,2,98.771,98.671
2004905111,2,98.871,98.771
2004909361,2,98.971,98.871
2004913611,2,99.071,98.971
2004917861,2,99.171,99.071
2004922111,2,99.271,99.171
2004926361,2,99.371,99.271
2004930611,2,99.471,99.371
2004934861,2,99.571,99.471
2004939061,2,99.671,99.571
2004943261,2,99.771,99.671
2004947461,2,99.871,99.771
2004951661,2,99.971,99.871
2004955861,2,100.0,99.971
2004960061,2,100.0,100.0
2004964261,2,100.0,100.0
2004968461,2,100.0,100.0
2004972661,2,100.0,100.0
2004976861,2,100.0,100.0
2004981061,2,100.0,100.0
2004985261,2,100.0,100.0
2004989461,2,100.0,100.0
2004993661,2,100.0,100.0
2004997861,2,100.0,100.0
2005002061,2,100.0,100.0
2005006261,2,100.0,100.0
2005010461,2,100.0,100.0
2005014661,2,100.0,100.0
2005018861,2,100.0,100.0
2005023061,2,100.0,100.0
2005027261,2,100.0,100.0
2005031461,2,100.0,100.0
2005035661,2,100.0,100.0
2005039861,2,100.0,100.0
2005044061,2,100.0,100.0
2005048261,2,100.0,100.0
2005052461,2,100.0,100.0
2005056661,2,100.0,100.0
2005060861,2,100.0,100.0
2005065061,2,100.0,100.0
2005069261,2,100.0,100.0
2005073461,2,100.0,100.0
2005077661,2,100.0,100.0
2005081861,2,100.0,100.0
2005086061,2,100.0,100.0
2005090261,2,100.0,100.0
2005094461,2,100.0,100.0
2005098661,2,100.0,100.0
2005102861,2,100.0,100.0
2005107061,2,100.0,100.0
2005111261,2,100.0,100.0
2005115461,2,100.0,100.0
2005119661,2,100.0,100.0
2005123861,2,100.0,100.0
2005128061,2,100.0,100.0
2005132261,2,100.0,100.0
2005136461,2,100.0,100.0
2005140661,2,100.0,100.0
2005144861,2,100.0,100.0
2005149061,2,100.0,100.0
2005153261,2,100.0,100.0
2005157461,2,100.0,100.0
2005161661,2,100.0,100.0
2005165861,2,100.0,100.0
2005170061,2,100.0,100.0
2005174261,2,100.0,100.0
2005178461,2,100.0,100.0
2005182661,2,100.0,100.0
2005186861,2,100.0,100.0
2005191061,2,100.0,100.0
2005195261,2,100.0,100.0
2005199461,2,100.0,100.0
2005203661,2,100.0,100.0
2005207861,2,100.0,100.0
2005212061,2,100.0,100.0
2005216261,2,100.0,100.0
2005220461,2,100.0,100.0
2005224661,2,100.0,100.0
2005228861,2,100.0,100.0
2005233061,2,100.0,100.0
2005237261,2,100.0,100.0
2005241461,2,100.0,100.0
2005245661,2,100.0,100.0
2005249861,2,100.0,100.0
2005254061,2,100.0,100.0
2005258261,2,100.0,100.0
2005262461,2,100.0,100.0
2005266661,2,100.0,100.0
2005270861,2,100.0,100.0
2005275061,2,100.0,100.0
2005279261,2,100.0,100.0
2005283461,2,100.0,100.0
2005287661,2,100.0,100.0
2005291861,2,100.0,100.0
2005296061,2,100.0,100.0
2005300261,2,100.0,100.0
2005304461,2,100.0,100.0
2005308661,2,100.0,100.0
2005312861,2,100.0,100.0
2005317061,2,100.0,100.0
2005321261,2,100.0,100.0
2005325461,2,100.0,100.0
2005329661,2,100.0,100.0
2005333861,2,100.0,100.0
2005338061,2,100.0,100.0
2005342261,2,100.0,100.0
2005346461,2,100.0,100.0
2005350661,2,100.0,100.0
2005354861,2,100.0,100.0
2005359061,2,100.0,100.0
2005363261,2,100.0,100.0
2005367461,2,100.0,100.0
2005371661,2,100.0,100.0
2005375861,2,100.0,100.0
2005380061,2,100.0,100.0
2005384261,2,100.0,100.0
2005388461,2,100.0,100.0
2005392661,2,100.0,100.0
2005396861,2,100.0,100.0
2005401061,2,100.0,100.0
2005405261,2,100.0,100.0
2005409461,2,100.0,100.0
2005413661,2,100.0,100.0
2005417861,2,100.0,100.0
2005422061,2,100.0,100.0
2005426261,2,100.0,100.0
2005430461,2,100.0,100.0
2005434661,2,100.0,100.0
2005438861,2,100.0,100.0
2005443061,2,100.0,100.0
2005447261,2,100.0,100.0
2005451461,2,100.0,100.0
2005455661,2,100.0,100.0
2005459861,2,100.0,100.0
2005464061,2,100.0,100.0
2005468261,2,100.0,100.0
2005472461,2,100.0,100.0
2005476661,2,100.0,100.0
2005480861,2,100.0,100.0
2005485061,2,100.0,100.0
2005489261,2,100.0,100.0
2005493461,2,100.0,100.0
2005497661,2,100.0,100.0
2005501861,2,100.0,100.0
2005506061,2,100.0,100.0
2005510261,2,100.0,100.0
2005514461,2,100.0,100.0
2005518661,2,100.0,100.0
2005522861,2,100.0,100.0
2005527061,2,100.0,100.0
2005531261,2,100.0,100.0
2005535461,2,100.0,100.0
2005539661,2,100.0,100.0
2005543861,2,100.0,100.0
2005548061,2,100.0,100.0
2005552261,2,100.0,100.0
2005556461,2,100.0,100.0
2005560661,2,100.0,100.0
2005564861,2,100.0,100.0
2005569061,2,100.0,100.0
2005573261,2,100.0,100.0
2005577461,2,100.0,100.0
2005581661,2,100.0,100.0
2005585861,2,100.0,100.0
2005590061,2,100.0,100.0
2005594261,2,100.0,100.0
2005598461,2,100.0,100.0
2005602661,2,100.0,100.0
2005606861,2,100.0,100.0
2005611061,2,100.0,100.0
2005615261,2,100.0,100.0
2005619461,2,100.0,100.0
2005623661,2,100.0,100.0
2005627861,2,100.0,100.0
2005632061,2,100.0,100.0
2005636261,2,100.0,100.0
2005640461,2,100.0,100.0
2005644661,2,100.0,100.0
2005648861,2,100.0,100.0
2005653061,2,100.0,100.0
2005657261,2,100.0,100.0
2005661461,2,100.0,100.0
2005665661,2,100.0,100.0
2005669861,2,100.0,100.0
2005674061,2,100.0,100.0
2005678261,2,100.0,100.0
2005682461,2,100.0,100.0
2005686661,2,100.0,100.0
2005690861,2,100.0,100.0
2005695061,2,100.0,100.0
2005699261,2,100.0,100.0
2005703461,2,100.0,100.0
2005707661,2,100.0,100.0
2005711861,2,100.0,100.0
2005716061,2,100.0,100.0
2005720261,2,100.0,100.0
2005724461,2,100.0,100.0
2005728661,2,100.0,100.0
2005732861,2,100.0,100.0
2005737061,2,100.0,100.0
2005741261,2,100.0,100.0
2005745461,2,100.0,100.0
2005749661,2,100.0,100.0
2005753861,2,100.0,100.0
2005758061,2,100.0,100.0
2005762261,2,100.0,100.0
2005766461,2,100.0,100.0
2005770661,2,100.0,100.0
2005774861,2,100.0,100.0
2005779061,2,100.0,100.0
2005783261,2,100.0,100.0
2005787461,2,100.0,100.0
2005791661,2,100.0,100.0
2005795861,2,100.0,100.0
2005800061,2,100.0,100.0
2005804261,2,100.0,100.0
2005808461,2,100.0,100.0
2005812661,2,100.0,100.0
2005816861,2,100.0,100.0
2005821061,2,100.0,100.0
2005825261,2,100.0,100.0
2005829461,2,100.0,100.0
2005833661,2,100.0,100.0
2005837861,2,100.0,100.0
2005842061,2,100.0,100.0
2005846261,2,100.0,100.0
2005850461,2,100.0,100.0
2005854661,2,100.0,100.0
2005858861,2,100.0,100.0
2005863061,2,100.0,100.0
2005867261,2,100.0,100.0
2005871461,2,100.0,100.0
2005875661,2,100.0,100.0
2005879861,2,100.0,100.0
2005884061,2,100.0,100.0
2005888261,2,100.0,100.0
2005892461,2,100.0,100.0
2005896661,2,100.0,100.0
2005900861,2,100.0,100.0
2005905061,2,100.0,100.0
2005909261,2,100.0,100.0
2005913461,2,100.0,100.0
2005917661,2,100.0,100.0
2005921861,2,100.0,100.0
2005926061,2,100.0,100.0
2005930261,2,100.0,100.0
2005934461,2,100.0,100.0
2005938661,2,100.0,100.0
2005942861,2,100.0,100.0
2005947061,2,100.0,100.0
2005951261,2,100.0,100.0
2005955461,2,100.0,100.0
2005959661,2,100.0,100.0
2005963861,2,100.0,100.0
2005968061,2,100.0,100.0
2005972261,2,100.0,100.0
2005976461,2,100.0,100.0
2005980661,2,100.0,100.0
2005984861,2,100.0,100.0
2005989061,2,100.0,100.0
2005993261,2,100.0,100.0
2005997461,2,100.0,100.0
2006001661,2,100.0,100.0
2006005861,2,100.0,100.0
2006010061,2,100.0,100.0
2006014261,2,100.0,100.0
2006018461,2,100.0,100.0
2006022661,2,100.0,100.0
2006026861,2,100.0,100.0
2006031061,2,100.0,100.0
2006035261,2,100.0,100.0
2006039461,2,100.0,100.0
2006043661,2,100.0,100.0
2006047861,2,100.0,100.0
2006052061,2,100.0,100.0
2006056261,2,100.0,100.0
2006060461,2,100.0,100.0
2006064661,2,100.0,100.0
2006068861,2,100.0,100.0
2006073061,2,100.0,100.0
2006077261,2,100.0,100.0
2006081461,2,100.0,100.0
2006085661,2,100.0,100.0
2006089861,2,100.0,100.0
2006094061,2,100.0,100.0
2006098261,2,100.0,100.0
2006102461,2,100.0,100.0
2006106661,2,100.0,100.0
2006110861,2,100.0,100.0
2006115061,2,100.0,100.0
2006119261,2,100.0,100.0
2006123461,2,100.0,100.0
2006127661,2,100.0,100.0
2006131861,2,100.0,100.0
2006136061,2,100.0,100.0
2006140261,2,100.0,100.0
2006144461,2,100.0,100.0
2006148661,2,100.0,100.0
2006152861,2,100.0,100.0
2006157061,2,100.0,100.0
2006161261,2,100.0,100.0
2006165461,2,100.0,100.0
2006169661,2,100.0,100.0
2006173861,2,100.0,100.0
2006178061,2,100.0,100.0
2006182261,2,100.0,100.0
2006186461,2,100.0,100.0
2006190661,2,100.0,100.0
2006194861,2,100.0,100.0
2006199061,2,100.0,100.0
2006203261,2,100.0,100.0
2006207461,2,100.0,100.0
2006211661,2,100.0,100.0
2006215861,2,100.0,100.0
2006220061,2,100.0,100.0
2006224261,2,100.0,100.0
2006228461,2,100.0,100.0
2006232661,2,100.0,100.0
2006236861,2,100.0,100.0
2006241061,2,100.0,100.0
2006245261,2,100.0,100.0
2006249461,2,100.0,100.0
2006253661,2,100.0,100.0
2006257861,2,100.0,100.0
2006262061,2,100.0,100.0
2006266261,2,100.0,100.0
2006270461,2,100.0,100.0
2006274661,2,100.0,100.0
2006278861,2,100.0,100.0
2006283061,2,100.0,100.0
2006287261,2,100.0,100.0
2006291461,2,100.0,100.0
2006295661,2,100.0,100.0
2006299861,2,100.0,100.0
2006304061,2,100.0,100.0
2006308261,2,100.0,100.0
2006312461,2,100.0,100.0
2006316661,2,100.0,100.0
2006320861,2,100.0,100.0
2006325061,2,100.0,100.0
2006329261,2,100.0,100.0
2006333461,2,100.0,100.0
2006337661,2,100.0,100.0
2006341861,2,100.0,100.0
2006346061,2,100.0,100.0
2006350261,2,100.0,100.0
2006354461,2,100.0,100.0
2006358661,2,100.0,100.0
2006362861,2,100.0,100.0
2006367061,2,100.0,100.0
2006371261,2,100.0,100.0
2006375461,2,100.0,100.0
2006379661,2,100.0,100.0
2006383861,2,100.0,100.0
2006388061,2,100.0,100.0
2006392261,2,100.0,100.0
2006396461,2,100.0,100.0
2006400661,2,100.0,100.0
2006404861,2,100.0,100.0
2006409061,2,100.0,100.0
2006413261,2,100.0,100.0
2006417461,2,100.0,100.0
2006421661,2,100.0,100.0
2006425861,2,100.0,100.0
2006430061,2,100.0,100.0
2006434261,2,100.0,100.0
2006438461,2,100.0,100.0
2006442661,2,100.0,100.0
2006446861,2,100.0,100.0
2006451061,2,100.0,100.0
2006455261,2,100.0,100.0
2006459461,2,100.0,100.0
2006463661,2,100.0,100.0
2006467861,2,100.0,100.0
2006472061,2,100.0,100.0
2006476261,2,100.0,100.0
2006480461,2,100.0,100.0
2006484661,2,100.0,100.0
2006488861,2,100.0,100.0
2006493061,2,100.0,100.0
2006497261,2,100.0,100.0
2006501461,2,100.0,100.0
2006505661,2,100.0,100.0
2006509861,2,100.0,100.0
2006514061,2,100.0,100.0
2006518261,2,100.0,100.0
2006522461,2,100.0,100.0
2006526661,2,100.0,100.0
2006530861,2,100.0,100.0
2006535061,2,100.0,100.0
2006539261,2,100.0,100.0
2006543461,2,100.0,100.0
2006547661,2,100.0,100.0
2006551861,2,100.0,100.0
2006556061,2,100.0,100.0
2006560261,2,100.0,100.0
2006564461,2,100.0,100.0
2006568661,2,100.0,100.0
2006572861,2,100.0,100.0
2006577061,2,100.0,100.0
2006581261,2,100.0,100.0
2006585461,2,100.0,100.0
2006589661,2,100.0,100.0
2006593861,2,100.0,100.0
2006598061,2,100.0,100.0
2006602261,2,100.0,100.0
2006606461,2,100.0,100.0
2006610661,2,100.0,100.0
2006614861,2,100.0,100.0
2006619061,2,100.0,100.0
2006623261,2,100.0,100.0
2006627461,2,100.0,100.0
2006631661,2,100.0,100.0
2006635861,2,100.0,100.0
2006640061,2,100.0,100.0
2006644261,2,100.0,100.0
2006648461,2,100.0,100.0
2006652661,2,100.0,100.0
2006656861,2,100.0,100.0
2006661061,2,100.0,100.0
2006665261,2,100.0,100.0
2006669461,2,100.0,100.0
2006673661,2,100.0,100.0
2006677861,2,100.0,100.0
2006682061,2,100.0,100.0
2006686261,2,100.0,100.0
2006690461,2,100.0,100.0
2006694661,2,100.0,100.0
2006698861,2,100.0,100.0
2006703061,2,100.0,100.0
2006707261,2,100.0,100.0
2006711461,2,100.0,100.0
2006715661,2,100.0,100.0
2006719861,2,100.0,100.0
2006724061,2,100.0,100.0
2006728261,2,100.0,100.0
2006732461,2,100.0,100.0
2006736661,2,100.0,100.0
2006740861,2,100.0,100.0
2006745061,2,100.0,100.0
2006749261,2,100.0,100.0
2006753461,2,100.0,100.0
2006757661,2,100.0,100.0
2006761861,2,100.0,100.0
2006766061,2,100.0,100.0
2006770261,2,100.0,100.0
2006774461,2,100.0,100.0
2006778661,2,100.0,100.0
2006782861,2,100.0,100.0
2006787061,2,100.0,100.0
2006791261,2,100.0,100.0
2006795461,2,100.0,100.0
2006799661,2,100.0,100.0
2006803861,2,100.0,100.0
2006808061,2,100.0,100.0
2006812261,2,100.0,100.0
2006816461,2,100.0,100.0
2006820661,2,100.0,100.0
2006824861,2,100.0,100.0
2006829061,2,100.0,100.0
2006833261,2,100.0,100.0
2006837461,2,100.0,100.0
2006841661,2,100.0,100.0
2006845861,2,100.0,100.0
2006850061,2,100.0,100.0
2006854261,2,100.0,100.0
2006858461,2,100.0,100.0
2006862661,2,100.0,100.0
2006866861,2,100.0,100.0
2006871061,2,100.0,100.0
2006875261,2,100.0,100.0
2006879461,2,100.0,100.0
2006883661,2,100.0,100.0
2006887861,2,100.0,100.0
2006892061,2,100.0,100.0
2006896261,2,100.0,100.0
2006900461,2,100.0,100.0
2006904661,2,100.0,100.0
2006908861,2,100.0,100.0
2006913061,2,100.0,100.0
2006917261,2,100.0,100.0
2006921461,2,100.0,100.0
2006925661,2,100.0,100.0
2006929861,2,100.0,100.0
2006934061,2,100.0,100.0
2006938261,2,100.0,100.0
2006942461,2,100.0,100.0
2006946661,2,100.0,100.0
2006950861,2,100.0,100.0
2006955061,2,100.0,100.0
2006959261,2,100.0,100.0
2006963461,2,100.0,100.0
2006967661,2,100.0,100.0
2006971861,2,100.0,100.0
2006976061,2,100.0,100.0
2006980261,2,100.0,100.0
2006984461,2,100.0,100.0
2006988661,2,100.0,100.0
2006992861,2,100.0,100.0
2006997061,2,100.0,100.0
2007001261,2,100.0,100.0
2007005461,2,100.0,100.0
2007009661,2,100.0,100.0
2007013861,2,100.0,100.0
2007018061,2,100.0,100.0
2007022261,2,100.0,100.0
2007026461,2,100.0,100.0
2007030661,2,100.0,100.0
2007034861,2,100.0,100.0
2007039061,2,100.0,100.0
2007043261,2,100.0,100.0
2007047461,2,100.0,100.0
2007051661,2,100.0,100.0
2007055861,2,100.0,100.0
2007060061,2,100.0,100.0
2007064261,2,100.0,100.0
2007068461,2,100.0,100.0
2007072661,2,100.0,100.0
2007076861,2,100.0,100.0
2007081061,2,100.0,100.0
2007085261,2,100.0,100.0
2007089461,2,100.0,100.0
2007093661,2,100.0,100.0
2007097861,2,100.0,100.0
2007102061,2,100.0,100.0
2007106261,2,100.0,100.0
2007110461,2,100.0,100.0
2007114661,2,100.0,100.0
2007118861,2,100.0,100.0
2007123061,2,100.0,100.0
2007127261,2,100.0,100.0
2007131461,2,100.0,100.0
2007135661,2,100.0,100.0
2007139861,2,100.0,100.0
2007144061,2,100.0,100.0
2007148261,2,100.0,100.0
2007152461,2,100.0,100.0
2007156661,2,100.0,100.0
2007160861,2,100.0,100.0
2007165061,2,100.0,100.0
2007169261,2,100.0,100.0
2007173461,2,100.0,100.0
2007177661,2,100.0,100.0
2007181861,2,100.0,100.0
2007186061,2,100.0,100.0
2007190261,2,100.0,100.0
2007194461,2,100.0,100.0
2007198661,2,100.0,100.0
2007202861,2,100.0,100.0
2007207061,2,100.0,100.0
2007211261,2,100.0,100.0
2007215461,2,100.0,100.0
2007219661,2,100.0,100.0
2007223861,2,100.0,100.0
2007228061,2,100.0,100.0
2007232261,2,100.0,100.0
2007236461,2,100.0,100.0
2007240661,2,100.0,100.0
2007244861,2,100.0,100.0
2007249061,2,100.0,100.0
2007253261,2,100.0,100.0
2007257461,2,100.0,100.0
2007261661,2,100.0,100.0
2007265861,2,100.0,100.0
2007270061,2,100.0,100.0
2007274261,2,100.0,100.0
2007278461,2,100.0,100.0
2007282661,2,100.0,100.0
2007286861,2,100.0,100.0
2007291061,2,100.0,100.0
2007295261,2,100.0,100.0
2007299461,2,100.0,100.0
2007303661,2,100.0,100.0
2007307861,2,100.0,100.0
2007312061,2,100.0,100.0
2007316261,2,100.0,100.0
2007320461,2,100.0,100.0
2007324661,2,100.0,100.0
2007328861,2,100.0,100.0
2007333061,2,100.0,100.0
2007337261,2,100.0,100.0
2007341461,2,100.0,100.0
2007345661,2,100.0,100.0
2007349861,2,100.0,100.0
2007354061,2,100.0,100.0
2007358261,2,100.0,100.0
2007362461,2,100.0,100.0
2007366661,2,100.0,100.0
2007370861,2,100.0,100.0
2007375061,2,100.0,100.0
2007379261,2,100.0,100.0
2007383461,2,100.0,100.0
2007387661,2,100.0,100.0
2007391861,2,100.0,100.0
2007396061,2,100.0,100.0
2007400261,2,100.0,100.0
2007404461,2,100.0,100.0
2007408661,2,100.0,100.0
2007412861,2,100.0,100.0
2007417061,2,100.0,100.0
2007421261,2,100.0,100.0
2007425461,2,100.0,100.0
2007429661,2,100.0,100.0
2007433861,2,100.0,100.0
2007438061,2,100.0,100.0
2007442261,2,100.0,100.0
2007446461,2,100.0,100.0
2007450661,2,100.0,100.0
2007454861,2,100.0,100.0
2007459061,2,100.0,100.0
2007463261,2,100.0,100.0
2007467461,2,100.0,100.0
2007471661,2,100.0,100.0
2007475861,2,100.0,100.0
2007480061,2,100.0,100.0
2007484261,2,100.0,100.0
2007488461,2,100.0,100.0
2007492661,2,100.0,100.0
2007496861,2,100.0,100.0
2007501061,2,100.0,100.0
2007505261,2,100.0,100.0
2007509461,2,100.0,100.0
2007513661,2,100.0,100.0
2007517861,2,100.0,100.0
2007522061,2,100.0,100.0
2007526261,2,100.0,100.0
2007530461,2,100.0,100.0
2007534661,2,100.0,100.0
2007538861,2,100.0,100.0
2007543061,2,100.0,100.0
2007547261,2,100.0,100.0
2007551461,2,100.0,100.0
2007555661,2,100.0,100.0
2007559861,2,100.0,100.0
2007564061,2,100.0,100.0
2007568261,2,100.0,100.0
2007572461,2,100.0,100.0
2007576661,2,100.0,100.0
2007580861,2,100.0,100.0
2007585061,2,100.0,100.0
2007589261,2,100.0,100.0
2007593461,2,100.0,100.0
2007597661,2,100.0,100.0
2007601861,2,100.0,100.0
2007606061,2,100.0,100.0
2007610261,2,100.0,100.0
2007614461,2,100.0,100.0
2007618661,2,100.0,100.0
2007622861,2,100.0,100.0
2007627061,2,100.0,100.0
2007631261,2,100.0,100.0
2007635461,2,100.0,100.0
2007639661,2,100.0,100.0
2007643861,2,100.0,100.0
2007648061,2,100.0,100.0
2007652261,2,100.0,100.0
2007656461,2,100.0,100.0
2007660661,2,100.0,100.0
2007664861,2,100.0,100.0
2007669061,2,100.0,100.0
2007673261,2,100.0,100.0
2007677461,2,100.0,100.0
2007681661,2,100.0,100.0
2007685861,2,100.0,100.0
2007690061,2,100.0,100.0
2007694261,2,100.0,100.0
2007698461,2,100.0,100.0
2007702661,2,100.0,100.0
2007706861,2,100.0,100.0
2007711061,2,100.0,100.0
2007715261,2,100.0,100.0
2007719461,2,100.0,100.0
2007723661,2,100.0,100.0
2007727861,2,100.0,100.0
2007732061,2,100.0,100.0
2007736261,2,100.0,100.0
2007740461,2,100.0,100.0
2007744661,2,100.0,100.0
2007748861,2,100.0,100.0
2007753061,2,100.0,100.0
2007757261,2,100.0,100.0
2007761461,2,100.0,100.0
2007765661,2,100.0,100.0
2007769861,2,100.0,100.0
2007774061,2,100.0,100.0
2007778261,2,100.0,100.0
2007782461,2,100.0,100.0
2007786661,2,100.0,100.0
2007790861,2,100.0,100.0
2007795061,2,100.0,100.0
2007799261,2,100.0,100.0
2007803461,2,100.0,100.0
2007807661,2,100.0,100.0
2007811861,2,100.0,100.0
2007816061,2,100.0,100.0
2007820261,2,100.0,100.0
2007824461,2,100.0,100.0
2007828661,2,100.0,100.0
2007832861,2,100.0,100.0
2007837061,2,100.0,100.0
2007841261,2,100.0,100.0
2007845461,2,100.0,100.0
2007849661,2,100.0,100.0
2007853861,2,100.0,100.0
2007858061,2,100.0,100.0
2007862261,2,100.0,100.0
2007866461,2,100.0,100.0
2007870661,2,100.0,100.0
2007874861,2,100.0,100.0
2007879061,2,100.0,100.0
2007883261,2,100.0,100.0
2007887461,2,100.0,100.0
2007891661,2,100.0,100.0
2007895861,2,100.0,100.0
2007900061,2,100.0,100.0
2007904261,2,100.0,100.0
2007908461,2,100.0,100.0
2007912661,2,100.0,100.0
2007916861,2,100.0,100.0
2007921061,2,100.0,100.0
2007925261,2,100.0,100.0
2007929461,2,100.0,100.0
2007933661,2,100.0,100.0
2007937861,2,100.0,100.0
2007942061,2,100.0,100.0
2007946261,2,100.0,100.0
2007950461,2,100.0,100.0
2007954661,2,100.0,100.0
2007958861,2,100.0,100.0
2007963061,2,100.0,100.0
2007967261,2,100.0,100.0
2007971461,2,100.0,100.0
2007975661,2,100.0,100.0
2007979861,2,100.0,100.0
2007984061,2,100.0,100.0
2007988261,2,100.0,100.0
2007992461,2,100.0,100.0
2007996661,2,100.0,100.0
2008000861,2,100.0,100.0
2008005061,2,100.0,100.0
2008009261,2,100.0,100.0
2008013461,2,100.0,100.0
2008017661,2,100.0,100.0
2008021861,2,100.0,100.0
2008026061,2,100.0,100.0
2008030261,2,100.0,100.0
2008034461,2,100.0,100.0
2008038661,2,100.0,100.0
2008042861,2,100.0,100.0
2008047061,2,100.0,100.0
2008051261,2,100.0,100.0
2008055461,2,100.0,100.0
2008059661,2,100.0,100.0
2008063861,2,100.0,100.0
2008068061,2,100.0,100.0
2008072261,2,100.0,100.0
2008076461,2,100.0,100.0
2008080661,2,100.0,100.0
2008084861,2,100.0,100.0
2008089061,2,100.0,100.0
2008093261,2,100.0,100.0
2008097461,2,100.0,100.0
2008101661,2,100.0,100.0
2008105861,2,100.0,100.0
2008110061,2,100.0,100.0
2008114261,2,100.0,100.0
2008118461,2,100.0,100.0
2008122661,2,100.0,100.0
2008126861,2,100.0,100.0
2008131061,2,100.0,100.0
2008135261,2,100.0,100.0
2008139461,2,100.0,100.0
2008143661,2,100.0,100.0
2008147861,2,100.0,100.0
2008152061,2,100.0,100.0
2008156261,2,100.0,100.0
2008160461,2,100.0,100.0
2008164661,2,100.0,100.0
2008168861,2,100.0,100.0
2008173061,2,100.0,100.0
2008177261,2,100.0,100.0
2008181461,2,100.0,100.0
2008185661,2,100.0,100.0
2008189861,2,100.0,100.0
2008194061,2,100.0,100.0
2008198261,2,100.0,100.0
2008202461,2,100.0,100.0
2008206661,2,100.0,100.0
2008210861,2,100.0,100.0
2008215061,2,100.0,100.0
2008219261,2,100.0,100.0
2008223461,2,100.0,100.0
2008227661,2,100.0,100.0
2008231861,2,100.0,100.0
2008236061,2,100.0,100.0
2008240261,2,100.0,100.0
2008244461,2,100.0,100.0
2008248661,2,100.0,100.0
2008252861,2,100.0,100.0
2008257061,2,100.0,100.0
2008261261,2,100.0,100.0
2008265461,2,100.0,100.0
2008269661,2,100.0,100.0
2008273861,2,100.0,100.0
2008278061,2,100.0,100.0
2008282261,2,100.0,100.0
2008286461,2,100.0,100.0
2008290661,2,100.0,100.0
2008294861,2,100.0,100.0
2008299061,2,100.0,100.0
2008303261,2,100.0,100.0
2008307461,2,100.0,100.0
2008311661,2,100.0,100.0
2008315861,2,100.0,100.0
2008320061,2,100.0,100.0
2008324261,2,100.0,100.0
2008328461,2,100.0,100.0
2008332661,2,100.0,100.0
2008336861,2,100.0,100.0
2008341061,2,100.0,100.0
2008345261,2,100.0,100.0
2008349461,2,100.0,100.0
2008353661,2,100.0,100.0
2008357861,2,100.0,100.0
2008362061,2,100.0,100.0
2008366261,2,100.0,100.0
2008370461,2,100.0,100.0
2008374661,2,100.0,100.0
2008378861,2,100.0,100.0
2008383061,2,100.0,100.0
2008387261,2,100.0,100.0
2008391461,2,100.0,100.0
2008395661,2,100.0,100.0
2008399861,2,100.0,100.0
2008404061,2,100.0,100.0
2008408261,2,100.0,100.0
2008412461,2,100.0,100.0
2008416661,2,100.0,100.0
2008420861,2,100.0,100.0
2008425061,2,100.0,100.0
2008429261,2,100.0,100.0
2008433461,2,100.0,100.0
2008437661,2,100.0,100.0
2008441861,2,100.0,100.0
2008446061,2,100.0,100.0
2008450261,2,100.0,100.0
2008454461,2,100.0,100.0
2008458661,2,100.0,100.0
2008462861,2,100.0,100.0
2008467061,2,100.0,100.0
2008471261,2,100.0,100.0
2008475461,2,100.0,100.0
2008479661,2,100.0,100.0
2008483861,2,100.0,100.0
2008488061,2,100.0,100.0
2008492261,2,100.0,100.0
2008496461,2,100.0,100.0
2008500661,2,100.0,100.0
2008504861,2,100.0,100.0
2008509061,2,100.0,100.0
2008513261,2,100.0,100.0
2008517461,2,100.0,100.0
2008521661,2,100.0,100.0
2008525861,2,100.0,100.0
2008530061,2,100.0,100.0
2008534261,2,100.0,100.0
2008538461,2,100.0,100.0
2008542661,2,100.0,100.0
2008546861,2,100.0,100.0
2008551061,2,100.0,100.0
2008555261,2,100.0,100.0
2008559461,2,100.0,100.0
2008563661,2,100.0,100.0
2008567861,2,100.0,100.0
2008572061,2,100.0,100.0
2008576261,2,100.0,100.0
2008580461,2,100.0,100.0
2008584661,2,100.0,100.0
2008588861,2,100.0,100.0
2008593061,2,100.0,100.0
2008597261,2,100.0,100.0
2008601461,2,100.0,100.0
2008605661,2,100.0,100.0
2008609861,2,100.0,100.0
2008614061,2,100.0,100.0
2008618261,2,100.0,100.0
2008622461,2,100.0,100.0
2008626661,2,100.0,100.0
2008630861,2,100.0,100.0
2008635061,2,100.0,100.0
2008639261,2,100.0,100.0
2008643461,2,100.0,100.0
2008647661,2,100.0,100.0
2008651861,2,100.0,100.0
2008656061,2,100.0,100.0
2008660261,2,100.0,100.0
2008664461,2,100.0,100.0
2008668661,2,100.0,100.0
2008672861,2,100.0,100.0
2008677061,2,100.0,100.0
2008681261,2,100.0,100.0
2008685461,2,100.0,100.0
2008689661,2,100.0,100.0
2008693861,2,100.0,100.0
2008698061,2,100.0,100.0
2008702261,2,100.0,100.0
2008706461,2,100.0,100.0
2008710661,2,100.0,100.0
2008714861,2,100.0,100.0
2008719061,2,100.0,100.0
2008723261,2,100.0,100.0
2008727461,2,100.0,100.0
2008731661,2,100.0,100.0
2008735861,2,100.0,100.0
2008740061,2,100.0,100.0
2008744261,2,100.0,100.0
2008748461,2,100.0,100.0
2008752661,2,100.0,100.0
2008756861,2,100.0,100.0
2008761061,2,100.0,100.0
2008765261,2,100.0,100.0
2008769461,2,100.0,100.0
2008773661,2,100.0,100.0
2008777861,2,100.0,100.0
2008782061,2,100.0,100.0
2008786261,2,100.0,100.0
2008790461,2,100.0,100.0
2008794661,2,100.0,100.0
2008798861,2,100.0,100.0
2008803061,2,100.0,100.0
2008807261,2,100.0,100.0
2008811461,2,100.0,100.0
2008815661,2,100.0,100.0
2008819861,2,100.0,100.0
2008824061,2,100.0,100.0
2008828261,2,100.0,100.0
2008832461,2,100.0,100.0
2008836661,2,100.0,100.0
2008840861,2,100.0,100.0
2008845061,2,100.0,100.0
2008849261,2,100.0,100.0
2008853461,2,100.0,100.0
2008857661,2,100.0,100.0
2008861861,2,100.0,100.0
2008866061,2,100.0,100.0
2008870261,2,100.0,100.0
2008874461,2,100.0,100.0
2008878661,2,100.0,100.0
2008882861,2,100.0,100.0
2008887061,2,100.0,100.0
2008891261,2,100.0,100.0
2008895461,2,100.0,100.0
2008899661,2,100.0,100.0
2008903861,2,100.0,100.0
2008908061,2,100.0,100.0
2008912261,2,100.0,100.0
2008916461,2,100.0,100.0
2008920661,2,100.0,100.0
2008924861,2,100.0,100.0
2008929061,2,100.0,100.0
2008933261,2,100.0,100.0
2008937461,2,100.0,100.0
2008941661,2,100.0,100.0
2008945861,2,100.0,100.0
2008950061,2,100.0,100.0
2008954261,2,100.0,100.0
2008958461,2,100.0,100.0
2008962661,2,100.0,100.0
2008966861,2,100.0,100.0
2008971061,2,100.0,100.0
2008975261,2,100.0,100.0
2008979461,2,100.0,100.0
2008983661,2,100.0,100.0
2008987861,2,100.0,100.0
2008992061,2,100.0,100.0
2008996261,2,100.0,100.0
2009000461,2,100.0,100.0
2009004661,2,100.0,100.0
2009008861,2,100.0,100.0
2009013061,2,100.0,100.0
2009017261,2,100.0,100.0
2009021461,2,100.0,100.0
2009025661,2,100.0,100.0
2009029861,2,100.0,100.0
2009034061,2,100.0,100.0
2009038261,2,100.0,100.0
2009042461,2,100.0,100.0
2009046661,2,100.0,100.0
2009050861,2,100.0,100.0
2009055061,2,100.0,100.0
2009059261,2,100.0,100.0
2009063461,2,100.0,100.0
2009067661,2,100.0,100.0
2009071861,2,100.0,100.0
2009076061,2,100.0,100.0
2009080261,2,100.0,100.0
2009084461,2,100.0,100.0
2009088661,2,100.0,100.0
2009092861,2,100.0,100.0
2009097061,2,100.0,100.0
2009101261,2,100.0,100.0
2009105461,2,100.0,100.0
2009109661,2,100.0,100.0
2009113861,2,100.0,100.0
2009118061,2,100.0,100.0
2009122261,2,100.0,100.0
2009126461,2,100.0,100.0
2009130661,2,100.0,100.0
2009134861,2,100.0,100.0
2009139061,2,100.0,100.0
2009143261,2,100.0,100.0
2009147461,2,100.0,100.0
2009151661,2,100.0,100.0
2009155861,2,100.0,100.0
2009160061,2,100.0,100.0
2009164261,2,100.0,100.0
2009168461,2,100.0,100.0
2009172661,2,100.0,100.0
2009176861,2,100.0,100.0
2009181061,2,100.0,100.0
2009185261,2,100.0,100.0
2009189461,2,100.0,100.0
2009193661,2,100.0,100.0
2009197861,2,100.0,100.0
2009202061,2,100.0,100.0
2009206261,2,100.0,100.0
2009210461,2,100.0,100.0
2009214661,2,100.0,100.0
2009218861,2,100.0,100.0
2009223061,2,100.0,100.0
2009227261,2,100.0,100.0
2009231461,2,100.0,100.0
2009235661,2,100.0,100.0
2009239861,2,100.0,100.0
2009244061,2,100.0,100.0
2009248261,2,100.0,100.0
2009252461,2,100.0,100.0
2009256661,2,100.0,100.0
2009260861,2,100.0,100.0
2009265061,2,100.0,100.0
2009269261,2,100.0,100.0
2009273461,2,100.0,100.0
2009277661,2,100.0,100.0
2009281861,2,100.0,100.0
2009286061,2,100.0,100.0
2009290261,2,100.0,100.0
2009294461,2,100.0,100.0
2009298661,2,100.0,100.0
2009302861,2,100.0,100.0
2009307061,2,100.0,100.0
2009311261,2,100.0,100.0
2009315461,2,100.0,100.0
2009319661,2,100.0,100.0
2009323861,2,100.0,100.0
2009328061,2,100.0,100.0
2009332261,2,100.0,100.0
2009336461,2,100.0,100.0
2009340661,2,100.0,100.0
2009344861,2,100.0,100.0
2009349061,2,100.0,100.0
2009353261,2,100.0,100.0
2009357461,2,100.0,100.0
2009361661,2,100.0,100.0
2009365861,2,100.0,100.0
2009370061,2,100.0,100.0
2009374261,2,100.0,100.0
2009378461,2,100.0,100.0
2009382661,2,100.0,100.0
2009386861,2,100.0,100.0
2009391061,2,100.0,100.0
2009395261,2,100.0,100.0
2009399461,2,100.0,100.0
2009403661,2,100.0,100.0
2009407861,2,100.0,100.0
2009412061,2,100.0,100.0
2009416261,2,100.0,100.0
2009420461,2,100.0,100.0
2009424661,2,100.0,100.0
2009428861,2,100.0,100.0
2009433061,2,100.0,100.0
2009437261,2,100.0,100.0
2009441461,2,100.0,100.0
2009445661,2,100.0,100.0
2009449861,2,100.0,100.0
2009454061,2,100.0,100.0
2009458261,2,100.0,100.0
2009462461,2,100.0,100.0
2009466661,2,100.0,100.0
2009470861,2,100.0,100.0
2009475061,2,100.0,100.0
2009479261,2,100.0,100.0
2009483461,2,100.0,100.0
2009487661,2,100.0,100.0
2009491861,2,100.0,100.0
2009496061,2,100.0,100.0
2009500261,2,100.0,100.0
2009504461,2,100.0,100.0
2009508661,2,100.0,100.0
2009512861,2,100.0,100.0
2009517061,2,100.0,100.0
2009521261,2,100.0,100.0
2009525461,2,100.0,100.0
2009529661,2,100.0,100.0
2009533861,2,100.0,100.0
2009538061,2,100.0,100.0
2009542261,2,100.0,100.0
2009546461,2,100.0,100.0
2009550661,2,100.0,100.0
2009554861,2,100.0,100.0
2009559061,2,100.0,100.0
2009563261,2,100.0,100.0
2009567461,2,100.0,100.0
2009571661,2,100.0,100.0
2009575861,2,100.0,100.0
2009580061,2,100.0,100.0
2009584261,2,100.0,100.0
2009588461,2,100.0,100.0
2009592661,2,100.0,100.0
2009596861,2,100.0,100.0
2009601061,2,100.0,100.0
2009605261,2,100.0,100.0
2009609461,2,100.0,100.0
2009613661,2,100.0,100.0
2009617861,2,100.0,100.0
2009622061,2,100.0,100.0
2009626261,2,100.0,100.0
2009630461,2,100.0,100.0
2009634661,2,100.0,100.0
2009638861,2,100.0,100.0
2009643061,2,100.0,100.0
2009647261,2,100.0,100.0
2009651461,2,100.0,100.0
2009655661,2,100.0,100.0
2009659861,2,100.0,100.0
2009664061,2,100.0,100.0
2009668261,2,100.0,100.0
2009672461,2,100.0,100.0
2009676661,2,100.0,100.0
2009680861,2,100.0,100.0
2009685061,2,100.0,100.0
2009689261,2,100.0,100.0
2009693461,2,100.0,100.0
2009697661,2,100.0,100.0
2009701861,2,100.0,100.0
2009706061,2,100.0,100.0
2009710261,2,100.0,100.0
2009714461,2,100.0,100.0
2009718661,2,100.0,100.0
2009722861,2,100.0,100.0
2009727061,2,100.0,100.0
2009731261,2,100.0,100.0
2009735461,2,100.0,100.0
2009739661,2,100.0,100.0
2009743861,2,100.0,100.0
2009748061,2,100.0,100.0
2009752261,2,100.0,100.0
2009756461,2,100.0,100.0
2009760661,2,100.0,100.0
2009764861,2,100.0,100.0
2009769061,2,100.0,100.0
2009773261,2,100.0,100.0
2009777461,2,100.0,100.0
2009781661,2,100.0,100.0
2009785861,2,100.0,100.0
2009790061,2,100.0,100.0
2009794261,2,100.0,100.0
2009798461,2,100.0,100.0
2009802661,2,100.0,100.0
2009806861,2,100.0,100.0
2009811061,2,100.0,100.0
2009815261,2,100.0,100.0
2009819461,2,100.0,100.0
2009823661,2,100.0,100.0
2009827861,2,100.0,100.0
2009832061,2,100.0,100.0
2009836261,2,100.0,100.0
2009840461,2,100.0,100.0
2009844661,2,100.0,100.0
2009848861,2,100.0,100.0
2009853061,2,100.0,100.0
2009857261,2,100.0,100.0
2009861461,2,100.0,100.0
2009865661,2,100.0,100.0
2009869861,2,100.0,100.0
2009874061,2,100.0,100.0
2009878261,2,100.0,100.0
2009882461,2,100.0,100.0
2009886661,2,100.0,100.0
2009890861,2,100.0,100.0
2009895061,2,100.0,100.0
2009899261,2,100.0,100.0
2009903461,2,100.0,100.0
2009907661,2,100.0,100.0
2009911861,2,100.0,100.0
2009916061,2,100.0,100.0
2009920261,2,100.0,100.0
2009924461,2,100.0,100.0
2009928661,2,100.0,100.0
2009932861,2,100.0,100.0
2009937061,2,100.0,100.0
2009941261,2,100.0,100.0
2009945461,2,100.0,100.0
2009949661,2,100.0,100.0
2009953861,2,100.0,100.0
2009958061,2,100.0,100.0
2009962261,2,100.0,100.0
2009966461,2,100.0,100.0
2009970661,2,100.0,100.0
2009974861,2,100.0,100.0
2009979061,2,100.0,100.0
2009983261,2,100.0,100.0
2009987461,2,100.0,100.0
2009991661,2,100.0,100.0
2009995861,2,100.0,100.0
2010000061,2,100.0,100.0
2010004261,2,100.0,100.0
2010008461,2,100.0,100.0
2010012661,2,100.0,100.0
2010016861,2,100.0,100.0
2010021061,2,100.0,100.0
2010025261,2,100.0,100.0
2010029461,2,100.0,100.0
2010033661,2,100.0,100.0
2010037861,2,100.0,100.0
2010042061,2,100.0,100.0
2010046261,2,100.0,100.0
2010050461,2,100.0,100.0
2010054661,2,100.0,100.0
2010058861,2,100.0,100.0
2010063061,2,100.0,100.0
2010067261,2,100.0,100.0
2010071461,2,100.0,100.0
2010075661,2,100.0,100.0
2010079861,2,100.0,100.0
2010084061,2,100.0,100.0
2010088261,2,100.0,100.0
2010092461,2,100.0,100.0
2010096661,2,100.0,100.0
2010100861,2,100.0,100.0
2010105061,2,100.0,100.0
2010109261,2,100.0,100.0
2010113461,2,100.0,100.0
2010117661,2,100.0,100.0
2010121861,2,100.0,100.0
2010126061,2,100.0,100.0
2010130261,2,100.0,100.0
2010134461,2,100.0,100.0
2010138661,2,100.0,100.0
2010142861,2,100.0,100.0
2010147061,2,100.0,100.0
2010151261,2,100.0,100.0
2010155461,2,100.0,100.0
2010159661,2,100.0,100.0
2010163861,2,100.0,100.0
2010168061,2,100.0,100.0
2010172261,2,100.0,100.0
2010176461,2,100.0,100.0
2010180661,2,100.0,100.0
2010184861,2,100.0,100.0
2010189061,2,100.0,100.0
2010193261,2,100.0,100.0
2010197461,2,100.0,100.0
2010201661,2,100.0,100.0
2010205861,2,100.0,100.0
2010210061,2,100.0,100.0
2010214261,2,100.0,100.0
2010218461,2,100.0,100.0
2010222661,2,100.0,100.0
2010226861,2,100.0,100.0
2010231061,2,100.0,100.0
2010235261,2,100.0,100.0
2010239461,2,100.0,100.0
2010243661,2,100.0,100.0
2010247861,2,100.0,100.0
2010252061,2,100.0,100.0
2010256261,2,100.0,100.0
2010260461,2,100.0,100.0
2010264661,2,100.0,100.0
2010268861,2,100.0,100.0
2010273061,2,100.0,100.0
2010277261,2,100.0,100.0
2010281461,2,100.0,100.0
2010285661,2,100.0,100.0
2010289861,2,100.0,100.0
2010294061,2,100.0,100.0
2010298261,2,100.0,100.0
2010302461,2,100.0,100.0
2010306661,2,100.0,100.0
2010310861,2,100.0,100.0
2010315061,2,100.0,100.0
2010319261,2,100.0,100.0
2010323461,2,100.0,100.0
2010327661,2,100.0,100.0
2010331861,2,100.0,100.0
2010336061,2,100.0,100.0
2010340261,2,100.0,100.0
2010344461,2,100.0,100.0
2010348661,2,100.0,100.0
2010352861,2,100.0,100.0
2010357061,2,100.0,100.0
2010361261,2,100.0,100.0
2010365461,2,100.0,100.0
2010369661,2,100.0,100.0
2010373861,2,100.0,100.0
2010378061,2,100.0,100.0
2010382261,2,100.0,100.0
2010386461,2,100.0,100.0
2010390661,2,100.0,100.0
2010394861,2,100.0,100.0
2010399061,2,100.0,100.0
2010403261,2,100.0,100.0
2010407461,2,100.0,100.0
2010411661,2,100.0,100.0
2010415861,2,100.0,100.0
2010420061,2,100.0,100.0
2010424261,2,100.0,100.0
2010428461,2,100.0,100.0
2010432661,2,100.0,100.0
2010436861,2,100.0,100.0
2010441061,2,100.0,100.0
2010445261,2,100.0,100.0
2010449461,2,100.0,100.0
2010453661,2,100.0,100.0
2010457861,2,100.0,100.0
2010462061,2,100.0,100.0
2010466261,2,100.0,100.0
2010470461,2,100.0,100.0
2010474661,2,100.0,100.0
2010478861,2,100.0,100.0
2010483061,2,100.0,100.0
2010487261,2,100.0,100.0
2010491461,2,100.0,100.0
2010495661,2,100.0,100.0
2010499861,2,100.0,100.0
2010504061,2,100.0,100.0
2010508261,2,100.0,100.0
2010512461,2,100.0,100.0
2010516661,2,100.0,100.0
2010520861,2,100.0,100.0
2010525061,2,100.0,100.0
2010529261,2,100.0,100.0
2010533461,2,100.0,100.0
2010537661,2,100.0,100.0
2010541861,2,100.0,100.0
2010546061,2,100.0,100.0
2010550261,2,100.0,100.0
2010554461,2,100.0,100.0
2010558661,2,100.0,100.0
2010562861,2,100.0,100.0
2010567061,2,100.0,100.0
2010571261,2,100.0,100.0
2010575461,2,100.0,100.0
2010579661,2,100.0,100.0
2010583861,2,100.0,100.0
2010588061,2,100.0,100.0
2010592261,2,100.0,100.0
2010596461,2,100.0,100.0
2010600661,2,100.0,100.0
2010604861,2,100.0,100.0
2010609061,2,100.0,100.0
2010613261,2,100.0,100.0
2010617461,2,100.0,100.0
2010621661,2,100.0,100.0
2010625861,2,100.0,100.0
2010630061,2,100.0,100.0
2010634261,2,100.0,100.0
2010638461,2,100.0,100.0
2010642661,2,100.0,100.0
2010646861,2,100.0,100.0
2010651061,2,100.0,100.0
2010655261,2,100.0,100.0
2010659461,2,100.0,100.0
2010663661,2,100.0,100.0
2010667861,2,100.0,100.0
2010672061,2,100.0,100.0
2010676261,2,100.0,100.0
2010680461,2,100.0,100.0
2010684661,2,100.0,100.0
2010688861,2,100.0,100.0
2010693061,2,100.0,100.0
2010697261,2,100.0,100.0
2010701461,2,100.0,100.0
2010705661,2,100.0,100.0
2010709861,2,100.0,100.0
2010714061,2,100.0,100.0
2010718261,2,100.0,100.0
2010722461,2,100.0,100.0
2010726661,2,100.0,100.0
2010730861,2,100.0,100.0
2010735061,2,100.0,100.0
2010739261,2,100.0,100.0
2010743461,2,100.0,100.0
2010747661,2,100.0,100.0
2010751861,2,100.0,100.0
2010756061,2,100.0,100.0
2010760261,2,100.0,100.0
2010764461,2,100.0,100.0
2010768661,2,100.0,100.0
2010772861,2,100.0,100.0
2010777061,2,100.0,100.0
2010781261,2,100.0,100.0
2010785461,2,100.0,100.0
2010789661,2,100.0,100.0
2010793861,2,100.0,100.0
2010798061,2,100.0,100.0
2010802261,2,100.0,100.0
2010806461,2,100.0,100.0
2010810661,2,100.0,100.0
2010814861,2,100.0,100.0
2010819061,2,100.0,100.0
2010823261,2,100.0,100.0
2010827461,2,100.0,100.0
2010831661,2,100.0,100.0
2010835861,2,100.0,100.0
2010840061,2,100.0,100.0
2010844261,2,100.0,100.0
2010848461,2,100.0,100.0
2010852661,2,100.0,100.0
2010856861,2,100.0,100.0
2010861061,2,100.0,100.0
2010865261,2,100.0,100.0
2010869461,2,100.0,100.0
2010873661,2,100.0,100.0
2010877861,2,100.0,100.0
2010882061,2,100.0,100.0
2010886261,2,100.0,100.0
2010890461,2,100.0,100.0
2010894661,2,100.0,100.0
2010898861,2,100.0,100.0
2010903061,2,100.0,100.0
2010907261,2,100.0,100.0
2010911461,2,100.0,100.0
2010915661,2,100.0,100.0
2010919861,2,100.0,100.0
2010924061,2,100.0,100.0
2010928261,2,100.0,100.0
2010932461,2,100.0,100.0
2010936661,2,100.0,100.0
2010940861,2,100.0,100.0
2010945061,2,100.0,100.0
2010949261,2,100.0,100.0
2010953461,2,100.0,100.0
2010957661,2,100.0,100.0
2010961861,2,100.0,100.0
2010966061,2,100.0,100.0
2010970261,2,100.0,100.0
2010974461,2,100.0,100.0
2010978661,2,100.0,100.0
2010982861,2,100.0,100.0
2010987061,2,100.0,100.0
2010991261,2,100.0,100.0
2010995461,2,100.0,100.0
2010999661,2,100.0,100.0
2011003861,2,100.0,100.0
2011008061,2,100.0,100.0
2011012261,2,100.0,100.0
2011016461,2,100.0,100.0
2011020661,2,100.0,100.0
2011024861,2,100.0,100.0
2011029061,2,100.0,100.0
2011033261,2,100.0,100.0
2011037461,2,100.0,100.0
2011041661,2,100.0,100.0
2011045861,2,100.0,100.0
2011050061,2,100.0,100.0
2011054261,2,100.0,100.0
2011058461,2,100.0,100.0
2011062661,2,100.0,100.0
2011066861,2,100.0,100.0
2011071061,2,100.0,100.0
2011075261,2,100.0,100.0
2011079461,2,100.0,100.0
2011083661,2,100.0,100.0
2011087861,2,100.0,100.0
2011092061,2,100.0,100.0
2011096261,2,100.0,100.0
2011100461,2,100.0,100.0
2011104661,2,100.0,100.0
2011108861,2,100.0,100.0
2011113061,2,100.0,100.0
2011117261,2,100.0,100.0
2011121461,2,100.0,100.0
2011125661,2,100.0,100.0
2011129861,2,100.0,100.0
2011134061,2,100.0,100.0
2011138261,2,100.0,100.0
2011142461,2,100.0,100.0
2011146661,2,100.0,100.0
2011150861,2,100.0,100.0
2011155061,2,100.0,100.0
2011159261,2,100.0,100.0
2011163461,2,100.0,100.0
2011167661,2,100.0,100.0
2011171861,2,100.0,100.0
2011176061,2,100.0,100.0
2011180261,2,100.0,100.0
2011184461,2,100.0,100.0
2011188661,2,100.0,100.0
2011192861,2,100.0,100.0
2011197061,2,100.0,100.0
2011201261,2,100.0,100.0
2011205461,2,100.0,100.0
2011209661,2,100.0,100.0
2011213861,2,100.0,100.0
2011218061,2,100.0,100.0
2011222261,2,100.0,100.0
2011226461,2,100.0,100.0
2011230661,2,100.0,100.0
2011234861,2,100.0,100.0
2011239061,2,100.0,100.0
2011243261,2,100.0,100.0
2011247461,2,100.0,100.0
2011251661,2,100.0,100.0
2011255861,2,100.0,100.0
2011260061,2,100.0,100.0
2011264261,2,100.0,100.0
2011268461,2,100.0,100.0
2011272661,2,100.0,100.0
2011276861,2,100.0,100.0
2011281061,2,100.0,100.0
2011285261,2,100.0,100.0
2011289461,2,100.0,100.0
2011293661,2,100.0,100.0
2011297861,2,100.0,100.0
2011302061,2,100.0,100.0
2011306261,2,100.0,100.0
2011310461,2,100.0,100.0
2011314661,2,100.0,100.0
2011318861,2,100.0,100.0
2011323061,2,100.0,100.0
2011327261,2,100.0,100.0
2011331461,2,100.0,100.0
2011335661,2,100.0,100.0
2011339861,2,100.0,100.0
2011344061,2,100.0,100.0
2011348261,2,100.0,100.0
2011352461,2,100.0,100.0
2011356661,2,100.0,100.0
2011360861,2,100.0,100.0
2011365061,2,100.0,100.0
2011369261,2,100.0,100.0
2011373461,2,100.0,100.0
2011377661,2,100.0,100.0
2011381861,2,100.0,100.0
2011386061,2,100.0,100.0
2011390261,2,100.0,100.0
2011394461,2,100.0,100.0
2011398661,2,100.0,100.0
2011402861,2,100.0,100.0
2011407061,2,100.0,100.0
2011411261,2,100.0,100.0
2011415461,2,100.0,100.0
2011419661,2,100.0,100.0
2011423861,2,100.0,100.0
2011428061,2,100.0,100.0
2011432261,2,100.0,100.0
2011436461,2,100.0,100.0
2011440661,2,100.0,100.0
2011444861,2,100.0,100.0
2011449061,2,100.0,100.0
2011453261,2,100.0,100.0
2011457461,2,100.0,100.0
2011461661,2,100.0,100.0
2011465861,2,100.0,100.0
2011470061,2,100.0,100.0
2011474261,2,100.0,100.0
2011478461,2,100.0,100.0
2011482661,2,100.0,100.0
2011486861,2,100.0,100.0
2011491061,2,100.0,100.0
2011495261,2,100.0,100.0
2011499461,2,100.0,100.0
2011503661,2,100.0,100.0
2011507861,2,100.0,100.0
2011512061,2,100.0,100.0
2011516261,2,100.0,100.0
2011520461,2,100.0,100.0
2011524661,2,100.0,100.0
2011528861,2,100.0,100.0
2011533061,2,100.0,100.0
2011537261,2,100.0,100.0
2011541461,2,100.0,100.0
2011545661,2,100.0,100.0
2011549861,2,100.0,100.0
2011554061,2,100.0,100.0
2011558261,2,100.0,100.0
2011562461,2,100.0,100.0
2011566661,2,100.0,100.0
2011570861,2,100.0,100.0
2011575061,2,100.0,100.0
2011579261,2,100.0,100.0
2011583461,2,100.0,100.0
2011587661,2,100.0,100.0
2011591861,2,100.0,100.0
2011596061,2,100.0,100.0
2011600261,2,100.0,100.0
2011604461,2,100.0,100.0
2011608661,2,100.0,100.0
2011612861,2,100.0,100.0
2011617061,2,100.0,100.0
2011621261,2,100.0,100.0
2011625461,2,100.0,100.0
2011629661,2,100.0,100.0
2011633861,2,100.0,100.0
2011638061,2,100.0,100.0
2011642261,2,100.0,100.0
2011646461,2,100.0,100.0
2011650661,2,100.0,100.0
2011654861,2,100.0,100.0
2011659061,2,100.0,100.0
2011663261,2,100.0,100.0
2011667461,2,100.0,100.0
2011671661,2,100.0,100.0
2011675861,2,100.0,100.0
2011680061,2,100.0,100.0
2011684261,2,100.0,100.0
2011688461,2,100.0,100.0
2011692661,2,100.0,100.0
2011696861,2,100.0,100.0
2011701061,2,100.0,100.0
2011705261,2,100.0,100.0
2011709461,2,100.0,100.0
2011713661,2,100.0,100.0
2011717861,2,100.0,100.0
2011722061,2,100.0,100.0
2011726261,2,100.0,100.0
2011730461,2,100.0,100.0
2011734661,2,100.0,100.0
2011738861,2,100.0,100.0
2011743061,2,100.0,100.0
2011747261,2,100.0,100.0
2011751461,2,100.0,100.0
2011755661,2,100.0,100.0
2011759861,2,100.0,100.0
2011764061,2,100.0,100.0
2011768261,2,100.0,100.0
2011772461,2,100.0,100.0
2011776661,2,100.0,100.0
2011780861,2,100.0,100.0
2011785061,2,100.0,100.0
2011789261,2,100.0,100.0
2011793461,2,100.0,100.0
2011797661,2,100.0,100.0
2011801861,2,100.0,100.0
2011806061,2,100.0,100.0
2011810261,2,100.0,100.0
2011814461,2,100.0,100.0
2011818661,2,100.0,100.0
2011822861,2,100.0,100.0
2011827061,2,100.0,100.0
2011831261,2,100.0,100.0
2011835461,2,100.0,100.0
2011839661,2,100.0,100.0
2011843861,2,100.0,100.0
2011848061,2,100.0,100.0
2011852261,2,100.0,100.0
2011856461,2,100.0,100.0
2011860661,2,100.0,100.0
2011864861,2,100.0,100.0
2011869061,2,100.0,100.0
2011873261,2,100.0,100.0
2011877461,2,100.0,100.0
2011881661,2,100.0,100.0
2011885861,2,100.0,100.0
2011890061,2,100.0,100.0
2011894261,2,100.0,100.0
2011898461,2,100.0,100.0
2011902661,2,100.0,100.0
2011906861,2,100.0,100.0
2011911061,2,100.0,100.0
2011915261,2,100.0,100.0
2011919461,2,100.0,100.0
2011923661,2,100.0,100.0
2011927861,2,100.0,100.0
2011932061,2,100.0,100.0
2011936261,2,100.0,100.0
2011940461,2,100.0,100.0
2011944661,2,100.0,100.0
2011948861,2,100.0,100.0
2011953061,2,100.0,100.0
2011957261,2,100.0,100.0
2011961461,2,100.0,100.0
2011965661,2,100.0,100.0
2011969861,2,100.0,100.0
2011974061,2,100.0,100.0
2011978261,2,100.0,100.0
2011982461,2,100.0,100.0
2011986661,2,100.0,100.0
2011990861,2,100.0,100.0
2011995061,2,100.0,100.0
2011999261,2,100.0,100.0
2012003461,2,100.0,100.0
2012007661,2,100.0,100.0
2012011861,2,100.0,100.0
2012016061,2,100.0,100.0
2012020261,2,100.0,100.0
2012024461,2,100.0,100.0
2012028661,2,100.0,100.0
2012032861,2,100.0,100.0
2012037061,2,100.0,100.0
2012041261,2,100.0,100.0
2012045461,2,100.0,100.0
2012049661,2,100.0,100.0
2012053861,2,100.0,100.0
2012058061,2,100.0,100.0
2012062261,2,100.0,100.0
2012066461,2,100.0,100.0
2012070661,2,100.0,100.0
2012074861,2,100.0,100.0
2012079061,2,100.0,100.0
2012083261,2,100.0,100.0
2012087461,2,100.0,100.0
2012091661,2,100.0,100.0
2012095861,2,100.0,100.0
2012100061,2,100.0,100.0
2012104261,2,100.0,100.0
2012108461,2,100.0,100.0
2012112661,2,100.0,100.0
2012116861,2,100.0,100.0
2012121061,2,100.0,100.0
2012125261,2,100.0,100.0
2012129461,2,100.0,100.0
2012133661,2,100.0,100.0
2012137861,2,100.0,100.0
2012142061,2,100.0,100.0
2012146261,2,100.0,100.0
2012150461,2,100.0,100.0
2012154661,2,100.0,100.0
2012158861,2,100.0,100.0
2012163061,2,100.0,100.0
2012167261,2,100.0,100.0
2012171461,2,100.0,100.0
2012175661,2,100.0,100.0
2012179861,2,100.0,100.0
2012184061,2,100.0,100.0
2012188261,2,100.0,100.0
2012192461,2,100.0,100.0
2012196661,2,100.0,100.0
2012200861,2,100.0,100.0
2012205061,2,100.0,100.0
2012209261,2,100.0,100.0
2012213461,2,100.0,100.0
2012217661,2,100.0,100.0
2012221861,2,100.0,100.0
2012226061,2,100.0,100.0
2012230261,2,100.0,100.0
2012234461,2,100.0,100.0
2012238661,2,100.0,100.0
2012242861,2,100.0,100.0
2012247061,2,100.0,100.0
2012251261,2,100.0,100.0
2012255461,2,100.0,100.0
2012259661,2,100.0,100.0
2012263861,2,100.0,100.0
2012268061,2,100.0,100.0
2012272261,2,100.0,100.0
2012276461,2,100.0,100.0
2012280661,2,100.0,100.0
2012284861,2,100.0,100.0
2012289061,2,100.0,100.0
2012293261,2,100.0,100.0
2012297461,2,100.0,100.0
2012301661,2,100.0,100.0
2012305861,2,100.0,100.0
2012310061,2,100.0,100.0
2012314261,2,100.0,100.0
2012318461,2,100.0,100.0
2012322661,2,100.0,100.0
2012326861,2,100.0,100.0
2012331061,2,100.0,100.0
2012335261,2,100.0,100.0
2012339461,2,100.0,100.0
2012343661,2,100.0,100.0
2012347861,2,100.0,100.0
2012352061,2,100.0,100.0
2012356261,2,100.0,100.0
2012360461,2,100.0,100.0
2012364661,2,100.0,100.0
2012368861,2,100.0,100.0
2012373061,2,100.0,100.0
2012377261,2,100.0,100.0
2012381461,2,100.0,100.0
2012385661,2,100.0,100.0
2012389861,2,100.0,100.0
2012394061,2,100.0,100.0
2012398261,2,100.0,100.0
2012402461,2,100.0,100.0
2012406661,2,100.0,100.0
2012410861,2,100.0,100.0
2012415061,2,100.0,100.0
2012419261,2,100.0,100.0
2012423461,2,100.0,100.0
2012427661,2,100.0,100.0
2012431861,2,100.0,100.0
2012436061,2,100.0,100.0
2012440261,2,100.0,100.0
2012444461,2,100.0,100.0
2012448661,2,100.0,100.0
2012452861,2,100.0,100.0
2012457061,2,100.0,100.0
2012461261,2,100.0,100.0
2012465461,2,100.0,100.0
2012469661,2,100.0,100.0
2012473861,2,100.0,100.0
2012478061,2,100.0,100.0
2012482261,2,100.0,100.0
2012486461,2,100.0,100.0
2012490661,2,100.0,100.0
2012494861,2,100.0,100.0
2012499061,2,100.0,100.0
2012503261,2,100.0,100.0
2012507461,2,100.0,100.0
2012511661,2,100.0,100.0
2012515861,2,100.0,100.0
2012520061,2,100.0,100.0
2012524261,2,100.0,100.0
2012528461,2,100.0,100.0
2012532661,2,100.0,100.0
2012536861,2,100.0,100.0
2012541061,2,100.0,100.0
2012545261,2,100.0,100.0
2012549461,2,100.0,100.0
2012553661,2,100.0,100.0
2012557861,2,100.0,100.0
2012562061,2,100.0,100.0
2012566261,2,100.0,100.0
2012570461,2,100.0,100.0
2012574661,2,100.0,100.0
2012578861,2,100.0,100.0
2012583061,2,100.0,100.0
2012587261,2,100.0,100.0
2012591461,2,100.0,100.0
2012595661,2,100.0,100.0
2012599861,2,100.0,100.0
2012604061,2,100.0,100.0
2012608261,2,100.0,100.0
2012612461,2,100.0,100.0
2012616661,2,100.0,100.0
2012620861,2,100.0,100.0
2012625061,2,100.0,100.0
2012629261,2,100.0,100.0
2012633461,2,100.0,100.0
2012637661,2,100.0,100.0
2012641861,2,100.0,100.0
2012646061,2,100.0,100.0
2012650261,2,100.0,100.0
2012654461,2,100.0,100.0
2012658661,2,100.0,100.0
2012662861,2,100.0,100.0
2012667061,2,100.0,100.0
2012671261,2,100.0,100.0
2012675461,2,100.0,100.0
2012679661,2,100.0,100.0
2012683861,2,100.0,100.0
2012688061,2,100.0,100.0
2012692261,2,100.0,100.0
2012696461,2,100.0,100.0
2012700661,2,100.0,100.0
2012704861,2,100.0,100.0
2012709061,2,100.0,100.0
2012713261,2,100.0,100.0
2012717461,2,100.0,100.0
2012721661,2,100.0,100.0
2012725861,2,100.0,100.0
2012730061,2,100.0,100.0
2012734261,2,100.0,100.0
2012738461,2,100.0,100.0
2012742661,2,100.0,100.0
2012746861,2,100.0,100.0
2012751061,2,100.0,100.0
2012755261,2,100.0,100.0
2012759461,2,100.0,100.0
2012763661,2,100.0,100.0
2012767861,2,100.0,100.0
2012772061,2,100.0,100.0
2012776261,2,100.0,100.0
2012780461,2,100.0,100.0
2012784661,2,100.0,100.0
2012788861,2,100.0,100.0
2012793061,2,100.0,100.0
2012797261,2,100.0,100.0
2012801461,2,100.0,100.0
2012805661,2,100.0,100.0
2012809861,2,100.0,100.0
2012814061,2,100.0,100.0
2012818261,2,100.0,100.0
2012822461,2,100.0,100.0
2012826661,2,100.0,100.0
2012830861,2,100.0,100.0
2012835061,2,100.0,100.0
2012839261,2,100.0,100.0
2012843461,2,100.0,100.0
2012847661,2,100.0,100.0
2012851861,2,100.0,100.0
2012856061,2,100.0,100.0
2012860261,2,100.0,100.0
2012864461,2,100.0,100.0
2012868661,2,100.0,100.0
2012872861,2,100.0,100.0
2012877061,2,100.0,100.0
2012881261,2,100.0,100.0
2012885461,2,100.0,100.0
2012889661,2,100.0,100.0
2012893861,2,100.0,100.0
2012898061,2,100.0,100.0
2012902261,2,100.0,100.0
2012906461,2,100.0,100.0
2012910661,2,100.0,100.0
2012914861,2,100.0,100.0
2012919061,2,100.0,100.0
2012923261,2,100.0,100.0
2012927461,2,100.0,100.0
2012931661,2,100.0,100.0
2012935861,2,100.0,100.0
2012940061,2,100.0,100.0
2012944261,2,100.0,100.0
2012948461,2,100.0,100.0
2012952661,2,100.0,100.0
2012956861,2,100.0,100.0
2012961061,2,100.0,100.0
2012965261,2,100.0,100.0
2012969461,2,100.0,100.0
2012973661,2,100.0,100.0
2012977861,2,100.0,100.0
2012982061,2,100.0,100.0
2012986261,2,100.0,100.0
2012990461,2,100.0,100.0
2012994661,2,100.0,100.0
2012998861,2,100.0,100.0
2013003061,2,100.0,100.0
2013007261,2,100.0,100.0
2013011461,2,100.0,100.0
2013015661,2,100.0,100.0
2013019861,2,100.0,100.0
2013024061,2,100.0,100.0
2013028261,2,100.0,100.0
2013032461,2,100.0,100.0
2013036661,2,100.0,100.0
2013040861,2,100.0,100.0
2013045061,2,100.0,100.0
2013049261,2,100.0,100.0
2013053461,2,100.0,100.0
2013057661,2,100.0,100.0
2013061861,2,100.0,100.0
2013066061,2,100.0,100.0
2013070261,2,100.0,100.0
2013074461,2,100.0,100.0
2013078661,2,100.0,100.0
2013082861,2,100.0,100.0
2013087061,2,100.0,100.0
2013091261,2,100.0,100.0
2013095461,2,100.0,100.0
2013099661,2,100.0,100.0
2013103861,2,100.0,100.0
2013108061,2,100.0,100.0
2013112261,2,100.0,100.0
2013116461,2,100.0,100.0
2013120661,2,100.0,100.0
2013124861,2,100.0,100.0
2013129061,2,100.0,100.0
2013133261,2,100.0,100.0
2013137461,2,100.0,100.0
2013141661,2,100.0,100.0
2013145861,2,100.0,100.0
2013150061,2,100.0,100.0
2013154261,2,100.0,100.0
2013158461,2,100.0,100.0
2013162661,2,100.0,100.0
2013166861,2,100.0,100.0
2013171061,2,100.0,100.0
2013175261,2,100.0,100.0
2013179461,2,100.0,100.0
2013183661,2,100.0,100.0
2013187861,2,100.0,100.0
2013192061,2,100.0,100.0
2013196261,2,100.0,100.0
2013200461,2,100.0,100.0
2013204661,2,100.0,100.0
2013208861,2,100.0,100.0
2013213061,2,100.0,100.0
2013217261,2,100.0,100.0
2013221461,2,100.0,100.0
2013225661,2,100.0,100.0
2013229861,2,100.0,100.0
2013234061,2,100.0,100.0
2013238261,2,100.0,100.0
2013242461,2,100.0,100.0
2013246661,2,100.0,100.0
2013250861,2,100.0,100.0
2013255061,2,100.0,100.0
2013259261,2,100.0,100.0
2013263461,2,100.0,100.0
2013267661,2,100.0,100.0
2013271861,2,100.0,100.0
2013276061,2,100.0,100.0
2013280261,2,100.0,100.0
2013284461,2,100.0,100.0
2013288661,2,100.0,100.0
2013292861,2,100.0,100.0
2013297061,2,100.0,100.0
2013301261,2,100.0,100.0
2013305461,2,100.0,100.0
2013309661,2,100.0,100.0
2013313861,2,100.0,100.0
2013318061,2,100.0,100.0
2013322261,2,100.0,100.0
2013326461,2,100.0,100.0
2013330661,2,100.0,100.0
2013334861,2,100.0,100.0
2013339061,2,100.0,100.0
2013343261,2,100.0,100.0
2013347461,2,100.0,100.0
2013351661,2,100.0,100.0
2013355861,2,100.0,100.0
2013360061,2,100.0,100.0
2013364261,2,100.0,100.0
2013368461,2,100.0,100.0
2013372661,2,100.0,100.0
2013376861,2,100.0,100.0
2013381061,2,100.0,100.0
2013385261,2,100.0,100.0
2013389461,2,100.0,100.0
2013393661,2,100.0,100.0
2013397861,2,100.0,100.0
2013402061,2,100.0,100.0
2013406261,2,100.0,100.0
2013410461,2,100.0,100.0
2013414661,2,100.0,100.0
2013418861,2,100.0,100.0
2013423061,2,100.0,100.0
2013427261,2,100.0,100.0
2013431461,2,100.0,100.0
2013435661,2,100.0,100.0
2013439861,2,100.0,100.0
2013444061,2,100.0,100.0
2013448261,2,100.0,100.0
2013452461,2,100.0,100.0
2013456661,2,100.0,100.0
2013460861,2,100.0,100.0
2013465061,2,100.0,100.0
2013469261,2,100.0,100.0
2013473461,2,100.0,100.0
2013477661,2,100.0,100.0
2013481861,2,100.0,100.0
2013486061,2,100.0,100.0
2013490261,2,100.0,100.0
2013494461,2,100.0,100.0
2013498661,2,100.0,100.0
2013502861,2,100.0,100.0
2013507061,2,100.0,100.0
2013511261,2,100.0,100.0
2013515461,2,100.0,100.0
2013519661,2,100.0,100.0
2013523861,2,100.0,100.0
2013528061,2,100.0,100.0
2013532261,2,100.0,100.0
2013536461,2,100.0,100.0
2013540661,2,100.0,100.0
2013544861,2,100.0,100.0
2013549061,2,100.0,100.0
2013553261,2,100.0,100.0
2013557461,2,100.0,100.0
2013561661,2,100.0,100.0
2013565861,2,100.0,100.0
2013570061,2,100.0,100.0
2013574261,2,100.0,100.0
2013578461,2,100.0,100.0
2013582661,2,100.0,100.0
2013586861,2,100.0,100.0
2013591061,2,100.0,100.0
2013595261,2,100.0,100.0
2013599461,2,100.0,100.0
2013603661,2,100.0,100.0
2013607861,2,100.0,100.0
2013612061,2,100.0,100.0
2013616261,2,100.0,100.0
2013620461,2,100.0,100.0
2013624661,2,100.0,100.0
2013628861,2,100.0,100.0
2013633061,2,100.0,100.0
2013637261,2,100.0,100.0
2013641461,2,100.0,100.0
2013645661,2,100.0,100.0
2013649861,2,100.0,100.0
2013654061,2,100.0,100.0
2013658261,2,100.0,100.0
2013662461,2,100.0,100.0
2013666661,2,100.0,100.0
2013670861,2,100.0,100.0
2013675061,2,100.0,100.0
2013679261,2,100.0,100.0
2013683461,2,100.0,100.0
2013687661,2,100.0,100.0
2013691861,2,100.0,100.0
2013696061,2,100.0,100.0
2013700261,2,100.0,100.0
2013704461,2,100.0,100.0
2013708661,2,100.0,100.0
2013712861,2,100.0,100.0
2013717061,2,100.0,100.0
2013721261,2,100.0,100.0
2013725461,2,100.0,100.0
2013729661,2,100.0,100.0
2013733861,2,100.0,100.0
2013738061,2,100.0,100.0
2013742261,2,100.0,100.0
2013746461,2,100.0,100.0
2013750661,2,100.0,100.0
2013754861,2,100.0,100.0
2013759061,2,100.0,100.0
2013763261,2,100.0,100.0
2013767461,2,100.0,100.0
2013771661,2,100.0,100.0
2013775861,2,100.0,100.0
2013780061,2,100.0,100.0
2013784261,2,100.0,100.0
2013788461,2,100.0,100.0
2013792661,2,100.0,100.0
2013796861,2,100.0,100.0
2013801061,2,100.0,100.0
2013805261,2,100.0,100.0
2013809461,2,100.0,100.0
2013813661,2,100.0,100.0
2013817861,2,100.0,100.0
2013822061,2,100.0,100.0
2013826261,2,100.0,100.0
2013830461,2,100.0,100.0
2013834661,2,100.0,100.0
2013838861,2,100.0,100.0
2013843061,2,100.0,100.0
2013847261,2,100.0,100.0
2013851461,2,100.0,100.0
2013855661,2,100.0,100.0
2013859861,2,100.0,100.0
2013864061,2,100.0,100.0
2013868261,2,100.0,100.0
2013872461,2,100.0,100.0
2013876661,2,100.0,100.0
2013880861,2,100.0,100.0
2013885061,2,100.0,100.0
2013889261,2,100.0,100.0
2013893461,2,100.0,100.0
2013897661,2,100.0,100.0
2013901861,2,100.0,100.0
2013906061,2,100.0,100.0
2013910261,2,100.0,100.0
2013914461,2,100.0,100.0
2013918661,2,100.0,100.0
2013922861,2,100.0,100.0
2013927061,2,100.0,100.0
2013931261,2,100.0,100.0
2013935461,2,100.0,100.0
2013939661,2,100.0,100.0
2013943861,2,100.0,100.0
2013948061,2,100.0,100.0
2013952261,2,100.0,100.0
2013956461,2,100.0,100.0
2013960661,2,100.0,100.0
2013964861,2,100.0,100.0
2013969061,2,100.0,100.0
2013973261,2,100.0,100.0
2013977461,2,100.0,100.0
2013981661,2,100.0,100.0
2013985861,2,100.0,100.0
2013990061,2,100.0,100.0
2013994261,2,100.0,100.0
2013998461,2,100.0,100.0
2014002661,2,100.0,100.0
2014006861,2,100.0,100.0
2014011061,2,100.0,100.0
2014015261,2,100.0,100.0
2014019461,2,100.0,100.0
2014023661,2,100.0,100.0
2014027861,2,100.0,100.0
2014032061,2,100.0,100.0
2014036261,2,100.0,100.0
2014040461,2,100.0,100.0
2014044661,2,100.0,100.0
2014048861,2,100.0,100.0
2014053061,2,100.0,100.0
2014057261,2,100.0,100.0
2014061461,2,100.0,100.0
2014065661,2,100.0,100.0
2014069861,2,100.0,100.0
2014074061,2,100.0,100.0
2014078261,2,100.0,100.0
2014082461,2,100.0,100.0
2014086661,2,100.0,100.0
2014090861,2,100.0,100.0
2014095061,2,100.0,100.0
2014099261,2,100.0,100.0
2014103461,2,100.0,100.0
2014107661,2,100.0,100.0
2014111861,2,100.0,100.0
2014116061,2,100.0,100.0
2014120261,2,100.0,100.0
2014124461,2,100.0,100.0
2014128661,2,100.0,100.0
2014132861,2,100.0,100.0
2014137061,2,100.0,100.0
2014141261,2,100.0,100.0
2014145461,2,100.0,100.0
2014149661,2,100.0,100.0
2014153861,2,100.0,100.0
2014158061,2,100.0,100.0
2014162261,2,100.0,100.0
2014166461,2,100.0,100.0
2014170661,2,100.0,100.0
2014174861,2,100.0,100.0
2014179061,2,100.0,100.0
2014183261,2,100.0,100.0
2014187461,2,100.0,100.0
2014191661,2,100.0,100.0
2014195861,2,100.0,100.0
2014200061,2,100.0,100.0
2014204261,2,100.0,100.0
2014208461,2,100.0,100.0
2014212661,2,100.0,100.0
2014216861,2,100.0,100.0
2014221061,2,100.0,100.0
2014225261,2,100.0,100.0
2014229461,2,100.0,100.0
2014233661,2,100.0,100.0
2014237861,2,100.0,100.0
2014242061,2,100.0,100.0
2014246261,2,100.0,100.0
2014250461,2,100.0,100.0
2014254661,2,100.0,100.0
2014258861,2,100.0,100.0
2014263061,2,100.0,100.0
2014267261,2,100.0,100.0
2014271461,2,100.0,100.0
2014275661,2,100.0,100.0
2014279861,2,100.0,100.0
2014284061,2,100.0,100.0
2014288261,2,100.0,100.0
2014292461,2,100.0,100.0
2014296661,2,100.0,100.0
2014300861,2,100.0,100.0
2014305061,2,100.0,100.0
2014309261,2,100.0,100.0
2014313461,2,100.0,100.0
2014317661,2,100.0,100.0
2014321861,2,100.0,100.0
2014326061,2,100.0,100.0
2014330261,2,100.0,100.0
2014334461,2,100.0,100.0
2014338661,2,100.0,100.0
2014342861,2,100.0,100.0
2014347061,2,100.0,100.0
2014351261,2,100.0,100.0
2014355461,2,100.0,100.0
2014359661,2,100.0,100.0
2014363861,2,100.0,100.0
2014368061,2,100.0,100.0
2014372261,2,100.0,100.0
2014376461,2,100.0,100.0
2014380661,2,100.0,100.0
2014384861,2,100.0,100.0
2014389061,2,100.0,100.0
2014393261,2,100.0,100.0
2014397461,2,100.0,100.0
2014401661,2,100.0,100.0
2014405861,2,100.0,100.0
2014410061,2,100.0,100.0
2014414261,2,100.0,100.0
2014418461,2,100.0,100.0
2014422661,2,100.0,100.0
2014426861,2,100.0,100.0
2014431061,2,100.0,100.0
2014435261,2,100.0,100.0
2014439461,2,100.0,100.0
2014443661,2,100.0,100.0
2014447861,2,100.0,100.0
2014452061,2,100.0,100.0
2014456261,2,100.0,100.0
2014460461,2,100.0,100.0
2014464661,2,100.0,100.0
2014468861,2,100.0,100.0
2014473061,2,100.0,100.0
2014477261,2,100.0,100.0
2014481461,2,100.0,100.0
2014485661,2,100.0,100.0
2014489861,2,100.0,100.0
2014494061,2,100.0,100.0
2014498261,2,100.0,100.0
2014502461,2,100.0,100.0
2014506661,2,100.0,100.0
2014510861,2,100.0,100.0
2014515061,2,100.0,100.0
2014519261,2,100.0,100.0
2014523461,2,100.0,100.0
2014527661,2,100.0,100.0
2014531861,2,100.0,100.0
2014536061,2,100.0,100.0
2014540261,2,100.0,100.0
2014544461,2,100.0,100.0
2014548661,2,100.0,100.0
2014552861,2,100.0,100.0
2014557061,2,100.0,100.0
2014561261,2,100.0,100.0
2014565461,2,100.0,100.0
2014569661,2,100.0,100.0
2014573861,2,100.0,100.0
2014578061,2,100.0,100.0
2014582261,2,100.0,100.0
2014586461,2,100.0,100.0
2014590661,2,100.0,100.0
2014594861,2,100.0,100.0
2014599061,2,100.0,100.0
2014603261,2,100.0,100.0
2014607461,2,100.0,100.0
2014611661,2,100.0,100.0
2014615861,2,100.0,100.0
2014620061,2,100.0,100.0
2014624261,2,100.0,100.0
2014628461,2,100.0,100.0
2014632661,2,100.0,100.0
2014636861,2,100.0,100.0
2014641061,2,100.0,100.0
2014645261,2,100.0,100.0
2014649461,2,100.0,100.0
2014653661,2,100.0,100.0
2014657861,2,100.0,100.0
2014662061,2,100.0,100.0
2014666261,2,100.0,100.0
2014670461,2,100.0,100.0
2014674661,2,100.0,100.0
2014678861,2,100.0,100.0
2014683061,2,100.0,100.0
2014687261,2,100.0,100.0
2014691461,2,100.0,100.0
2014695661,2,100.0,100.0
2014699861,2,100.0,100.0
2014704061,2,100.0,100.0
2014708261,2,100.0,100.0
2014712461,2,100.0,100.0
2014716661,2,100.0,100.0
2014720861,2,100.0,100.0
2014725061,2,100.0,100.0
2014729261,2,100.0,100.0
2014733461,2,100.0,100.0
2014737661,2,100.0,100.0
2014741861,2,100.0,100.0
2014746061,2,100.0,100.0
2014750261,2,100.0,100.0
2014754461,2,100.0,100.0
2014758661,2,100.0,100.0
2014762861,2,100.0,100.0
2014767061,2,100.0,100.0
2014771261,2,100.0,100.0
2014775461,2,100.0,100.0
2014779661,2,100.0,100.0
2014783861,2,100.0,100.0
2014788061,2,100.0,100.0
2014792261,2,100.0,100.0
2014796461,2,100.0,100.0
2014800661,2,100.0,100.0
2014804861,2,100.0,100.0
2014809061,2,100.0,100.0
2014813261,2,100.0,100.0
2014817461,2,100.0,100.0
2014821661,2,100.0,100.0
2014825861,2,100.0,100.0
2014830061,2,100.0,100.0
2014834261,2,100.0,100.0
2014838461,2,100.0,100.0
2014842661,2,100.0,100.0
2014846861,2,100.0,100.0
2014851061,2,100.0,100.0
2014855261,2,100.0,100.0
2014859461,2,100.0,100.0
2014863661,2,100.0,100.0
2014867861,2,100.0,100.0
2014872061,2,100.0,100.0
2014876261,2,100.0,100.0
2014880461,2,100.0,100.0
2014884661,2,100.0,100.0
2014888861,2,100.0,100.0
2014893061,2,100.0,100.0
2014897261,2,100.0,100.0
2014901461,2,100.0,100.0
2014905661,2,100.0,100.0
2014909861,2,100.0,100.0
2014914061,2,100.0,100.0
2014918261,2,100.0,100.0
2014922461,2,100.0,100.0
2014926661,2,100.0,100.0
2014930861,2,100.0,100.0
2014935061,2,100.0,100.0
2014939261,2,100.0,100.0
2014943461,2,100.0,100.0
2014947661,2,100.0,100.0
2014951861,2,100.0,100.0
2014956061,2,100.0,100.0
2014960261,2,100.0,100.0
2014964461,2,100.0,100.0
2014968661,2,100.0,100.0
2014972861,2,100.0,100.0
2014977061,2,100.0,100.0
2014981261,2,100.0,100.0
2014985461,2,100.0,100.0
2014989661,2,100.0,100.0
2014993861,2,100.0,100.0
2014998061,2,100.0,100.0
2015002261,2,100.0,100.0
2015006461,2,100.0,100.0
2015010661,2,100.0,100.0
2015014861,2,100.0,100.0
2015019061,2,100.0,100.0
2015023261,2,100.0,100.0
2015027461,2,100.0,100.0
2015031661,2,100.0,100.0
2015035861,2,100.0,100.0
2015040061,2,100.0,100.0
2015044261,2,100.0,100.0
2015048461,2,100.0,100.0
2015052661,2,100.0,100.0
2015056861,2,100.0,100.0
2015061061,2,100.0,100.0
2015065261,2,100.0,100.0
2015069461,2,100.0,100.0
2015073661,2,100.0,100.0
2015077861,2,100.0,100.0
2015082061,2,100.0,100.0
2015086261,2,100.0,100.0
2015090461,2,100.0,100.0
2015094661,2,100.0,100.0
2015098861,2,100.0,100.0
2015103061,2,100.0,100.0
2015107261,2,100.0,100.0
2015111461,2,100.0,100.0
2015115661,2,100.0,100.0
2015119861,2,100.0,100.0
2015124061,2,100.0,100.0
2015128261,2,100.0,100.0
2015132461,2,100.0,100.0
2015136661,2,100.0,100.0
2015140861,2,100.0,100.0
2015145061,2,100.0,100.0
2015149261,2,100.0,100.0
2015153461,2,100.0,100.0
2015157661,2,100.0,100.0
2015161861,2,100.0,100.0
2015166061,2,100.0,100.0
2015170261,2,100.0,100.0
2015174461,2,100.0,100.0
2015178661,2,100.0,100.0
2015182861,2,100.0,100.0
2015187061,2,100.0,100.0
2015191261,2,100.0,100.0
2015195461,2,100.0,100.0
2015199661,2,100.0,100.0
2015203861,2,100.0,100.0
2015208061,2,100.0,100.0
2015212261,2,100.0,100.0
2015216461,2,100.0,100.0
2015220661,2,100.0,100.0
2015224861,2,100.0,100.0
2015229061,2,100.0,100.0
2015233261,2,100.0,100.0
2015237461,2,100.0,100.0
2015241661,2,100.0,100.0
2015245861,2,100.0,100.0
2015250061,2,100.0,100.0
2015254261,2,100.0,100.0
2015258461,2,100.0,100.0
2015262661,2,100.0,100.0
2015266861,2,100.0,100.0
2015271061,2,100.0,100.0
2015275261,2,100.0,100.0
2015279461,2,100.0,100.0
2015283661,2,100.0,100.0
2015287861,2,100.0,100.0
2015292061,2,100.0,100.0
2015296261,2,100.0,100.0
2015300461,2,100.0,100.0
2015304661,2,100.0,100.0
2015308861,2,100.0,100.0
2015313061,2,100.0,100.0
2015317261,2,100.0,100.0
2015321461,2,100.0,100.0
2015325661,2,100.0,100.0
2015329861,2,100.0,100.0
2015334061,2,100.0,100.0
2015338261,2,100.0,100.0
2015342461,2,100.0,100.0
2015346661,2,100.0,100.0
2015350861,2,100.0,100.0
2015355061,2,100.0,100.0
2015359261,2,100.0,100.0
2015363461,2,100.0,100.0
2015367661,2,100.0,100.0
2015371861,2,100.0,100.0
2015376061,2,100.0,100.0
2015380261,2,100.0,100.0
2015384461,2,100.0,100.0
2015388661,2,100.0,100.0
2015392861,2,100.0,100.0
2015397061,2,100.0,100.0
2015401261,2,100.0,100.0
2015405461,2,100.0,100.0
2015409661,2,100.0,100.0
2015413861,2,100.0,100.0
2015418061,2,100.0,100.0
2015422261,2,100.0,100.0
2015426461,2,100.0,100.0
2015430661,2,100.0,100.0
2015434861,2,100.0,100.0
2015439061,2,100.0,100.0
2015443261,2,100.0,100.0
2015447461,2,100.0,100.0
2015451661,2,100.0,100.0
2015455861,2,100.0,100.0
2015460061,2,100.0,100.0
2015464261,2,100.0,100.0
2015468461,2,100.0,100.0
2015472661,2,100.0,100.0
2015476861,2,100.0,100.0
2015481061,2,100.0,100.0
2015485261,2,100.0,100.0
2015489461,2,100.0,100.0
2015493661,2,100.0,100.0
2015497861,2,100.0,100.0
2015502061,2,100.0,100.0
2015506261,2,100.0,100.0
2015510461,2,100.0,100.0
2015514661,2,100.0,100.0
2015518861,2,100.0,100.0
2015523061,2,100.0,100.0
2015527261,2,100.0,100.0
2015531461,2,100.0,100.0
2015535661,2,100.0,100.0
2015539861,2,100.0,100.0
2015544061,2,100.0,100.0
2015548261,2,100.0,100.0
2015552461,2,100.0,100.0
2015556661,2,100.0,100.0
2015560861,2,100.0,100.0
2015565061,2,100.0,100.0
2015569261,2,100.0,100.0
2015573461,2,100.0,100.0
2015577661,2,100.0,100.0
2015581861,2,100.0,100.0
2015586061,2,100.0,100.0
2015590261,2,100.0,100.0
2015594461,2,100.0,100.0
2015598661,2,100.0,100.0
2015602861,2,100.0,100.0
2015607061,2,100.0,100.0
2015611261,2,100.0,100.0
2015615461,2,100.0,100.0
2015619661,2,100.0,100.0
2015623861,2,100.0,100.0
2015628061,2,100.0,100.0
2015632261,2,100.0,100.0
2015636461,2,100.0,100.0
2015640661,2,100.0,100.0
2015644861,2,100.0,100.0
2015649061,2,100.0,100.0
2015653261,2,100.0,100.0
2015657461,2,100.0,100.0
2015661661,2,100.0,100.0
2015665861,2,100.0,100.0
2015670061,2,100.0,100.0
2015674261,2,100.0,100.0
2015678461,2,100.0,100.0
2015682661,2,100.0,100.0
2015686861,2,100.0,100.0
2015691061,2,100.0,100.0
2015695261,2,100.0,100.0
2015699461,2,100.0,100.0
2015703661,2,100.0,100.0
2015707861,2,100.0,100.0
2015712061,2,100.0,100.0
2015716261,2,100.0,100.0
2015720461,2,100.0,100.0
2015724661,2,100.0,100.0
2015728861,2,100.0,100.0
2015733061,2,100.0,100.0
2015737261,2,100.0,100.0
2015741461,2,100.0,100.0
2015745661,2,100.0,100.0
2015749861,2,100.0,100.0
2015754061,2,100.0,100.0
2015758261,2,100.0,100.0
2015762461,2,100.0,100.0
2015766661,2,100.0,100.0
2015770861,2,100.0,100.0
2015775061,2,100.0,100.0
2015779261,2,100.0,100.0
2015783461,2,100.0,100.0
2015787661,2,100.0,100.0
2015791861,2,100.0,100.0
2015796061,2,100.0,100.0
2015800261,2,100.0,100.0
2015804461,2,100.0,100.0
2015808661,2,100.0,100.0
2015812861,2,100.0,100.0
2015817061,2,100.0,100.0
2015821261,2,100.0,100.0
2015825461,2,100.0,100.0
2015829661,2,100.0,100.0
2015833861,2,100.0,100.0
2015838061,2,100.0,100.0
2015842261,2,100.0,100.0
2015846461,2,100.0,100.0
2015850661,2,100.0,100.0
2015854861,2,100.0,100.0
2015859061,2,100.0,100.0
2015863261,2,100.0,100.0
2015867461,2,100.0,100.0
2015871661,2,100.0,100.0
2015875861,2,100.0,100.0
2015880061,2,100.0,100.0
2015884261,2,100.0,100.0
2015888461,2,100.0,100.0
2015892661,2,100.0,100.0
2015896861,2,100.0,100.0
2015901061,2,100.0,100.0
2015905261,2,100.0,100.0
2015909461,2,100.0,100.0
2015913661,2,100.0,100.0
2015917861,2,100.0,100.0
2015922061,2,100.0,100.0
2015926261,2,100.0,100.0
2015930461,2,100.0,100.0
2015934661,2,100.0,100.0
2015938861,2,100.0,100.0
2015943061,2,100.0,100.0
2015947261,2,100.0,100.0
2015951461,2,100.0,100.0
2015955661,2,100.0,100.0
2015959861,2,100.0,100.0
2015964061,2,100.0,100.0
2015968261,2,100.0,100.0
2015972461,2,100.0,100.0
2015976661,2,100.0,100.0
2015980861,2,100.0,100.0
2015985061,2,100.0,100.0
2015989261,2,100.0,100.0
2015993461,2,100.0,100.0
2015997661,2,100.0,100.0
2016001861,2,100.0,100.0
2016006061,2,100.0,100.0
2016010261,2,100.0,100.0
2016014461,2,100.0,100.0
2016018661,2,100.0,100.0
2016022861,2,100.0,100.0
2016027061,2,100.0,100.0
2016031261,2,100.0,100.0
2016035461,2,100.0,100.0
2016039661,2,100.0,100.0
2016043861,2,100.0,100.0
2016048061,2,100.0,100.0
2016052261,2,100.0,100.0
2016056461,2,100.0,100.0
2016060661,2,100.0,100.0
2016064861,2,100.0,100.0
2016069061,2,100.0,100.0
2016073261,2,100.0,100.0
2016077461,2,100.0,100.0
2016081661,2,100.0,100.0
2016085861,2,100.0,100.0
2016090061,2,100.0,100.0
2016094261,2,100.0,100.0
2016098461,2,100.0,100.0
2016102661,2,100.0,100.0
2016106861,2,100.0,100.0
2016111061,2,100.0,100.0
2016115261,2,100.0,100.0
2016119461,2,100.0,100.0
2016123661,2,100.0,100.0
2016127861,2,100.0,100.0
2016132061,2,100.0,100.0
2016136261,2,100.0,100.0
2016140461,2,100.0,100.0
2016144661,2,100.0,100.0
2016148861,2,100.0,100.0
2016153061,2,100.0,100.0
2016157261,2,100.0,100.0
2016161461,2,100.0,100.0
2016165661,2,100.0,100.0
2016169861,2,100.0,100.0
2016174061,2,100.0,100.0
2016178261,2,100.0,100.0
2016182461,2,100.0,100.0
2016186661,2,100.0,100.0
2016190861,2,100.0,100.0
2016195061,2,100.0,100.0
2016199261,2,100.0,100.0
2016203461,2,100.0,100.0
2016207661,2,100.0,100.0
2016211861,2,100.0,100.0
2016216061,2,100.0,100.0
2016220261,2,100.0,100.0
2016224461,2,100.0,100.0
2016228661,2,100.0,100.0
2016232861,2,100.0,100.0
2016237061,2,100.0,100.0
2016241261,2,100.0,100.0
2016245461,2,100.0,100.0
2016249661,2,100.0,100.0
2016253861,2,100.0,100.0
2016258061,2,100.0,100.0
2016262261,2,100.0,100.0
2016266461,2,100.0,100.0
2016270661,2,100.0,100.0
2016274861,2,100.0,100.0
2016279061,2,100.0,100.0
2016283261,2,100.0,100.0
2016287461,2,100.0,100.0
2016291661,2,100.0,100.0
2016295861,2,100.0,100.0
2016300061,2,100.0,100.0
2016304261,2,100.0,100.0
2016308461,2,100.0,100.0
2016312661,2,100.0,100.0
2016316861,2,100.0,100.0
2016321061,2,100.0,100.0
2016325261,2,100.0,100.0
2016329461,2,100.0,100.0
2016333661,2,100.0,100.0
2016337861,2,100.0,100.0
2016342061,2,100.0,100.0
2016346261,2,100.0,100.0
2016350461,2,100.0,100.0
2016354661,2,100.0,100.0
2016358861,2,100.0,100.0
2016363061,2,100.0,100.0
2016367261,2,100.0,100.0
2016371461,2,100.0,100.0
2016375661,2,100.0,100.0
2016379861,2,100.0,100.0
2016384061,2,100.0,100.0
2016388261,2,100.0,100.0
2016392461,2,100.0,100.0
2016396661,2,100.0,100.0
2016400861,2,100.0,100.0
2016405061,2,100.0,100.0
2016409261,2,100.0,100.0
2016413461,2,100.0,100.0
2016417661,2,100.0,100.0
2016421861,2,100.0,100.0
2016426061,2,100.0,100.0
2016430261,2,100.0,100.0
2016434461,2,100.0,100.0
2016438661,2,100.0,100.0
2016442861,2,100.0,100.0
2016447061,2,100.0,100.0
2016451261,2,100.0,100.0
2016455461,2,100.0,100.0
2016459661,2,100.0,100.0
2016463861,2,100.0,100.0
2016468061,2,100.0,100.0
2016472261,2,100.0,100.0
2016476461,2,100.0,100.0
2016480661,2,100.0,100.0
2016484861,2,100.0,100.0
2016489061,2,100.0,100.0
2016493261,2,100.0,100.0
2016497461,2,100.0,100.0
2016501661,2,100.0,100.0
2016505861,2,100.0,100.0
2016510061,2,100.0,100.0
2016514261,2,100.0,100.0
2016518461,2,100.0,100.0
2016522661,2,100.0,100.0
2016526861,2,100.0,100.0
2016531061,2,100.0,100.0
2016535261,2,100.0,100.0
2016539461,2,100.0,100.0
2016543661,2,100.0,100.0
2016547861,2,100.0,100.0
2016552061,2,100.0,100.0
2016556261,2,100.0,100.0
2016560461,2,100.0,100.0
2016564661,2,100.0,100.0
2016568861,2,100.0,100.0
2016573061,2,100.0,100.0
2016577261,2,100.0,100.0
2016581461,2,100.0,100.0
2016585661,2,100.0,100.0
2016589861,2,100.0,100.0
2016594061,2,100.0,100.0
2016598261,2,100.0,100.0
2016602461,2,100.0,100.0
2016606661,2,100.0,100.0
2016610861,2,100.0,100.0
2016615061,2,100.0,100.0
2016619261,2,100.0,100.0
2016623461,2,100.0,100.0
2016627661,2,100.0,100.0
2016631861,2,100.0,100.0
2016636061,2,100.0,100.0
2016640261,2,100.0,100.0
2016644461,2,100.0,100.0
2016648661,2,100.0,100.0
2016652861,2,100.0,100.0
2016657061,2,100.0,100.0
2016661261,2,100.0,100.0
2016665461,2,100.0,100.0
2016669661,2,100.0,100.0
2016673861,2,100.0,100.0
2016678061,2,100.0,100.0
2016682261,2,100.0,100.0
2016686461,2,100.0,100.0
2016690661,2,100.0,100.0
2016694861,2,100.0,100.0
2016699061,2,100.0,100.0
2016703261,2,100.0,100.0
2016707461,2,100.0,100.0
2016711661,2,100.0,100.0
2016715861,2,100.0,100.0
2016720061,2,100.0,100.0
2016724261,2,100.0,100.0
2016728461,2,100.0,100.0
2016732661,2,100.0,100.0
2016736861,2,100.0,100.0
2016741061,2,100.0,100.0
2016745261,2,100.0,100.0
2016749461,2,100.0,100.0
2016753661,2,100.0,100.0
2016757861,2,100.0,100.0
2016762061,2,100.0,100.0
2016766261,2,100.0,100.0
2016770461,2,100.0,100.0
2016774661,2,100.0,100.0
2016778861,2,100.0,100.0
2016783061,2,100.0,100.0
2016787261,2,100.0,100.0
2016791461,2,100.0,100.0
2016795661,2,100.0,100.0
2016799861,2,100.0,100.0
2016804061,2,100.0,100.0
2016808261,2,100.0,100.0
2016812461,2,100.0,100.0
2016816661,2,100.0,100.0
2016820861,2,100.0,100.0
2016825061,2,100.0,100.0
2016829261,2,100.0,100.0
2016833461,2,100.0,100.0
2016837661,2,100.0,100.0
2016841861,2,100.0,100.0
2016846061,2,100.0,100.0
2016850261,2,100.0,100.0
2016854461,2,100.0,100.0
2016858661,2,100.0,100.0
2016862861,2,100.0,100.0
2016867061,2,100.0,100.0
2016871261,2,100.0,100.0
2016875461,2,100.0,100.0
2016879661,2,100.0,100.0
2016883861,2,100.0,100.0
2016888061,2,100.0,100.0
2016892261,2,100.0,100.0
2016896461,2,100.0,100.0
2016900661,2,100.0,100.0
2016904861,2,100.0,100.0
2016909061,2,100.0,100.0
2016913261,2,100.0,100.0
2016917461,2,100.0,100.0
2016921661,2,100.0,100.0
2016925861,2,100.0,100.0
2016930061,2,100.0,100.0
2016934261,2,100.0,100.0
2016938461,2,100.0,100.0
2016942661,2,100.0,100.0
2016946861,2,100.0,100.0
2016951061,2,100.0,100.0
2016955261,2,100.0,100.0
2016959461,2,100.0,100.0
2016963661,2,100.0,100.0
2016967861,2,100.0,100.0
2016972061,2,100.0,100.0
2016976261,2,100.0,100.0
2016980461,2,100.0,100.0
2016984661,2,100.0,100.0
2016988861,2,100.0,100.0
2016993061,2,100.0,100.0
2016997261,2,100.0,100.0
2017001461,2,100.0,100.0
2017005661,2,100.0,100.0
2017009861,2,100.0,100.0
2017014061,2,100.0,100.0
2017018261,2,100.0,100.0
2017022461,2,100.0,100.0
2017026661,2,100.0,100.0
2017030861,2,100.0,100.0
2017035061,2,100.0,100.0
2017039261,2,100.0,100.0
2017043461,2,100.0,100.0
2017047661,2,100.0,100.0
2017051861,2,100.0,100.0
2017056061,2,100.0,100.0
2017060261,2,100.0,100.0
2017064461,2,100.0,100.0
2017068661,2,100.0,100.0
2017072861,2,100.0,100.0
2017077061,2,100.0,100.0
2017081261,2,100.0,100.0
2017085461,2,100.0,100.0
2017089661,2,100.0,100.0
2017093861,2,100.0,100.0
2017098061,2,100.0,100.0
2017102261,2,100.0,100.0
2017106461,2,100.0,100.0
2017110661,2,100.0,100.0
2017114861,2,100.0,100.0
2017119061,2,100.0,100.0
2017123261,2,100.0,100.0
2017127461,2,100.0,100.0
2017131661,2,100.0,100.0
2017135861,2,100.0,100.0
2017140061,2,100.0,100.0
2017144261,2,100.0,100.0
2017148461,2,100.0,100.0
2017152661,2,100.0,100.0
2017156861,2,100.0,100.0
2017161061,2,100.0,100.0
2017165261,2,100.0,100.0
2017169461,2,100.0,100.0
2017173661,2,100.0,100.0
2017177861,2,100.0,100.0
2017182061,2,100.0,100.0
2017186261,2,100.0,100.0
2017190461,2,100.0,100.0
2017194661,2,100.0,100.0
2017198861,2,100.0,100.0
2017203061,2,100.0,100.0
2017207261,2,100.0,100.0
2017211461,2,100.0,100.0
2017215661,2,100.0,100.0
2017219861,2,100.0,100.0
2017224061,2,100.0,100.0
2017228261,2,100.0,100.0
2017232461,2,100.0,100.0
2017236661,2,100.0,100.0
2017240861,2,100.0,100.0
2017245061,2,100.0,100.0
2017249261,2,100.0,100.0
2017253461,2,100.0,100.0
2017257661,2,100.0,100.0
2017261861,2,100.0,100.0
2017266061,2,100.0,100.0
2017270261,2,100.0,100.0
2017274461,2,100.0,100.0
2017278661,2,100.0,100.0
2017282861,2,100.0,100.0
2017287061,2,100.0,100.0
2017291261,2,100.0,100.0
2017295461,2,100.0,100.0
2017299661,2,100.0,100.0
2017303861,2,100.0,100.0
2017308061,2,100.0,100.0
2017312261,2,100.0,100.0
2017316461,2,100.0,100.0
2017320661,2,100.0,100.0
2017324861,2,100.0,100.0
2017329061,2,100.0,100.0
2017333261,2,100.0,100.0
2017337461,2,100.0,100.0
2017341661,2,100.0,100.0
2017345861,2,100.0,100.0
2017350061,2,100.0,100.0
2017354261,2,100.0,100.0
2017358461,2,100.0,100.0
2017362661,2,100.0,100.0
2017366861,2,100.0,100.0
2017371061,2,100.0,100.0
2017375261,2,100.0,100.0
2017379461,2,100.0,100.0
2017383661,2,100.0,100.0
2017387861,2,100.0,100.0
2017392061,2,100.0,100.0
2017396261,2,100.0,100.0
2017400461,2,100.0,100.0
2017404661,2,100.0,100.0
2017408861,2,100.0,100.0
2017413061,2,100.0,100.0
2017417261,2,100.0,100.0
2017421461,2,100.0,100.0
2017425661,2,100.0,100.0
2017429861,2,100.0,100.0
2017434061,2,100.0,100.0
2017438261,2,100.0,100.0
2017442461,2,100.0,100.0
2017446661,2,100.0,100.0
2017450861,2,100.0,100.0
2017455061,2,100.0,100.0
2017459261,2,100.0,100.0
2017463461,2,100.0,100.0
2017467661,2,100.0,100.0
2017471861,2,100.0,100.0
2017476061,2,100.0,100.0
2017480261,2,100.0,100.0
2017484461,2,100.0,100.0
2017488661,2,100.0,100.0
2017492861,2,100.0,100.0
2017497061,2,100.0,100.0
2017501261,2,100.0,100.0
2017505461,2,100.0,100.0
2017509661,2,100.0,100.0
2017513861,2,100.0,100.0
2017518061,2,100.0,100.0
2017522261,2,100.0,100.0
2017526461,2,100.0,100.0
2017530661,2,100.0,100.0
2017534861,2,100.0,100.0
2017539061,2,100.0,100.0
2017543261,2,100.0,100.0
2017547461,2,100.0,100.0
2017551661,2,100.0,100.0
2017555861,2,100.0,100.0
2017560061,2,100.0,100.0
2017564261,2,100.0,100.0
2017568461,2,100.0,100.0
2017572661,2,100.0,100.0
2017576861,2,100.0,100.0
2017581061,2,100.0,100.0
2017585261,2,100.0,100.0
2017589461,2,100.0,100.0
2017593661,2,100.0,100.0
2017597861,2,100.0,100.0
2017602061,2,100.0,100.0
2017606261,2,100.0,100.0
2017610461,2,100.0,100.0
2017614661,2,100.0,100.0
2017618861,2,100.0,100.0
2017623061,2,100.0,100.0
2017627261,2,100.0,100.0
2017631461,2,100.0,100.0
2017635661,2,100.0,100.0
2017639861,2,100.0,100.0
2017644061,2,100.0,100.0
2017648261,2,100.0,100.0
2017652461,2,100.0,100.0
2017656661,2,100.0,100.0
2017660861,2,100.0,100.0
2017665061,2,100.0,100.0
2017669261,2,100.0,100.0
2017673461,2,100.0,100.0
2017677661,2,100.0,100.0
2017681861,2,100.0,100.0
2017686061,2,100.0,100.0
2017690261,2,100.0,100.0
2017694461,2,100.0,100.0
2017698661,2,100.0,100.0
2017702861,2,100.0,100.0
2017707061,2,100.0,100.0
2017711261,2,100.0,100.0
2017715461,2,100.0,100.0
2017719661,2,100.0,100.0
2017723861,2,100.0,100.0
2017728061,2,100.0,100.0
2017732261,2,100.0,100.0
2017736461,2,100.0,100.0
2017740661,2,100.0,100.0
2017744861,2,100.0,100.0
2017749061,2,100.0,100.0
2017753261,2,100.0,100.0
2017757461,2,100.0,100.0
2017761661,2,100.0,100.0
2017765861,2,100.0,100.0
2017770061,2,100.0,100.0
2017774261,2,100.0,100.0
2017778461,2,100.0,100.0
2017782661,2,100.0,100.0
2017786861,2,100.0,100.0
2017791061,2,100.0,100.0
2017795261,2,100.0,100.0
2017799461,2,100.0,100.0
2017803661,2,100.0,100.0
2017807861,2,100.0,100.0
2017812061,2,100.0,100.0
2017816261,2,100.0,100.0
2017820461,2,100.0,100.0
2017824661,2,100.0,100.0
2017828861,2,100.0,100.0
2017833061,2,100.0,100.0
2017837261,2,100.0,100.0
2017841461,2,100.0,100.0
2017845661,2,100.0,100.0
2017849861,2,100.0,100.0
2017854061,2,100.0,100.0
2017858261,2,100.0,100.0
2017862461,2,100.0,100.0
2017866661,2,100.0,100.0
2017870861,2,100.0,100.0
2017875061,2,100.0,100.0
2017879261,2,100.0,100.0
2017883461,2,100.0,100.0
2017887661,2,100.0,100.0
2017891861,2,100.0,100.0
2017896061,2,100.0,100.0
2017900261,2,100.0,100.0
2017904461,2,100.0,100.0
2017908661,2,100.0,100.0
2017912861,2,100.0,100.0
2017917061,2,100.0,100.0
2017921261,2,100.0,100.0
2017925461,2,100.0,100.0
2017929661,2,100.0,100.0
2017933861,2,100.0,100.0
2017938061,2,100.0,100.0
2017942261,2,100.0,100.0
2017946461,2,100.0,100.0
2017950661,2,100.0,100.0
2017954861,2,100.0,100.0
2017959061,2,100.0,100.0
2017963261,2,100.0,100.0
2017967461,2,100.0,100.0
2017971661,2,100.0,100.0
2017975861,2,100.0,100.0
2017980061,2,100.0,100.0
2017984261,2,100.0,100.0
2017988461,2,100.0,100.0
2017992661,2,100.0,100.0
2017996861,2,100.0,100.0
2018001061,2,100.0,100.0
2018005261,2,100.0,100.0
2018009461,2,100.0,100.0
2018013661,2,100.0,100.0
2018017861,2,100.0,100.0
2018022061,2,100.0,100.0
2018026261,2,100.0,100.0
2018030461,2,100.0,100.0
2018034661,2,100.0,100.0
2018038861,2,100.0,100.0
2018043061,2,100.0,100.0
2018047261,2,100.0,100.0
2018051461,2,100.0,100.0
2018055661,2,100.0,100.0
2018059861,2,100.0,100.0
2018064061,2,100.0,100.0
2018068261,2,100.0,100.0
2018072461,2,100.0,100.0
2018076661,2,100.0,100.0
2018080861,2,100.0,100.0
2018085061,2,100.0,100.0
2018089261,2,100.0,100.0
2018093461,2,100.0,100.0
2018097661,2,100.0,100.0
2018101861,2,100.0,100.0
2018106061,2,100.0,100.0
2018110261,2,100.0,100.0
2018114461,2,100.0,100.0
2018118661,2,100.0,100.0
2018122861,2,100.0,100.0
2018127061,2,100.0,100.0
2018131261,2,100.0,100.0
2018135461,2,100.0,100.0
2018139661,2,100.0,100.0
2018143861,2,100.0,100.0
2018148061,2,100.0,100.0
2018152261,2,100.0,100.0
2018156461,2,100.0,100.0
2018160661,2,100.0,100.0
2018164861,2,100.0,100.0
2018169061,2,100.0,100.0
2018173261,2,100.0,100.0
2018177461,2,100.0,100.0
2018181661,2,100.0,100.0
2018185861,2,100.0,100.0
2018190061,2,100.0,100.0
2018194261,2,100.0,100.0
2018198461,2,100.0,100.0
2018202661,2,100.0,100.0
2018206861,2,100.0,100.0
2018211061,2,100.0,100.0
2018215261,2,100.0,100.0
2018219461,2,100.0,100.0
2018223661,2,100.0,100.0
2018227861,2,100.0,100.0
2018232061,2,100.0,100.0
2018236261,2,100.0,100.0
2018240461,2,100.0,100.0
2018244661,2,100.0,100.0
2018248861,2,100.0,100.0
2018253061,2,100.0,100.0
2018257261,2,100.0,100.0
2018261461,2,100.0,100.0
2018265661,2,100.0,100.0
2018269861,2,100.0,100.0
2018274061,2,100.0,100.0
2018278261,2,100.0,100.0
2018282461,2,100.0,100.0
2018286661,2,100.0,100.0
2018290861,2,100.0,100.0
2018295061,2,100.0,100.0
2018299261,2,100.0,100.0
2018303461,2,100.0,100.0
2018307661,2,100.0,100.0
2018311861,2,100.0,100.0
2018316061,2,100.0,100.0
2018320261,2,100.0,100.0
2018324461,2,100.0,100.0
2018328661,2,100.0,100.0
2018332861,2,100.0,100.0
2018337061,2,100.0,100.0
2018341261,2,100.0,100.0
2018345461,2,100.0,100.0
2018349661,2,100.0,100.0
2018353861,2,100.0,100.0
2018358061,2,100.0,100.0
2018362261,2,100.0,100.0
2018366461,2,100.0,100.0
2018370661,2,100.0,100.0
2018374861,2,100.0,100.0
2018379061,2,100.0,100.0
2018383261,2,100.0,100.0
2018387461,2,100.0,100.0
2018391661,2,100.0,100.0
2018395861,2,100.0,100.0
2018400061,2,100.0,100.0
2018404261,2,100.0,100.0
2018408461,2,100.0,100.0
2018412661,2,100.0,100.0
2018416861,2,100.0,100.0
2018421061,2,100.0,100.0
2018425261,2,100.0,100.0
2018429461,2,100.0,100.0
2018433661,2,100.0,100.0
2018437861,2,100.0,100.0
2018442061,2,100.0,100.0
2018446261,2,100.0,100.0
2018450461,2,100.0,100.0
2018454661,2,100.0,100.0
2018458861,2,100.0,100.0
2018463061,2,100.0,100.0
2018467261,2,100.0,100.0
2018471461,2,100.0,100.0
2018475661,2,100.0,100.0
2018479861,2,100.0,100.0
2018484061,2,100.0,100.0
2018488261,2,100.0,100.0
2018492461,2,100.0,100.0
2018496661,2,100.0,100.0
2018500861,2,100.0,100.0
2018505061,2,100.0,100.0
2018509261,2,100.0,100.0
2018513461,2,100.0,100.0
2018517661,2,100.0,100.0
2018521861,2,100.0,100.0
