time_ns,node_id,src_ip,src_port,dst_ip,dst_port,priority,rate_bps,cc_tag
2000005493,2,0.2,10000,0.1,100,3,100000000000,HPCC
2000006885,2,0.2,10000,0.1,100,3,95035386863,HPCC
2000008277,2,0.2,10000,0.1,100,3,94792513394,HPCC
2000009625,2,0.2,10000,0.1,100,3,94810364054,HPCC
2000010986,2,0.2,10000,0.1,100,3,100000000000,HPCC
2000012556,2,0.2,10000,0.1,100,3,100000000000,HPCC
2000014012,2,0.2,10000,0.1,100,3,100000000000,HPCC
2000016305,2,0.2,10000,0.1,100,3,100000000000,HPCC
2000017701,2,0.2,10000,0.1,100,3,100000000000,HPCC
2000019157,2,0.2,10000,0.1,100,3,100000000000,HPCC
2000021450,2,0.2,10000,0.1,100,3,100000000000,HPCC
2000022846,2,0.2,10000,0.1,100,3,100000000000,HPCC
2000024302,2,0.2,10000,0.1,100,3,100000000000,HPCC
2000026595,2,0.2,10000,0.1,100,3,100000000000,HPCC
2000027991,2,0.2,10000,0.1,100,3,100000000000,HPCC
2000029447,2,0.2,10000,0.1,100,3,100000000000,HPCC
2000031740,2,0.2,10000,0.1,100,3,100000000000,HPCC
2000033136,2,0.2,10000,0.1,100,3,100000000000,HPCC
2000034592,2,0.2,10000,0.1,100,3,100000000000,HPCC
2000036885,2,0.2,10000,0.1,100,3,100000000000,HPCC
2000038281,2,0.2,10000,0.1,100,3,100000000000,HPCC
2000039737,2,0.2,10000,0.1,100,3,100000000000,HPCC
2000042030,2,0.2,10000,0.1,100,3,100000000000,HPCC
2000043426,2,0.2,10000,0.1,100,3,100000000000,HPCC
2000044882,2,0.2,10000,0.1,100,3,100000000000,HPCC
2000047175,2,0.2,10000,0.1,100,3,100000000000,HPCC
2000048571,2,0.2,10000,0.1,100,3,100000000000,HPCC
2000050027,2,0.2,10000,0.1,100,3,100000000000,HPCC
2000052320,2,0.2,10000,0.1,100,3,100000000000,HPCC
2000053716,2,0.2,10000,0.1,100,3,100000000000,HPCC
2000055172,2,0.2,10000,0.1,100,3,100000000000,HPCC
2000057465,2,0.2,10000,0.1,100,3,100000000000,HPCC
2000058861,2,0.2,10000,0.1,100,3,100000000000,HPCC
2000060317,2,0.2,10000,0.1,100,3,100000000000,HPCC
2000062610,2,0.2,10000,0.1,100,3,100000000000,HPCC
2000064006,2,0.2,10000,0.1,100,3,100000000000,HPCC
2000065462,2,0.2,10000,0.1,100,3,100000000000,HPCC
2000067755,2,0.2,10000,0.1,100,3,100000000000,HPCC
2000069151,2,0.2,10000,0.1,100,3,100000000000,HPCC
2000070607,2,0.2,10000,0.1,100,3,100000000000,HPCC
2000072900,2,0.2,10000,0.1,100,3,100000000000,HPCC
2000074296,2,0.2,10000,0.1,100,3,100000000000,HPCC
2000075752,2,0.2,10000,0.1,100,3,100000000000,HPCC
2000078045,2,0.2,10000,0.1,100,3,100000000000,HPCC
2000079441,2,0.2,10000,0.1,100,3,100000000000,HPCC
2000080897,2,0.2,10000,0.1,100,3,100000000000,HPCC
2000083190,2,0.2,10000,0.1,100,3,100000000000,HPCC
2000084586,2,0.2,10000,0.1,100,3,100000000000,HPCC
2000086042,2,0.2,10000,0.1,100,3,100000000000,HPCC
2000088335,2,0.2,10000,0.1,100,3,100000000000,HPCC
2000089731,2,0.2,10000,0.1,100,3,100000000000,HPCC
2000091187,2,0.2,10000,0.1,100,3,100000000000,HPCC
2000093480,2,0.2,10000,0.1,100,3,100000000000,HPCC
2000094876,2,0.2,10000,0.1,100,3,100000000000,HPCC
2000096332,2,0.2,10000,0.1,100,3,100000000000,HPCC
2000098625,2,0.2,10000,0.1,100,3,100000000000,HPCC
2000100021,2,0.2,10000,0.1,100,3,100000000000,HPCC
2000101477,2,0.2,10000,0.1,100,3,100000000000,HPCC
2000103770,2,0.2,10000,0.1,100,3,100000000000,HPCC
2000108294,2,0.2,10000,0.1,100,3,95006341911,HPCC
2000109425,3,0.3,10000,0.1,100,3,100000000000,HPCC
2000109512,4,0.4,10000,0.1,100,3,100000000000,HPCC
2000109599,5,0.5,10000,0.1,100,3,100000000000,HPCC
2000113862,2,0.2,10000,0.1,100,3,28408283801,HPCC
2000114993,3,0.3,10000,0.1,100,3,24442707954,HPCC
2000115080,4,0.4,10000,0.1,100,3,24318083895,HPCC
2000115167,5,0.5,10000,0.1,100,3,24318083895,HPCC
2000116254,2,0.2,10000,0.1,100,3,28392664381,HPCC
2000119604,3,0.3,10000,0.1,100,3,33428006657,HPCC
2000119691,4,0.4,10000,0.1,100,3,33682520191,HPCC
2000119778,5,0.5,10000,0.1,100,3,33940944976,HPCC
2000121866,2,0.2,10000,0.1,100,3,41345908954,HPCC
2000121996,3,0.3,10000,0.1,100,3,34771579107,HPCC
2000122083,4,0.4,10000,0.1,100,3,35078843977,HPCC
2000122170,5,0.5,10000,0.1,100,3,35326986968,HPCC
2000124171,2,0.2,10000,0.1,100,3,17881538228,HPCC
2000126999,3,0.3,10000,0.1,100,3,70072989309,HPCC
2000127173,4,0.4,10000,0.1,100,3,71076665679,HPCC
2000127260,5,0.5,10000,0.1,100,3,72239142723,HPCC
2000129130,3,0.3,10000,0.1,100,3,51225236890,HPCC
2000129304,4,0.4,10000,0.1,100,3,52985872484,HPCC
2000129391,5,0.5,10000,0.1,100,3,54627998702,HPCC
2000129913,2,0.2,10000,0.1,100,3,39240704020,HPCC
2000134965,3,0.3,10000,0.1,100,3,81051444351,HPCC
2000135313,4,0.4,10000,0.1,100,3,85700457444,HPCC
2000135400,5,0.5,10000,0.1,100,3,86940267299,HPCC
2000139358,3,0.3,10000,0.1,100,3,58047215447,HPCC
2000139706,4,0.4,10000,0.1,100,3,64156070066,HPCC
2000139837,2,0.2,10000,0.1,100,3,46781806580,HPCC
2000139967,5,0.5,10000,0.1,100,3,66616050330,HPCC
2000141272,2,0.2,10000,0.1,100,3,51628526393,HPCC
2000143839,3,0.3,10000,0.1,100,3,53400578490,HPCC
2000144535,4,0.4,10000,0.1,100,3,59045924455,HPCC
2000144709,5,0.5,10000,0.1,100,3,62806573981,HPCC
2000148189,3,0.3,10000,0.1,100,3,28928981190,HPCC
2000148537,4,0.4,10000,0.1,100,3,31862235465,HPCC
2000148624,5,0.5,10000,0.1,100,3,34544577348,HPCC
2000149885,4,0.4,10000,0.1,100,3,31843272120,HPCC
2000150233,5,0.5,10000,0.1,100,3,34448548612,HPCC
2000150451,2,0.2,10000,0.1,100,3,28786048037,HPCC
2000152756,2,0.2,10000,0.1,100,3,17075518908,HPCC
2000154757,3,0.3,10000,0.1,100,3,36306256829,HPCC
2000155497,4,0.4,10000,0.1,100,3,48905137875,HPCC
2000155671,5,0.5,10000,0.1,100,3,53008250801,HPCC
2000156410,3,0.3,10000,0.1,100,3,26456082319,HPCC
2000156584,4,0.4,10000,0.1,100,3,40559124685,HPCC
2000156932,5,0.5,10000,0.1,100,3,44858756871,HPCC
2000160032,2,0.2,10000,0.1,100,3,40114215778,HPCC
2000163165,5,0.5,10000,0.1,100,3,73319863599,HPCC
2000163252,4,0.4,10000,0.1,100,3,60104435405,HPCC
2000164339,3,0.3,10000,0.1,100,3,42837914916,HPCC
2000165470,4,0.4,10000,0.1,100,3,66594506600,HPCC
2000165557,5,0.5,10000,0.1,100,3,86207927215,HPCC
2000167614,2,0.2,10000,0.1,100,3,48149702003,HPCC
2000170485,5,0.5,10000,0.1,100,3,86571470447,HPCC
2000170528,2,0.2,10000,0.1,100,3,50336245100,HPCC
2000171442,4,0.4,10000,0.1,100,3,66290583747,HPCC
2000173791,5,0.5,10000,0.1,100,3,56936152711,HPCC
2000175270,3,0.3,10000,0.1,100,3,39521282801,HPCC
2000175444,4,0.4,10000,0.1,100,3,34585454585,HPCC
2000177401,4,0.4,10000,0.1,100,3,34184415232,HPCC
2000177488,5,0.5,10000,0.1,100,3,46522714086,HPCC
2000178141,2,0.2,10000,0.1,100,3,32742482833,HPCC
2000178358,3,0.3,10000,0.1,100,3,25635938203,HPCC
2000180751,5,0.5,10000,0.1,100,3,57962543565,HPCC
2000181925,5,0.5,10000,0.1,100,3,38850403856,HPCC
2000181969,4,0.4,10000,0.1,100,3,47128442817,HPCC
2000182186,2,0.2,10000,0.1,100,3,22776428061,HPCC
2000184187,4,0.4,10000,0.1,100,3,33789426654,HPCC
2000184709,3,0.3,10000,0.1,100,3,31025116035,HPCC
2000185666,2,0.2,10000,0.1,100,3,29376675238,HPCC
2000185989,5,0.5,10000,0.1,100,3,62650171646,HPCC
2000188212,5,0.5,10000,0.1,100,3,66789548922,HPCC
2000188909,2,0.2,10000,0.1,100,3,33996611607,HPCC
2000189265,4,0.4,10000,0.1,100,3,58973819825,HPCC
2000190827,4,0.4,10000,0.1,100,3,75670601744,HPCC
2000192760,5,0.5,10000,0.1,100,3,71103174045,HPCC
2000193891,3,0.3,10000,0.1,100,3,28391996112,HPCC
2000195239,3,0.3,10000,0.1,100,3,25509751315,HPCC
2000195457,2,0.2,10000,0.1,100,3,31844639239,HPCC
2000195805,5,0.5,10000,0.1,100,3,64426348132,HPCC
2000197023,4,0.4,10000,0.1,100,3,56455134520,HPCC
2000197327,2,0.2,10000,0.1,100,3,31268579700,HPCC
2000197414,5,0.5,10000,0.1,100,3,62240586636,HPCC
2000198763,4,0.4,10000,0.1,100,3,47893419899,HPCC
2000200764,5,0.5,10000,0.1,100,3,52205736819,HPCC
2000201155,4,0.4,10000,0.1,100,3,44759251300,HPCC
2000203983,5,0.5,10000,0.1,100,3,36106781257,HPCC
2000205244,5,0.5,10000,0.1,100,3,36103025071,HPCC
2000205549,2,0.2,10000,0.1,100,3,23777597130,HPCC
2000205592,3,0.3,10000,0.1,100,3,20218871088,HPCC
2000206071,4,0.4,10000,0.1,100,3,42854544493,HPCC
2000206810,2,0.2,10000,0.1,100,3,17785863374,HPCC
2000208637,4,0.4,10000,0.1,100,3,34982661959,HPCC
2000209135,5,0.5,10000,0.1,100,3,61900151416,HPCC
2000210911,5,0.5,10000,0.1,100,3,77615816945,HPCC
2000213541,4,0.4,10000,0.1,100,3,60777061896,HPCC
2000215063,2,0.2,10000,0.1,100,3,27861807293,HPCC
2000215368,5,0.5,10000,0.1,100,3,68175779119,HPCC
2000215411,3,0.3,10000,0.1,100,3,22593496863,HPCC
2000215585,4,0.4,10000,0.1,100,3,76196021346,HPCC
2000217131,5,0.5,10000,0.1,100,3,77882027636,HPCC
2000219300,5,0.5,10000,0.1,100,3,76302422421,HPCC
2000220165,4,0.4,10000,0.1,100,3,61677304609,HPCC
2000223558,4,0.4,10000,0.1,100,3,53726171012,HPCC
2000223732,5,0.5,10000,0.1,100,3,65917037595,HPCC
2000226385,4,0.4,10000,0.1,100,3,43254670385,HPCC
2000226690,5,0.5,10000,0.1,100,3,48965233457,HPCC
2000227777,2,0.2,10000,0.1,100,3,26311336233,HPCC
2000228038,3,0.3,10000,0.1,100,3,21344963008,HPCC
2000229561,4,0.4,10000,0.1,100,3,50104014948,HPCC
2000229648,5,0.5,10000,0.1,100,3,52885438682,HPCC
2000231975,4,0.4,10000,0.1,100,3,46542831413,HPCC
2000232946,5,0.5,10000,0.1,100,3,56664911858,HPCC
2000237577,5,0.5,10000,0.1,100,3,59083622537,HPCC
2000237751,4,0.4,10000,0.1,100,3,58813111631,HPCC
2000238490,2,0.2,10000,0.1,100,3,21991721956,HPCC
2000239099,3,0.3,10000,0.1,100,3,17461239694,HPCC
2000240404,4,0.4,10000,0.1,100,3,60225763327,HPCC
2000240839,5,0.5,10000,0.1,100,3,60097045408,HPCC
2000244870,5,0.5,10000,0.1,100,3,90170512833,HPCC
2000245131,4,0.4,10000,0.1,100,3,72132004683,HPCC
2000248350,4,0.4,10000,0.1,100,3,61639147813,HPCC
2000249046,5,0.5,10000,0.1,100,3,82066333374,HPCC
2000249959,2,0.2,10000,0.1,100,3,23311790875,HPCC
2000250220,3,0.3,10000,0.1,100,3,19051278127,HPCC
2000251482,5,0.5,10000,0.1,100,3,82179243645,HPCC
2000252526,4,0.4,10000,0.1,100,3,56582458980,HPCC
2000254353,5,0.5,10000,0.1,100,3,61882727185,HPCC
2000255223,4,0.4,10000,0.1,100,3,43444476658,HPCC
2000256397,4,0.4,10000,0.1,100,3,43426146147,HPCC
2000257137,5,0.5,10000,0.1,100,3,59572077461,HPCC
2000259964,5,0.5,10000,0.1,100,3,42810816412,HPCC
2000261139,4,0.4,10000,0.1,100,3,47751939302,HPCC
2000261182,3,0.3,10000,0.1,100,3,17388150188,HPCC
2000261443,2,0.2,10000,0.1,100,3,20868372584,HPCC
2000262639,5,0.5,10000,0.1,100,3,54831825401,HPCC
2000262748,4,0.4,10000,0.1,100,3,40694224265,HPCC
2000265558,5,0.5,10000,0.1,100,3,74019825532,HPCC
2000268871,4,0.4,10000,0.1,100,3,60756599858,HPCC
2000270089,5,0.5,10000,0.1,100,3,62435472599,HPCC
2000271611,4,0.4,10000,0.1,100,3,63009118615,HPCC
2000271785,2,0.2,10000,0.1,100,3,20006275946,HPCC
2000271959,3,0.3,10000,0.1,100,3,16887207594,HPCC
2000272003,5,0.5,10000,0.1,100,3,61140840850,HPCC
2000273612,5,0.5,10000,0.1,100,3,60946707892,HPCC
2000275421,4,0.4,10000,0.1,100,3,64616886919,HPCC
2000277683,5,0.5,10000,0.1,100,3,70320392744,HPCC
2000278466,4,0.4,10000,0.1,100,3,60339739276,HPCC
2000279640,4,0.4,10000,0.1,100,3,59768030160,HPCC
2000280293,5,0.5,10000,0.1,100,3,61563429321,HPCC
2000282163,3,0.3,10000,0.1,100,3,14769092063,HPCC
2000282207,4,0.4,10000,0.1,100,3,57055667516,HPCC
2000282337,2,0.2,10000,0.1,100,3,17796399370,HPCC
2000284382,5,0.5,10000,0.1,100,3,56299701363,HPCC
2000285600,4,0.4,10000,0.1,100,3,49960827912,HPCC
2000286383,5,0.5,10000,0.1,100,3,47854769932,HPCC
2000287470,5,0.5,10000,0.1,100,3,47870830174,HPCC
2000289384,4,0.4,10000,0.1,100,3,52737997576,HPCC
2000291441,5,0.5,10000,0.1,100,3,53237188039,HPCC
2000291832,3,0.3,10000,0.1,100,3,12952706633,HPCC
2000292354,2,0.2,10000,0.1,100,3,15294146680,HPCC
2000293224,4,0.4,10000,0.1,100,3,52218779068,HPCC
2000293659,5,0.5,10000,0.1,100,3,50419280748,HPCC
2000296161,4,0.4,10000,0.1,100,3,84293635358,HPCC
2000298410,5,0.5,10000,0.1,100,3,75794457029,HPCC
2000301020,4,0.4,10000,0.1,100,3,81158204858,HPCC
2000301498,5,0.5,10000,0.1,100,3,83233580567,HPCC
2000301585,3,0.3,10000,0.1,100,3,13901200387,HPCC
2000301846,2,0.2,10000,0.1,100,3,16947588532,HPCC
2000302412,4,0.4,10000,0.1,100,3,77083732942,HPCC
2000304848,5,0.5,10000,0.1,100,3,67701225300,HPCC
2000305239,4,0.4,10000,0.1,100,3,76333985388,HPCC
2000307197,5,0.5,10000,0.1,100,3,59800298637,HPCC
2000307501,3,0.3,10000,0.1,100,3,12218556823,HPCC
2000308023,2,0.2,10000,0.1,100,3,15174882911,HPCC
2000308502,4,0.4,10000,0.1,100,3,68505939594,HPCC
2000308719,3,0.3,10000,0.1,100,3,10068377785,HPCC
2000309067,2,0.2,10000,0.1,100,3,12548442836,HPCC
2000309850,3,0.3,10000,0.1,100,3,9396493879,HPCC
2000310546,5,0.5,10000,0.1,100,3,49271649351,HPCC
2000311808,4,0.4,10000,0.1,100,3,50389969338,HPCC
2000312460,3,0.3,10000,0.1,100,3,8797856932,HPCC
2000313504,2,0.2,10000,0.1,100,3,11345884843,HPCC
2000313591,3,0.3,10000,0.1,100,3,8887702140,HPCC
2000313635,5,0.5,10000,0.1,100,3,51363117405,HPCC
2000314679,4,0.4,10000,0.1,100,3,56660772995,HPCC
2000316614,5,0.5,10000,0.1,100,3,43620686782,HPCC
2000318034,4,0.4,10000,0.1,100,3,61364993185,HPCC
2000319634,3,0.3,10000,0.1,100,3,15833613087,HPCC
2000320751,5,0.5,10000,0.1,100,3,70188934176,HPCC
2000320794,3,0.3,10000,0.1,100,3,18768562177,HPCC
2000321708,4,0.4,10000,0.1,100,3,65743628407,HPCC
2000322099,3,0.3,10000,0.1,100,3,17029656989,HPCC
2000323143,2,0.2,10000,0.1,100,3,16187001700,HPCC
2000323404,5,0.5,10000,0.1,100,3,79950800997,HPCC
2000323958,4,0.4,10000,0.1,100,3,74493949252,HPCC
2000327286,5,0.5,10000,0.1,100,3,84417428777,HPCC
2000329200,4,0.4,10000,0.1,100,3,75102426071,HPCC
2000330026,2,0.2,10000,0.1,100,3,17440625396,HPCC
2000330287,3,0.3,10000,0.1,100,3,15457376339,HPCC
2000330505,5,0.5,10000,0.1,100,3,74037356402,HPCC
2000332419,4,0.4,10000,0.1,100,3,54760228758,HPCC
2000333332,5,0.5,10000,0.1,100,3,64634108343,HPCC
2000334202,4,0.4,10000,0.1,100,3,54083692892,HPCC
2000334550,2,0.2,10000,0.1,100,3,12059305397,HPCC
2000334768,5,0.5,10000,0.1,100,3,60638343672,HPCC
2000335942,5,0.5,10000,0.1,100,3,43497743496,HPCC
2000337030,4,0.4,10000,0.1,100,3,54213598948,HPCC
2000338204,2,0.2,10000,0.1,100,3,12738496559,HPCC
2000339118,5,0.5,10000,0.1,100,3,47670796075,HPCC
2000340814,3,0.3,10000,0.1,100,3,12174436966,HPCC
2000341538,4,0.4,10000,0.1,100,3,54422554812,HPCC
2000341858,5,0.5,10000,0.1,100,3,50894034209,HPCC
2000342032,2,0.2,10000,0.1,100,3,11830098421,HPCC
2000344646,4,0.4,10000,0.1,100,3,62782353262,HPCC
2000344820,2,0.2,10000,0.1,100,3,15193704506,HPCC
2000346107,5,0.5,10000,0.1,100,3,69037111425,HPCC
2000348804,4,0.4,10000,0.1,100,3,61182803521,HPCC
2000349630,5,0.5,10000,0.1,100,3,54016163223,HPCC
2000350500,3,0.3,10000,0.1,100,3,13675292102,HPCC
2000351240,4,0.4,10000,0.1,100,3,60554055790,HPCC
2000351979,2,0.2,10000,0.1,100,3,16273677406,HPCC
2000352284,5,0.5,10000,0.1,100,3,52002077530,HPCC
2000352414,4,0.4,10000,0.1,100,3,60288262067,HPCC
2000355427,5,0.5,10000,0.1,100,3,53427046922,HPCC
2000355434,4,0.4,10000,0.1,100,3,65142384761,HPCC
2000358263,4,0.4,10000,0.1,100,3,67716401274,HPCC
2000359615,5,0.5,10000,0.1,100,3,56941364650,HPCC
2000360394,3,0.3,10000,0.1,100,3,13659700045,HPCC
2000361833,2,0.2,10000,0.1,100,3,15325215206,HPCC
2000362225,4,0.4,10000,0.1,100,3,60375233401,HPCC
2000363138,5,0.5,10000,0.1,100,3,56597998626,HPCC
2000364253,4,0.4,10000,0.1,100,3,61441576497,HPCC
2000365949,4,0.4,10000,0.1,100,3,60508447774,HPCC
2000366140,5,0.5,10000,0.1,100,3,60297279471,HPCC
2000367404,5,0.5,10000,0.1,100,3,64941821583,HPCC
2000369482,4,0.4,10000,0.1,100,3,57185469188,HPCC
2000370743,5,0.5,10000,0.1,100,3,59147282789,HPCC
2000370830,3,0.3,10000,0.1,100,3,13512264720,HPCC
2000371613,2,0.2,10000,0.1,100,3,13928349863,HPCC
2000371831,4,0.4,10000,0.1,100,3,51192726166,HPCC
2000372701,5,0.5,10000,0.1,100,3,56019847788,HPCC
2000374223,5,0.5,10000,0.1,100,3,52196395081,HPCC
2000376539,4,0.4,10000,0.1,100,3,60645742260,HPCC
2000378453,5,0.5,10000,0.1,100,3,63855433386,HPCC
2000379714,4,0.4,10000,0.1,100,3,57921735328,HPCC
2000380932,3,0.3,10000,0.1,100,3,13204188625,HPCC
2000381193,5,0.5,10000,0.1,100,3,66563370615,HPCC
2000381280,2,0.2,10000,0.1,100,3,14575014786,HPCC
2000382934,4,0.4,10000,0.1,100,3,75366838715,HPCC
2000385109,5,0.5,10000,0.1,100,3,75772045186,HPCC
2000386892,4,0.4,10000,0.1,100,3,75685018894,HPCC
2000387371,5,0.5,10000,0.1,100,3,73707537166,HPCC
2000388806,5,0.5,10000,0.1,100,3,72307276587,HPCC
2000389546,4,0.4,10000,0.1,100,3,63707230782,HPCC
2000390720,2,0.2,10000,0.1,100,3,15654553383,HPCC
2000390894,3,0.3,10000,0.1,100,3,13187962054,HPCC
2000391764,2,0.2,10000,0.1,100,3,15330685503,HPCC
2000391982,5,0.5,10000,0.1,100,3,62829162836,HPCC
2000393113,4,0.4,10000,0.1,100,3,49822817343,HPCC
2000394679,5,0.5,10000,0.1,100,3,48591107812,HPCC
2000395897,4,0.4,10000,0.1,100,3,52332224042,HPCC
2000396201,5,0.5,10000,0.1,100,3,48484362980,HPCC
2000397158,4,0.4,10000,0.1,100,3,43216335547,HPCC
2000399583,5,0.5,10000,0.1,100,3,61155600041,HPCC
2000399855,4,0.4,10000,0.1,100,3,47178860363,HPCC
2000400029,2,0.2,10000,0.1,100,3,14887429446,HPCC
2000400203,3,0.3,10000,0.1,100,3,12552187009,HPCC
2000402390,5,0.5,10000,0.1,100,3,62580237612,HPCC
2000403654,4,0.4,10000,0.1,100,3,65161836653,HPCC
2000406566,5,0.5,10000,0.1,100,3,88503712267,HPCC
2000407305,4,0.4,10000,0.1,100,3,88304417792,HPCC
2000408828,5,0.5,10000,0.1,100,3,90886290078,HPCC
2000410002,5,0.5,10000,0.1,100,3,89988069646,HPCC
2000410089,2,0.2,10000,0.1,100,3,17978321977,HPCC
2000410220,4,0.4,10000,0.1,100,3,60551848688,HPCC
2000410350,3,0.3,10000,0.1,100,3,15121783509,HPCC
2000412917,4,0.4,10000,0.1,100,3,55542785534,HPCC
2000413004,5,0.5,10000,0.1,100,3,73895683191,HPCC
2000415614,5,0.5,10000,0.1,100,3,56152858286,HPCC
2000416658,4,0.4,10000,0.1,100,3,45409066322,HPCC
2000418311,5,0.5,10000,0.1,100,3,52663766264,HPCC
2000421138,3,0.3,10000,0.1,100,3,12797144066,HPCC
2000421225,2,0.2,10000,0.1,100,3,15205905697,HPCC
2000421356,4,0.4,10000,0.1,100,3,43075051779,HPCC
2000422095,5,0.5,10000,0.1,100,3,43987644055,HPCC
2000423766,4,0.4,10000,0.1,100,3,46976304930,HPCC
2000425644,5,0.5,10000,0.1,100,3,72395549173,HPCC
2000428656,4,0.4,10000,0.1,100,3,57599485270,HPCC
2000429134,5,0.5,10000,0.1,100,3,92798052673,HPCC
2000430412,3,0.3,10000,0.1,100,3,16434550311,HPCC
2000430499,2,0.2,10000,0.1,100,3,18980138612,HPCC
2000431239,4,0.4,10000,0.1,100,3,70632857518,HPCC
2000431632,5,0.5,10000,0.1,100,3,80816145551,HPCC
2000433789,5,0.5,10000,0.1,100,3,90569537908,HPCC
2000436225,5,0.5,10000,0.1,100,3,76743549340,HPCC
2000436399,4,0.4,10000,0.1,100,3,59144002068,HPCC
2000436442,3,0.3,10000,0.1,100,3,17462649713,HPCC
2000439444,4,0.4,10000,0.1,100,3,42666351709,HPCC
2000440096,5,0.5,10000,0.1,100,3,59534532779,HPCC
2000441053,4,0.4,10000,0.1,100,3,41492702384,HPCC
2000441967,5,0.5,10000,0.1,100,3,38985175447,HPCC
2000442271,2,0.2,10000,0.1,100,3,18674351774,HPCC
2000442358,3,0.3,10000,0.1,100,3,12655663409,HPCC
2000444533,3,0.3,10000,0.1,100,3,13551825860,HPCC
2000444838,4,0.4,10000,0.1,100,3,56150979776,HPCC
2000445664,5,0.5,10000,0.1,100,3,47672184767,HPCC
2000446900,4,0.4,10000,0.1,100,3,61266535639,HPCC
2000448322,5,0.5,10000,0.1,100,3,56279735876,HPCC
2000451908,4,0.4,10000,0.1,100,3,75104175137,HPCC
2000452038,2,0.2,10000,0.1,100,3,20908414433,HPCC
2000452734,3,0.3,10000,0.1,100,3,15239562547,HPCC
2000453213,5,0.5,10000,0.1,100,3,56689563187,HPCC
2000454431,4,0.4,10000,0.1,100,3,74120459581,HPCC
2000456127,5,0.5,10000,0.1,100,3,60424924065,HPCC
2000458213,4,0.4,10000,0.1,100,3,79991809066,HPCC
2000461345,5,0.5,10000,0.1,100,3,62938919527,HPCC
2000461432,4,0.4,10000,0.1,100,3,68694983441,HPCC
2000463302,2,0.2,10000,0.1,100,3,19816235913,HPCC
2000463563,4,0.4,10000,0.1,100,3,64674239423,HPCC
2000463911,3,0.3,10000,0.1,100,3,13899332321,HPCC
2000463955,5,0.5,10000,0.1,100,3,52955716068,HPCC
2000465260,4,0.4,10000,0.1,100,3,68927864418,HPCC
2000467870,5,0.5,10000,0.1,100,3,56946899213,HPCC
2000468305,4,0.4,10000,0.1,100,3,61002900562,HPCC
2000469653,4,0.4,10000,0.1,100,3,60959073973,HPCC
2000471306,5,0.5,10000,0.1,100,3,51786232415,HPCC
2000471959,4,0.4,10000,0.1,100,3,60442778185,HPCC
2000473394,2,0.2,10000,0.1,100,3,17759497387,HPCC
2000473742,3,0.3,10000,0.1,100,3,12218810877,HPCC
2000475004,4,0.4,10000,0.1,100,3,53754513270,HPCC
2000475091,5,0.5,10000,0.1,100,3,51915786023,HPCC
2000477930,5,0.5,10000,0.1,100,3,53194601772,HPCC
2000478310,4,0.4,10000,0.1,100,3,66100864229,HPCC
2000482324,5,0.5,10000,0.1,100,3,55380667448,HPCC
2000482628,4,0.4,10000,0.1,100,3,74320971032,HPCC
2000483411,2,0.2,10000,0.1,100,3,17811661062,HPCC
2000483585,3,0.3,10000,0.1,100,3,12295850036,HPCC
2000484934,4,0.4,10000,0.1,100,3,61613661668,HPCC
2000485499,5,0.5,10000,0.1,100,3,53028687761,HPCC
2000486543,4,0.4,10000,0.1,100,3,57665682744,HPCC
2000489295,3,0.3,10000,0.1,100,3,13226941254,HPCC
2000489513,4,0.4,10000,0.1,100,3,77042116535,HPCC
2000489774,5,0.5,10000,0.1,100,3,57483118173,HPCC
2000493645,4,0.4,10000,0.1,100,3,57304810730,HPCC
2000493819,5,0.5,10000,0.1,100,3,53373295646,HPCC
2000493993,2,0.2,10000,0.1,100,3,18309163035,HPCC
2000494483,3,0.3,10000,0.1,100,3,13396416131,HPCC
2000495928,4,0.4,10000,0.1,100,3,56311151685,HPCC
2000497059,5,0.5,10000,0.1,100,3,57808963440,HPCC
2000499159,4,0.4,10000,0.1,100,3,58514872736,HPCC
2000500485,5,0.5,10000,0.1,100,3,61326006653,HPCC
2000502951,4,0.4,10000,0.1,100,3,63653851486,HPCC
2000503995,5,0.5,10000,0.1,100,3,61753429891,HPCC
2000504125,2,0.2,10000,0.1,100,3,19611797691,HPCC
2000504212,3,0.3,10000,0.1,100,3,14258588002,HPCC
2000506518,5,0.5,10000,0.1,100,3,61272453150,HPCC
2000506909,4,0.4,10000,0.1,100,3,55215748829,HPCC
2000509836,4,0.4,10000,0.1,100,3,61902185623,HPCC
2000510488,3,0.3,10000,0.1,100,3,14070871063,HPCC
2000511228,5,0.5,10000,0.1,100,3,72007219283,HPCC
2000511358,4,0.4,10000,0.1,100,3,58760828094,HPCC
2000514273,5,0.5,10000,0.1,100,3,68655596836,HPCC
2000514969,4,0.4,10000,0.1,100,3,51286008845,HPCC
2000515360,2,0.2,10000,0.1,100,3,18968300184,HPCC
2000516404,3,0.3,10000,0.1,100,3,13388108124,HPCC
2000517753,5,0.5,10000,0.1,100,3,65113233653,HPCC
2000518492,4,0.4,10000,0.1,100,3,47676238961,HPCC
2000519792,5,0.5,10000,0.1,100,3,63341739495,HPCC
2000521488,5,0.5,10000,0.1,100,3,62648859782,HPCC
2000522271,4,0.4,10000,0.1,100,3,51401711910,HPCC
2000524651,5,0.5,10000,0.1,100,3,63074122045,HPCC
2000525216,2,0.2,10000,0.1,100,3,18074927112,HPCC
2000526086,3,0.3,10000,0.1,100,3,13622948966,HPCC
2000526565,5,0.5,10000,0.1,100,3,59272106206,HPCC
2000526608,4,0.4,10000,0.1,100,3,51694003717,HPCC
2000527652,5,0.5,10000,0.1,100,3,59307189900,HPCC
2000529656,4,0.4,10000,0.1,100,3,61338446890,HPCC
2000531128,5,0.5,10000,0.1,100,3,78666950204,HPCC
2000534695,4,0.4,10000,0.1,100,3,63105787114,HPCC
2000535086,5,0.5,10000,0.1,100,3,77605941621,HPCC
2000535347,2,0.2,10000,0.1,100,3,17536742212,HPCC
2000536130,3,0.3,10000,0.1,100,3,13842515310,HPCC
2000537044,4,0.4,10000,0.1,100,3,59808767533,HPCC
2000537566,5,0.5,10000,0.1,100,3,69123008959,HPCC
2000540144,5,0.5,10000,0.1,100,3,66995505588,HPCC
2000542058,4,0.4,10000,0.1,100,3,58291339347,HPCC
2000543972,5,0.5,10000,0.1,100,3,59019731939,HPCC
2000544537,3,0.3,10000,0.1,100,3,13128279569,HPCC
2000545103,4,0.4,10000,0.1,100,3,47090162790,HPCC
2000546364,2,0.2,10000,0.1,100,3,15723985261,HPCC
2000546582,5,0.5,10000,0.1,100,3,49966554885,HPCC
2000546799,3,0.3,10000,0.1,100,3,11338561061,HPCC
2000547843,5,0.5,10000,0.1,100,3,50072145175,HPCC
2000549291,4,0.4,10000,0.1,100,3,59183771909,HPCC
2000551379,5,0.5,10000,0.1,100,3,61986912813,HPCC
2000552031,4,0.4,10000,0.1,100,3,60909123378,HPCC
2000553597,3,0.3,10000,0.1,100,3,13942050893,HPCC
2000554206,5,0.5,10000,0.1,100,3,69950178627,HPCC
2000555711,4,0.4,10000,0.1,100,3,71799446443,HPCC
2000556036,2,0.2,10000,0.1,100,3,17490303684,HPCC
2000558147,5,0.5,10000,0.1,100,3,68190051099,HPCC
2000558669,4,0.4,10000,0.1,100,3,71696509321,HPCC
2000560148,5,0.5,10000,0.1,100,3,65424056815,HPCC
2000562105,5,0.5,10000,0.1,100,3,63373231310,HPCC
2000562497,4,0.4,10000,0.1,100,3,61294383744,HPCC
2000563932,3,0.3,10000,0.1,100,3,14439479318,HPCC
2000565542,4,0.4,10000,0.1,100,3,48581210800,HPCC
2000566151,5,0.5,10000,0.1,100,3,55409406757,HPCC
2000567586,4,0.4,10000,0.1,100,3,47446440956,HPCC
2000567673,2,0.2,10000,0.1,100,3,16849475468,HPCC
2000567891,5,0.5,10000,0.1,100,3,44407151800,HPCC
2000568978,5,0.5,10000,0.1,100,3,44343273205,HPCC
2000570707,4,0.4,10000,0.1,100,3,68671653905,HPCC
2000573143,5,0.5,10000,0.1,100,3,58409574016,HPCC
2000573708,3,0.3,10000,0.1,100,3,13630588129,HPCC
2000573969,4,0.4,10000,0.1,100,3,69122088070,HPCC
2000575418,5,0.5,10000,0.1,100,3,64991140583,HPCC
2000576785,4,0.4,10000,0.1,100,3,84797377239,HPCC
2000576997,2,0.2,10000,0.1,100,3,19077578813,HPCC
2000579377,4,0.4,10000,0.1,100,3,92010679172,HPCC
2000580334,5,0.5,10000,0.1,100,3,63783514515,HPCC
2000581160,4,0.4,10000,0.1,100,3,86842175233,HPCC
2000582726,3,0.3,10000,0.1,100,3,13495260562,HPCC
2000582857,5,0.5,10000,0.1,100,3,59098211022,HPCC
2000583988,4,0.4,10000,0.1,100,3,71236432451,HPCC
2000584292,5,0.5,10000,0.1,100,3,57245492505,HPCC
2000584814,3,0.3,10000,0.1,100,3,11486782625,HPCC
2000585728,4,0.4,10000,0.1,100,3,54872672169,HPCC
2000588555,2,0.2,10000,0.1,100,3,18663665399,HPCC
2000588599,5,0.5,10000,0.1,100,3,44646021190,HPCC
2000588816,4,0.4,10000,0.1,100,3,52293483970,HPCC
2000591774,5,0.5,10000,0.1,100,3,33426117147,HPCC
2000592296,3,0.3,10000,0.1,100,3,11867158051,HPCC
2000592644,4,0.4,10000,0.1,100,3,65980269549,HPCC
2000595823,5,0.5,10000,0.1,100,3,54030529537,HPCC
2000596171,4,0.4,10000,0.1,100,3,84522049474,HPCC
2000597946,2,0.2,10000,0.1,100,3,22263722794,HPCC
2000598860,4,0.4,10000,0.1,100,3,80855385342,HPCC
2000598990,5,0.5,10000,0.1,100,3,65409748647,HPCC
2000601154,3,0.3,10000,0.1,100,3,15529805573,HPCC
2000601725,4,0.4,10000,0.1,100,3,95158699107,HPCC
2000602203,3,0.3,10000,0.1,100,3,18590851536,HPCC
2000603465,5,0.5,10000,0.1,100,3,54051323120,HPCC
2000604683,4,0.4,10000,0.1,100,3,73126341291,HPCC
2000606771,5,0.5,10000,0.1,100,3,42052841764,HPCC
2000607989,4,0.4,10000,0.1,100,3,49296382397,HPCC
2000608119,5,0.5,10000,0.1,100,3,41435611867,HPCC
2000609250,2,0.2,10000,0.1,100,3,22160046973,HPCC
2000609816,4,0.4,10000,0.1,100,3,48801588458,HPCC
2000612165,5,0.5,10000,0.1,100,3,51271262106,HPCC
2000612643,3,0.3,10000,0.1,100,3,13641282658,HPCC
2000613600,4,0.4,10000,0.1,100,3,60810629526,HPCC
2000614251,5,0.5,10000,0.1,100,3,52405850994,HPCC
2000616757,4,0.4,10000,0.1,100,3,88835464058,HPCC
2000618803,2,0.2,10000,0.1,100,3,24276814906,HPCC
2000619282,5,0.5,10000,0.1,100,3,60190717675,HPCC
2000620587,4,0.4,10000,0.1,100,3,58365667422,HPCC
2000622283,5,0.5,10000,0.1,100,3,60703578866,HPCC
2000622718,3,0.3,10000,0.1,100,3,13838120650,HPCC
2000622762,4,0.4,10000,0.1,100,3,53925217357,HPCC
2000625589,4,0.4,10000,0.1,100,3,53118590679,HPCC
2000626155,5,0.5,10000,0.1,100,3,52822723019,HPCC
2000628765,5,0.5,10000,0.1,100,3,46257797955,HPCC
2000628808,2,0.2,10000,0.1,100,3,22616621269,HPCC
2000629941,4,0.4,10000,0.1,100,3,56762175773,HPCC
2000632487,3,0.3,10000,0.1,100,3,12891677655,HPCC
2000633183,4,0.4,10000,0.1,100,3,55352033155,HPCC
2000633517,5,0.5,10000,0.1,100,3,60852591791,HPCC
2000636517,4,0.4,10000,0.1,100,3,65358257690,HPCC
2000636560,5,0.5,10000,0.1,100,3,67222779431,HPCC
2000638231,2,0.2,10000,0.1,100,3,24733574378,HPCC
2000640034,5,0.5,10000,0.1,100,3,60513660076,HPCC
2000640338,4,0.4,10000,0.1,100,3,70024359435,HPCC
2000641879,3,0.3,10000,0.1,100,3,13452816668,HPCC
2000642532,5,0.5,10000,0.1,100,3,58720753312,HPCC
2000643402,4,0.4,10000,0.1,100,3,59577294364,HPCC
2000644054,5,0.5,10000,0.1,100,3,57493902009,HPCC
2000646534,4,0.4,10000,0.1,100,3,50427572526,HPCC
2000647839,5,0.5,10000,0.1,100,3,50047212347,HPCC
2000648491,2,0.2,10000,0.1,100,3,23878732827,HPCC
2000650722,4,0.4,10000,0.1,100,3,60488311683,HPCC
2000651188,5,0.5,10000,0.1,100,3,43761051329,HPCC
2000651362,3,0.3,10000,0.1,100,3,12789926104,HPCC
2000653636,4,0.4,10000,0.1,100,3,70069978933,HPCC
2000655115,5,0.5,10000,0.1,100,3,66942199742,HPCC
2000656633,3,0.3,10000,0.1,100,3,18445253753,HPCC
2000657895,4,0.4,10000,0.1,100,3,69326937899,HPCC
2000658808,2,0.2,10000,0.1,100,3,22838075759,HPCC
2000658982,5,0.5,10000,0.1,100,3,75079620149,HPCC
2000659635,4,0.4,10000,0.1,100,3,69150080467,HPCC
2000661244,3,0.3,10000,0.1,100,3,16532785237,HPCC
2000661505,4,0.4,10000,0.1,100,3,66637669359,HPCC
2000661636,5,0.5,10000,0.1,100,3,61294436579,HPCC
2000663680,3,0.3,10000,0.1,100,3,16124003364,HPCC
2000664855,5,0.5,10000,0.1,100,3,55093424296,HPCC
2000664942,4,0.4,10000,0.1,100,3,58528858103,HPCC
2000667334,5,0.5,10000,0.1,100,3,49704075445,HPCC
2000667813,4,0.4,10000,0.1,100,3,43758307516,HPCC
2000669335,4,0.4,10000,0.1,100,3,43942024019,HPCC
2000670118,2,0.2,10000,0.1,100,3,20040069879,HPCC
2000670858,5,0.5,10000,0.1,100,3,49058637730,HPCC
2000671336,3,0.3,10000,0.1,100,3,13894565993,HPCC
2000672598,4,0.4,10000,0.1,100,3,56645998239,HPCC
2000673337,5,0.5,10000,0.1,100,3,41563908056,HPCC
2000674988,4,0.4,10000,0.1,100,3,67160424143,HPCC
2000677778,3,0.3,10000,0.1,100,3,19139743718,HPCC
2000678170,5,0.5,10000,0.1,100,3,70844552652,HPCC
2000679910,4,0.4,10000,0.1,100,3,66549048789,HPCC
2000680388,2,0.2,10000,0.1,100,3,21447968535,HPCC
2000680823,5,0.5,10000,0.1,100,3,78897206920,HPCC
2000681476,4,0.4,10000,0.1,100,3,70542147907,HPCC
2000681606,3,0.3,10000,0.1,100,3,18683703458,HPCC
2000682737,4,0.4,10000,0.1,100,3,69939720587,HPCC
2000684254,5,0.5,10000,0.1,100,3,76157116247,HPCC
2000684798,3,0.3,10000,0.1,100,3,21261434151,HPCC
2000687299,4,0.4,10000,0.1,100,3,70853503321,HPCC
2000687386,5,0.5,10000,0.1,100,3,73183489930,HPCC
2000690387,5,0.5,10000,0.1,100,3,57568107643,HPCC
2000690431,4,0.4,10000,0.1,100,3,48601563209,HPCC
2000691083,3,0.3,10000,0.1,100,3,20273718513,HPCC
2000692127,4,0.4,10000,0.1,100,3,48411632861,HPCC
2000692736,2,0.2,10000,0.1,100,3,17901868952,HPCC
2000693302,5,0.5,10000,0.1,100,3,47355954824,HPCC
2000693954,3,0.3,10000,0.1,100,3,15030000898,HPCC
2000695651,4,0.4,10000,0.1,100,3,58638362636,HPCC
2000696738,5,0.5,10000,0.1,100,3,34517211750,HPCC
2000697695,3,0.3,10000,0.1,100,3,13587761292,HPCC
2000698043,4,0.4,10000,0.1,100,3,50728416893,HPCC
2000700389,5,0.5,10000,0.1,100,3,51823042648,HPCC
2000701013,3,0.3,10000,0.1,100,3,18511256495,HPCC
2000702215,4,0.4,10000,0.1,100,3,71825781991,HPCC
2000702345,2,0.2,10000,0.1,100,3,18941349301,HPCC
2000703563,5,0.5,10000,0.1,100,3,55167481451,HPCC
2000704833,3,0.3,10000,0.1,100,3,19967982088,HPCC
2000704920,4,0.4,10000,0.1,100,3,86118753858,HPCC
2000707621,5,0.5,10000,0.1,100,3,65859728949,HPCC
2000709274,4,0.4,10000,0.1,100,3,87278633801,HPCC
2000709317,3,0.3,10000,0.1,100,3,23890899047,HPCC
2000711840,5,0.5,10000,0.1,100,3,56594351896,HPCC
2000711884,4,0.4,10000,0.1,100,3,71797977176,HPCC
2000713667,2,0.2,10000,0.1,100,3,20266809523,HPCC
2000713841,3,0.3,10000,0.1,100,3,18156493955,HPCC
2000714363,4,0.4,10000,0.1,100,3,69676238766,HPCC
2000715190,5,0.5,10000,0.1,100,3,42200872413,HPCC
2000717017,4,0.4,10000,0.1,100,3,66576184231,HPCC
2000718539,3,0.3,10000,0.1,100,3,17576857939,HPCC
2000719844,5,0.5,10000,0.1,100,3,33208278242,HPCC
2000719975,4,0.4,10000,0.1,100,3,52538884817,HPCC
2000720192,3,0.3,10000,0.1,100,3,13453499866,HPCC
2000722367,5,0.5,10000,0.1,100,3,35398234072,HPCC
2000722672,4,0.4,10000,0.1,100,3,58257826123,HPCC
2000723411,2,0.2,10000,0.1,100,3,18490253182,HPCC
2000724020,4,0.4,10000,0.1,100,3,51325012571,HPCC
2000726514,4,0.4,10000,0.1,100,3,66647364587,HPCC
2000727215,3,0.3,10000,0.1,100,3,19829212482,HPCC
2000727947,5,0.5,10000,0.1,100,3,42767717876,HPCC
2000729252,4,0.4,10000,0.1,100,3,67722009528,HPCC
2000729817,5,0.5,10000,0.1,100,3,48507001446,HPCC
2000730570,4,0.4,10000,0.1,100,3,78573233955,HPCC
2000732874,2,0.2,10000,0.1,100,3,22900757691,HPCC
2000732918,4,0.4,10000,0.1,100,3,88657259491,HPCC
2000735789,5,0.5,10000,0.1,100,3,46729141549,HPCC
2000735963,4,0.4,10000,0.1,100,3,66158063014,HPCC
2000737920,3,0.3,10000,0.1,100,3,21882790591,HPCC
2000738573,4,0.4,10000,0.1,100,3,56087536796,HPCC
2000738790,5,0.5,10000,0.1,100,3,43486691044,HPCC
2000740661,4,0.4,10000,0.1,100,3,55346505225,HPCC
2000742270,4,0.4,10000,0.1,100,3,46549117128,HPCC
2000742705,2,0.2,10000,0.1,100,3,20876797977,HPCC
2000743078,5,0.5,10000,0.1,100,3,44708881130,HPCC
2000745477,4,0.4,10000,0.1,100,3,55156178777,HPCC
2000745731,5,0.5,10000,0.1,100,3,42279837795,HPCC
2000747506,3,0.3,10000,0.1,100,3,21818387456,HPCC
2000747980,4,0.4,10000,0.1,100,3,59415250069,HPCC
2000750323,5,0.5,10000,0.1,100,3,55417074175,HPCC
2000752237,4,0.4,10000,0.1,100,3,64558915579,HPCC
2000752367,2,0.2,10000,0.1,100,3,22064178537,HPCC
2000752802,5,0.5,10000,0.1,100,3,60836731786,HPCC
2000755253,4,0.4,10000,0.1,100,3,71427781310,HPCC
2000757091,5,0.5,10000,0.1,100,3,57322211170,HPCC
2000757168,3,0.3,10000,0.1,100,3,25548695788,HPCC
2000759440,4,0.4,10000,0.1,100,3,68934194055,HPCC
2000760310,5,0.5,10000,0.1,100,3,52872096528,HPCC
2000761876,4,0.4,10000,0.1,100,3,60182142584,HPCC
2000762789,2,0.2,10000,0.1,100,3,21221929449,HPCC
2000763746,4,0.4,10000,0.1,100,3,58472357688,HPCC
2000765138,5,0.5,10000,0.1,100,3,47008574155,HPCC
2000767183,4,0.4,10000,0.1,100,3,54134141982,HPCC
2000767748,3,0.3,10000,0.1,100,3,24396740496,HPCC
2000768618,5,0.5,10000,0.1,100,3,38325205025,HPCC
2000770097,4,0.4,10000,0.1,100,3,45434130921,HPCC
2000772176,5,0.5,10000,0.1,100,3,49539140295,HPCC
2000772487,2,0.2,10000,0.1,100,3,21600481249,HPCC
2000774569,4,0.4,10000,0.1,100,3,63371510404,HPCC
2000775656,5,0.5,10000,0.1,100,3,54687635561,HPCC
2000777004,4,0.4,10000,0.1,100,3,74814236954,HPCC
2000777220,3,0.3,10000,0.1,100,3,27395198610,HPCC
2000779087,5,0.5,10000,0.1,100,3,64699223125,HPCC
2000781436,4,0.4,10000,0.1,100,3,72139786939,HPCC
2000782784,2,0.2,10000,0.1,100,3,24297570373,HPCC
2000783567,5,0.5,10000,0.1,100,3,63083209805,HPCC
2000783785,4,0.4,10000,0.1,100,3,64755702394,HPCC
2000785742,4,0.4,10000,0.1,100,3,61817963143,HPCC
2000786482,5,0.5,10000,0.1,100,3,50599263789,HPCC
2000788178,3,0.3,10000,0.1,100,3,28012117714,HPCC
2000788352,5,0.5,10000,0.1,100,3,39067361004,HPCC
2000788918,4,0.4,10000,0.1,100,3,53895497795,HPCC
2000791789,4,0.4,10000,0.1,100,3,41199241284,HPCC
2000791919,5,0.5,10000,0.1,100,3,37448248112,HPCC
2000792963,4,0.4,10000,0.1,100,3,41247127831,HPCC
2000793485,2,0.2,10000,0.1,100,3,20156016321,HPCC
2000794007,5,0.5,10000,0.1,100,3,40935721395,HPCC
2000795941,4,0.4,10000,0.1,100,3,49054289930,HPCC
2000797794,3,0.3,10000,0.1,100,3,29107991658,HPCC
2000798926,4,0.4,10000,0.1,100,3,56921453124,HPCC
2000799488,5,0.5,10000,0.1,100,3,49975359296,HPCC
2000801895,5,0.5,10000,0.1,100,3,60244649981,HPCC
2000802784,4,0.4,10000,0.1,100,3,60455581203,HPCC
2000803073,2,0.2,10000,0.1,100,3,23955350294,HPCC
2000806639,5,0.5,10000,0.1,100,3,51046637807,HPCC
2000806682,4,0.4,10000,0.1,100,3,65027622488,HPCC
2000806813,3,0.3,10000,0.1,100,3,32144653581,HPCC
2000809423,5,0.5,10000,0.1,100,3,47541229713,HPCC
2000810032,4,0.4,10000,0.1,100,3,52940038829,HPCC
2000813219,2,0.2,10000,0.1,100,3,23911032043,HPCC
2000813698,4,0.4,10000,0.1,100,3,48336923970,HPCC
2000815003,5,0.5,10000,0.1,100,3,41976932279,HPCC
2000815960,3,0.3,10000,0.1,100,3,29319086438,HPCC
2000817308,3,0.3,10000,0.1,100,3,26527031875,HPCC
2000817743,4,0.4,10000,0.1,100,3,48264615558,HPCC
2000817917,5,0.5,10000,0.1,100,3,36811406190,HPCC
2000821538,4,0.4,10000,0.1,100,3,58889446072,HPCC
2000822800,5,0.5,10000,0.1,100,3,49003904991,HPCC
2000823017,2,0.2,10000,0.1,100,3,24423532806,HPCC
2000824844,5,0.5,10000,0.1,100,3,53457383044,HPCC
2000825192,4,0.4,10000,0.1,100,3,46197495073,HPCC
2000825366,3,0.3,10000,0.1,100,3,32187861212,HPCC
2000828302,4,0.4,10000,0.1,100,3,73761891656,HPCC
2000830042,5,0.5,10000,0.1,100,3,59717268087,HPCC
2000832086,4,0.4,10000,0.1,100,3,46791175634,HPCC
2000833478,2,0.2,10000,0.1,100,3,26580314546,HPCC
2000833565,5,0.5,10000,0.1,100,3,58029527198,HPCC
2000834131,3,0.3,10000,0.1,100,3,37291421902,HPCC
2000834827,4,0.4,10000,0.1,100,3,38828435129,HPCC
2000835392,3,0.3,10000,0.1,100,3,42218004329,HPCC
2000837350,5,0.5,10000,0.1,100,3,52355969059,HPCC
2000838002,4,0.4,10000,0.1,100,3,38781262399,HPCC
2000840711,5,0.5,10000,0.1,100,3,46004113636,HPCC
2000841799,3,0.3,10000,0.1,100,3,33437897460,HPCC
2000841929,4,0.4,10000,0.1,100,3,41001307261,HPCC
2000843234,2,0.2,10000,0.1,100,3,23335848909,HPCC
2000844365,3,0.3,10000,0.1,100,3,29908629921,HPCC
2000845277,5,0.5,10000,0.1,100,3,52141359885,HPCC
2000846422,4,0.4,10000,0.1,100,3,42890329602,HPCC
2000848031,5,0.5,10000,0.1,100,3,55739738971,HPCC
2000848727,4,0.4,10000,0.1,100,3,43439436998,HPCC
2000850161,3,0.3,10000,0.1,100,3,38431980738,HPCC
2000852263,5,0.5,10000,0.1,100,3,54568834392,HPCC
2000853176,2,0.2,10000,0.1,100,3,23892658095,HPCC
2000853916,4,0.4,10000,0.1,100,3,45995049668,HPCC
2000855264,5,0.5,10000,0.1,100,3,53410055935,HPCC
2000856134,4,0.4,10000,0.1,100,3,47412754494,HPCC
2000857942,3,0.3,10000,0.1,100,3,39899191901,HPCC
2000859508,5,0.5,10000,0.1,100,3,58234454413,HPCC
2000860160,3,0.3,10000,0.1,100,3,39982929171,HPCC
2000861770,4,0.4,10000,0.1,100,3,49728247004,HPCC
2000863205,5,0.5,10000,0.1,100,3,53042446133,HPCC
2000863640,2,0.2,10000,0.1,100,3,23063095087,HPCC
2000864249,4,0.4,10000,0.1,100,3,49605364676,HPCC
2000865511,3,0.3,10000,0.1,100,3,37164947961,HPCC
2000866033,5,0.5,10000,0.1,100,3,54164020364,HPCC
2000867903,3,0.3,10000,0.1,100,3,34547468496,HPCC
2000868839,4,0.4,10000,0.1,100,3,44622281885,HPCC
2000870013,5,0.5,10000,0.1,100,3,50587913216,HPCC
2000871579,4,0.4,10000,0.1,100,3,40012511718,HPCC
2000873189,5,0.5,10000,0.1,100,3,48390272405,HPCC
2000873580,2,0.2,10000,0.1,100,3,19526866424,HPCC
2000873711,3,0.3,10000,0.1,100,3,33989959884,HPCC
2000874276,5,0.5,10000,0.1,100,3,43271087995,HPCC
2000875059,3,0.3,10000,0.1,100,3,31086166487,HPCC
2000875996,4,0.4,10000,0.1,100,3,42521767711,HPCC
2000876799,5,0.5,10000,0.1,100,3,44309082769,HPCC
2000878081,4,0.4,10000,0.1,100,3,47933393372,HPCC
2000880720,5,0.5,10000,0.1,100,3,62879580048,HPCC
2000882452,3,0.3,10000,0.1,100,3,36603190592,HPCC
2000883670,4,0.4,10000,0.1,100,3,44942718297,HPCC
2000883713,2,0.2,10000,0.1,100,3,18718196128,HPCC
2000883887,3,0.3,10000,0.1,100,3,38370548165,HPCC
2000884496,5,0.5,10000,0.1,100,3,64516400488,HPCC
2000885768,4,0.4,10000,0.1,100,3,50315489935,HPCC
2000887014,5,0.5,10000,0.1,100,3,79591221873,HPCC
2000888812,5,0.5,10000,0.1,100,3,95276829684,HPCC
2000891205,3,0.3,10000,0.1,100,3,34655988856,HPCC
2000891901,4,0.4,10000,0.1,100,3,47183083203,HPCC
2000892379,5,0.5,10000,0.1,100,3,77818777823,HPCC
2000893336,3,0.3,10000,0.1,100,3,30087951039,HPCC
2000894772,5,0.5,10000,0.1,100,3,59469713418,HPCC
2000894902,2,0.2,10000,0.1,100,3,17212063047,HPCC
2000895511,4,0.4,10000,0.1,100,3,36965206888,HPCC
2000896164,5,0.5,10000,0.1,100,3,44953273806,HPCC
2000898817,5,0.5,10000,0.1,100,3,45606298332,HPCC
2000899992,3,0.3,10000,0.1,100,3,29770770966,HPCC
2000900209,4,0.4,10000,0.1,100,3,39813795034,HPCC
2000902210,4,0.4,10000,0.1,100,3,34525640077,HPCC
2000902906,5,0.5,10000,0.1,100,3,56221486311,HPCC
2000904138,2,0.2,10000,0.1,100,3,18079645905,HPCC
2000905603,5,0.5,10000,0.1,100,3,79910927781,HPCC
2000908138,4,0.4,10000,0.1,100,3,50261845693,HPCC
2000909008,3,0.3,10000,0.1,100,3,33468418157,HPCC
2000909704,5,0.5,10000,0.1,100,3,62652599170,HPCC
2000909834,4,0.4,10000,0.1,100,3,59370890128,HPCC
2000911444,5,0.5,10000,0.1,100,3,64354104448,HPCC
2000913575,5,0.5,10000,0.1,100,3,62692032357,HPCC
2000913749,2,0.2,10000,0.1,100,3,19781499454,HPCC
2000915363,4,0.4,10000,0.1,100,3,44255578169,HPCC
2000917886,5,0.5,10000,0.1,100,3,60182045730,HPCC
2000918408,3,0.3,10000,0.1,100,3,29854907479,HPCC
2000919234,4,0.4,10000,0.1,100,3,37845143201,HPCC
2000919930,3,0.3,10000,0.1,100,3,26007957084,HPCC
2000920061,5,0.5,10000,0.1,100,3,53896944572,HPCC
2000921148,5,0.5,10000,0.1,100,3,53892217896,HPCC
2000922366,4,0.4,10000,0.1,100,3,40942949390,HPCC
2000923337,2,0.2,10000,0.1,100,3,20298418387,HPCC
2000924501,5,0.5,10000,0.1,100,3,62024941853,HPCC
2000927402,4,0.4,10000,0.1,100,3,43472825741,HPCC
2000927763,5,0.5,10000,0.1,100,3,58925328535,HPCC
2000928024,3,0.3,10000,0.1,100,3,29361350445,HPCC
2000929674,4,0.4,10000,0.1,100,3,50949140686,HPCC
2000930789,5,0.5,10000,0.1,100,3,73009441222,HPCC
2000932877,2,0.2,10000,0.1,100,3,22012456763,HPCC
2000934748,4,0.4,10000,0.1,100,3,45668607129,HPCC
2000934965,5,0.5,10000,0.1,100,3,78623600225,HPCC
2000937706,3,0.3,10000,0.1,100,3,29731054214,HPCC
2000937793,5,0.5,10000,0.1,100,3,64873162623,HPCC
2000938271,4,0.4,10000,0.1,100,3,43898097780,HPCC
2000940437,5,0.5,10000,0.1,100,3,56239390430,HPCC
2000943177,2,0.2,10000,0.1,100,3,21000561953,HPCC
2000943308,5,0.5,10000,0.1,100,3,55196971672,HPCC
2000943395,4,0.4,10000,0.1,100,3,38745554727,HPCC
2000944656,5,0.5,10000,0.1,100,3,46945080618,HPCC
2000945613,4,0.4,10000,0.1,100,3,33766497113,HPCC
2000946289,3,0.3,10000,0.1,100,3,28711111106,HPCC
2000947376,5,0.5,10000,0.1,100,3,51599643405,HPCC
2000950781,5,0.5,10000,0.1,100,3,68109405483,HPCC
2000951257,4,0.4,10000,0.1,100,3,46065886983,HPCC
2000952560,2,0.2,10000,0.1,100,3,23367405129,HPCC
2000952734,4,0.4,10000,0.1,100,3,53810410711,HPCC
2000954748,5,0.5,10000,0.1,100,3,75906714104,HPCC
2000955719,3,0.3,10000,0.1,100,3,36680323029,HPCC
2000957185,5,0.5,10000,0.1,100,3,85609427233,HPCC
2000958664,4,0.4,10000,0.1,100,3,50238273819,HPCC
2000959316,5,0.5,10000,0.1,100,3,95471313603,HPCC
2000962057,5,0.5,10000,0.1,100,3,74063926919,HPCC
2000962100,4,0.4,10000,0.1,100,3,47375495778,HPCC
2000963579,2,0.2,10000,0.1,100,3,24881402398,HPCC
2000964319,5,0.5,10000,0.1,100,3,65712903091,HPCC
2000965624,3,0.3,10000,0.1,100,3,35766337871,HPCC
2000967016,5,0.5,10000,0.1,100,3,46541523114,HPCC
2000968060,4,0.4,10000,0.1,100,3,36884137618,HPCC
2000968364,3,0.3,10000,0.1,100,3,29995338923,HPCC
2000970278,4,0.4,10000,0.1,100,3,27629106945,HPCC
2000970496,5,0.5,10000,0.1,100,3,52109314731,HPCC
2000973584,2,0.2,10000,0.1,100,3,21030928765,HPCC
2000973758,5,0.5,10000,0.1,100,3,43171830915,HPCC
2000973802,3,0.3,10000,0.1,100,3,33243302032,HPCC
2000976947,4,0.4,10000,0.1,100,3,38926387165,HPCC
2000977189,5,0.5,10000,0.1,100,3,68053334230,HPCC
2000979601,5,0.5,10000,0.1,100,3,88080346549,HPCC
2000982403,3,0.3,10000,0.1,100,3,44572250316,HPCC
2000983316,2,0.2,10000,0.1,100,3,23537674016,HPCC
2000984056,5,0.5,10000,0.1,100,3,79104356843,HPCC
2000984099,3,0.3,10000,0.1,100,3,54163684843,HPCC
2000985535,4,0.4,10000,0.1,100,3,46778039881,HPCC
2000986144,5,0.5,10000,0.1,100,3,73945826246,HPCC
2000987927,4,0.4,10000,0.1,100,3,47764280048,HPCC
2000988623,5,0.5,10000,0.1,100,3,70659862891,HPCC
2000990320,3,0.3,10000,0.1,100,3,36232508880,HPCC
2000991668,5,0.5,10000,0.1,100,3,66803047429,HPCC
2000994713,3,0.3,10000,0.1,100,3,26753933531,HPCC
2000994844,4,0.4,10000,0.1,100,3,36727131946,HPCC
2000995366,5,0.5,10000,0.1,100,3,45465538906,HPCC
2000995496,2,0.2,10000,0.1,100,3,19523035345,HPCC
2000997584,4,0.4,10000,0.1,100,3,28195352021,HPCC
2000997802,5,0.5,10000,0.1,100,3,52784096051,HPCC
2000998193,3,0.3,10000,0.1,100,3,28202650585,HPCC
2000999063,5,0.5,10000,0.1,100,3,42206830241,HPCC
2001001637,5,0.5,10000,0.1,100,3,60279195233,HPCC
2001002420,3,0.3,10000,0.1,100,3,34263650728,HPCC
2001003929,4,0.4,10000,0.1,100,3,41016000725,HPCC
2001004793,5,0.5,10000,0.1,100,3,54471558801,HPCC
2001005234,2,0.2,10000,0.1,100,3,20702515480,HPCC
2001005408,3,0.3,10000,0.1,100,3,29590129045,HPCC
2001007841,5,0.5,10000,0.1,100,3,75383678706,HPCC
2001011591,3,0.3,10000,0.1,100,3,35322951873,HPCC
2001012026,4,0.4,10000,0.1,100,3,45069868833,HPCC
2001012809,5,0.5,10000,0.1,100,3,54627948564,HPCC
2001014244,4,0.4,10000,0.1,100,3,45690894066,HPCC
2001014723,5,0.5,10000,0.1,100,3,50911536152,HPCC
2001015288,2,0.2,10000,0.1,100,3,22885042024,HPCC
2001016419,5,0.5,10000,0.1,100,3,50954750109,HPCC
2001018943,5,0.5,10000,0.1,100,3,61898955744,HPCC
2001019335,4,0.4,10000,0.1,100,3,45158060608,HPCC
2001019770,3,0.3,10000,0.1,100,3,32283003871,HPCC
2001021901,3,0.3,10000,0.1,100,3,28843275112,HPCC
2001022206,5,0.5,10000,0.1,100,3,56289415902,HPCC
2001022423,4,0.4,10000,0.1,100,3,42702183150,HPCC
2001024706,2,0.2,10000,0.1,100,3,23049433816,HPCC
2001024750,5,0.5,10000,0.1,100,3,55266034983,HPCC
2001026011,5,0.5,10000,0.1,100,3,49414960681,HPCC
2001026490,4,0.4,10000,0.1,100,3,42177773492,HPCC
2001029252,5,0.5,10000,0.1,100,3,55520765815,HPCC
2001029317,4,0.4,10000,0.1,100,3,39314029145,HPCC
2001029491,3,0.3,10000,0.1,100,3,29503771426,HPCC
2001032026,5,0.5,10000,0.1,100,3,58668810110,HPCC
2001033925,4,0.4,10000,0.1,100,3,51326585959,HPCC
2001034052,2,0.2,10000,0.1,100,3,25000380386,HPCC
2001036100,5,0.5,10000,0.1,100,3,62724879032,HPCC
2001036317,4,0.4,10000,0.1,100,3,56655118620,HPCC
2001038120,3,0.3,10000,0.1,100,3,31888563446,HPCC
2001039033,5,0.5,10000,0.1,100,3,65472633617,HPCC
2001040810,4,0.4,10000,0.1,100,3,49681350845,HPCC
2001043420,5,0.5,10000,0.1,100,3,64552149477,HPCC
2001044507,2,0.2,10000,0.1,100,3,25256887921,HPCC
2001045029,4,0.4,10000,0.1,100,3,45204720955,HPCC
2001045943,5,0.5,10000,0.1,100,3,54627518415,HPCC
2001047509,3,0.3,10000,0.1,100,3,31073513304,HPCC
2001047639,5,0.5,10000,0.1,100,3,53778949350,HPCC
2001048683,3,0.3,10000,0.1,100,3,30170252469,HPCC
2001048857,4,0.4,10000,0.1,100,3,45227052746,HPCC
2001050176,5,0.5,10000,0.1,100,3,60896651366,HPCC
2001052655,4,0.4,10000,0.1,100,3,41774097115,HPCC
2001053438,5,0.5,10000,0.1,100,3,57539923538,HPCC
2001054221,2,0.2,10000,0.1,100,3,24136282531,HPCC
2001056285,3,0.3,10000,0.1,100,3,29159042632,HPCC
2001056502,4,0.4,10000,0.1,100,3,42354964241,HPCC
2001056633,5,0.5,10000,0.1,100,3,60663905614,HPCC
2001059862,4,0.4,10000,0.1,100,3,41020910978,HPCC
2001060123,5,0.5,10000,0.1,100,3,62044456166,HPCC
2001064257,5,0.5,10000,0.1,100,3,70695836560,HPCC
2001064909,2,0.2,10000,0.1,100,3,26291921762,HPCC
2001065388,4,0.4,10000,0.1,100,3,44922429339,HPCC
2001065997,3,0.3,10000,0.1,100,3,30096722484,HPCC
2001067128,5,0.5,10000,0.1,100,3,70136011442,HPCC
2001067867,4,0.4,10000,0.1,100,3,44303586983,HPCC
2001068215,5,0.5,10000,0.1,100,3,70161498625,HPCC
2001070733,5,0.5,10000,0.1,100,3,99971186904,HPCC
2001074213,4,0.4,10000,0.1,100,3,47325087035,HPCC
2001074474,5,0.5,10000,0.1,100,3,86384445515,HPCC
2001076475,3,0.3,10000,0.1,100,3,25477154474,HPCC
2001076779,2,0.2,10000,0.1,100,3,22802367914,HPCC
2001077301,4,0.4,10000,0.1,100,3,39454192151,HPCC
2001077432,5,0.5,10000,0.1,100,3,73122021840,HPCC
2001078824,5,0.5,10000,0.1,100,3,55077622686,HPCC
2001081477,5,0.5,10000,0.1,100,3,57504792703,HPCC
2001081608,4,0.4,10000,0.1,100,3,41432134121,HPCC
2001084087,4,0.4,10000,0.1,100,3,36354715551,HPCC
2001084740,5,0.5,10000,0.1,100,3,64089370186,HPCC
2001086349,3,0.3,10000,0.1,100,3,23714511765,HPCC
2001086436,2,0.2,10000,0.1,100,3,21667925719,HPCC
2001088650,5,0.5,10000,0.1,100,3,62445561875,HPCC
2001089062,4,0.4,10000,0.1,100,3,46541323875,HPCC
2001090845,4,0.4,10000,0.1,100,3,50476418503,HPCC
2001091059,5,0.5,10000,0.1,100,3,77693659981,HPCC
2001092668,5,0.5,10000,0.1,100,3,90062919573,HPCC
2001096370,5,0.5,10000,0.1,100,3,81289012015,HPCC
2001096761,3,0.3,10000,0.1,100,3,26070974955,HPCC
2001096848,2,0.2,10000,0.1,100,3,24387540931,HPCC
2001096979,4,0.4,10000,0.1,100,3,48943928927,HPCC
2001098632,5,0.5,10000,0.1,100,3,69681227422,HPCC
2001100502,4,0.4,10000,0.1,100,3,43195207502,HPCC
2001100558,5,0.5,10000,0.1,100,3,76205108261,HPCC
2001103358,5,0.5,10000,0.1,100,3,72901193848,HPCC
2001105838,4,0.4,10000,0.1,100,3,40449459036,HPCC
2001106882,5,0.5,10000,0.1,100,3,63063574605,HPCC
2001107708,3,0.3,10000,0.1,100,3,20887277650,HPCC
2001107969,2,0.2,10000,0.1,100,3,19199426746,HPCC
2001108709,5,0.5,10000,0.1,100,3,52618912439,HPCC
2001108839,4,0.4,10000,0.1,100,3,32603590268,HPCC
2001110231,5,0.5,10000,0.1,100,3,53437119366,HPCC
2001113767,4,0.4,10000,0.1,100,3,42573217180,HPCC
2001114028,5,0.5,10000,0.1,100,3,82353361268,HPCC
2001115202,4,0.4,10000,0.1,100,3,43728428338,HPCC
2001116942,5,0.5,10000,0.1,100,3,89725913106,HPCC
2001117203,3,0.3,10000,0.1,100,3,23020367390,HPCC
2001117290,2,0.2,10000,0.1,100,3,21253749085,HPCC
2001120247,5,0.5,10000,0.1,100,3,100000000000,HPCC
2001121726,4,0.4,10000,0.1,100,3,45990252758,HPCC
2001122422,5,0.5,10000,0.1,100,3,100000000000,HPCC
2001125075,4,0.4,10000,0.1,100,3,40096045952,HPCC
2001125641,5,0.5,10000,0.1,100,3,73809291567,HPCC
2001127555,5,0.5,10000,0.1,100,3,52443474159,HPCC
2001128120,3,0.3,10000,0.1,100,3,25898340845,HPCC
2001128816,2,0.2,10000,0.1,100,3,23674506273,HPCC
2001129817,5,0.5,10000,0.1,100,3,52959535138,HPCC
2001130774,4,0.4,10000,0.1,100,3,37378316761,HPCC
2001132296,4,0.4,10000,0.1,100,3,30811984900,HPCC
2001133415,5,0.5,10000,0.1,100,3,68664999888,HPCC
2001137207,5,0.5,10000,0.1,100,3,79753447671,HPCC
2001138381,3,0.3,10000,0.1,100,3,25724511299,HPCC
2001138816,2,0.2,10000,0.1,100,3,23587618345,HPCC
2001139295,4,0.4,10000,0.1,100,3,40340998203,HPCC
2001139817,5,0.5,10000,0.1,100,3,67917776806,HPCC
2001140556,4,0.4,10000,0.1,100,3,43041623117,HPCC
2001141165,5,0.5,10000,0.1,100,3,66950397558,HPCC
2001143181,5,0.5,10000,0.1,100,3,97222665834,HPCC
2001146226,5,0.5,10000,0.1,100,3,69717010104,HPCC
2001147879,4,0.4,10000,0.1,100,3,42602825859,HPCC
2001148096,5,0.5,10000,0.1,100,3,65799582250,HPCC
2001149227,3,0.3,10000,0.1,100,3,25502019763,HPCC
2001149749,2,0.2,10000,0.1,100,3,23375290655,HPCC
2001150315,5,0.5,10000,0.1,100,3,53200890870,HPCC
2001150619,4,0.4,10000,0.1,100,3,37145963027,HPCC
2001151707,5,0.5,10000,0.1,100,3,56282830893,HPCC
2001153358,5,0.5,10000,0.1,100,3,60296635409,HPCC
2001155615,4,0.4,10000,0.1,100,3,42730497394,HPCC
2001157703,5,0.5,10000,0.1,100,3,66346086917,HPCC
2001157833,4,0.4,10000,0.1,100,3,40881548564,HPCC
2001159747,3,0.3,10000,0.1,100,3,22507706076,HPCC
2001159791,5,0.5,10000,0.1,100,3,61316008388,HPCC
2001160269,2,0.2,10000,0.1,100,3,21491020847,HPCC
2001162979,4,0.4,10000,0.1,100,3,48200442563,HPCC
2001164023,5,0.5,10000,0.1,100,3,78722283536,HPCC
2001165458,4,0.4,10000,0.1,100,3,50515271330,HPCC
2001166546,5,0.5,10000,0.1,100,3,63053613544,HPCC
2001169241,3,0.3,10000,0.1,100,3,24239805843,HPCC
2001170372,2,0.2,10000,0.1,100,3,20521931798,HPCC
2001170590,4,0.4,10000,0.1,100,3,43661362273,HPCC
2001170677,5,0.5,10000,0.1,100,3,60527688893,HPCC
2001173026,5,0.5,10000,0.1,100,3,59438293648,HPCC
2001173939,4,0.4,10000,0.1,100,3,39677780235,HPCC
2001174113,5,0.5,10000,0.1,100,3,55974368329,HPCC
2001178258,5,0.5,10000,0.1,100,3,72610222131,HPCC
2001178997,4,0.4,10000,0.1,100,3,50823503938,HPCC
2001179780,3,0.3,10000,0.1,100,3,25247335026,HPCC
2001180998,2,0.2,10000,0.1,100,3,18788007869,HPCC
2001181520,5,0.5,10000,0.1,100,3,73826913497,HPCC
2001181781,4,0.4,10000,0.1,100,3,51427674950,HPCC
2001184645,5,0.5,10000,0.1,100,3,100000000000,HPCC
2001186820,4,0.4,10000,0.1,100,3,68170370268,HPCC
2001188038,5,0.5,10000,0.1,100,3,91752748165,HPCC
2001190778,4,0.4,10000,0.1,100,3,54738499180,HPCC
2001191170,5,0.5,10000,0.1,100,3,71786842643,HPCC
2001191213,3,0.3,10000,0.1,100,3,21910932648,HPCC
2001191996,2,0.2,10000,0.1,100,3,17420484802,HPCC
2001192562,5,0.5,10000,0.1,100,3,50253801619,HPCC
2001194998,4,0.4,10000,0.1,100,3,50069613632,HPCC
2001195520,5,0.5,10000,0.1,100,3,52040293119,HPCC
2001197651,4,0.4,10000,0.1,100,3,37993298683,HPCC
2001199217,5,0.5,10000,0.1,100,3,58587574489,HPCC
2001200945,3,0.3,10000,0.1,100,3,20689756559,HPCC
2001201989,2,0.2,10000,0.1,100,3,15774558242,HPCC
2001202381,4,0.4,10000,0.1,100,3,47373853119,HPCC
2001202468,5,0.5,10000,0.1,100,3,57779166815,HPCC
2001203984,4,0.4,10000,0.1,100,3,45742185698,HPCC
2001206329,5,0.5,10000,0.1,100,3,77140972585,HPCC
2001209788,5,0.5,10000,0.1,100,3,89437751914,HPCC
2001210310,4,0.4,10000,0.1,100,3,60120947548,HPCC
2001211223,3,0.3,10000,0.1,100,3,22997979332,HPCC
2001212180,2,0.2,10000,0.1,100,3,16775878165,HPCC
2001212615,4,0.4,10000,0.1,100,3,65824538984,HPCC
2001212659,5,0.5,10000,0.1,100,3,74209314619,HPCC
2001214635,5,0.5,10000,0.1,100,3,80553329568,HPCC
2001217680,4,0.4,10000,0.1,100,3,54716901816,HPCC
2001217854,5,0.5,10000,0.1,100,3,72469746984,HPCC
2001220333,5,0.5,10000,0.1,100,3,61223969922,HPCC
2001220551,4,0.4,10000,0.1,100,3,40365467037,HPCC
2001222334,4,0.4,10000,0.1,100,3,39580070470,HPCC
2001222726,5,0.5,10000,0.1,100,3,53078916095,HPCC
2001222943,3,0.3,10000,0.1,100,3,19813101675,HPCC
2001223813,2,0.2,10000,0.1,100,3,14464466892,HPCC
2001225075,5,0.5,10000,0.1,100,3,59667638695,HPCC
2001225819,4,0.4,10000,0.1,100,3,54647346984,HPCC
2001228001,4,0.4,10000,0.1,100,3,64372877621,HPCC
2001229701,5,0.5,10000,0.1,100,3,83462233997,HPCC
2001232528,2,0.2,10000,0.1,100,3,13829382377,HPCC
2001233007,5,0.5,10000,0.1,100,3,84888917547,HPCC
2001233311,3,0.3,10000,0.1,100,3,17357959079,HPCC
2001233355,4,0.4,10000,0.1,100,3,57369662720,HPCC
2001234268,2,0.2,10000,0.1,100,3,12418873853,HPCC
2001235269,4,0.4,10000,0.1,100,3,53534427151,HPCC
2001236313,5,0.5,10000,0.1,100,3,70675816970,HPCC
2001236704,4,0.4,10000,0.1,100,3,52684436753,HPCC
2001237966,5,0.5,10000,0.1,100,3,59288862785,HPCC
2001239662,2,0.2,10000,0.1,100,3,11489073346,HPCC
2001241098,4,0.4,10000,0.1,100,3,45847367710,HPCC
2001241228,5,0.5,10000,0.1,100,3,58916033528,HPCC
2001243142,2,0.2,10000,0.1,100,3,8649692213,HPCC
2001244143,5,0.5,10000,0.1,100,3,62925447897,HPCC
2001244360,4,0.4,10000,0.1,100,3,36249562979,HPCC
2001244447,3,0.3,10000,0.1,100,3,13907297182,HPCC
2001245317,5,0.5,10000,0.1,100,3,56134596358,HPCC
2001245608,2,0.2,10000,0.1,100,3,10128306326,HPCC
2001248509,4,0.4,10000,0.1,100,3,53139160336,HPCC
2001248679,5,0.5,10000,0.1,100,3,88004438097,HPCC
2001249418,2,0.2,10000,0.1,100,3,14211837140,HPCC
2001251332,4,0.4,10000,0.1,100,3,65968320360,HPCC
2001251941,5,0.5,10000,0.1,100,3,97654995344,HPCC
2001252926,2,0.2,10000,0.1,100,3,12104804377,HPCC
2001254122,3,0.3,10000,0.1,100,3,17576169459,HPCC
2001255297,5,0.5,10000,0.1,100,3,100000000000,HPCC
2001256515,4,0.4,10000,0.1,100,3,59334539157,HPCC
2001257733,5,0.5,10000,0.1,100,3,89677368593,HPCC
2001257950,2,0.2,10000,0.1,100,3,13325232153,HPCC
2001259995,4,0.4,10000,0.1,100,3,42475349281,HPCC
2001260169,5,0.5,10000,0.1,100,3,74699477178,HPCC
2001260647,2,0.2,10000,0.1,100,3,9539493977,HPCC
2001261604,4,0.4,10000,0.1,100,3,42096021147,HPCC
2001261952,2,0.2,10000,0.1,100,3,7178754768,HPCC
2001262431,5,0.5,10000,0.1,100,3,70307501230,HPCC
2001265606,4,0.4,10000,0.1,100,3,41566284734,HPCC
2001265737,5,0.5,10000,0.1,100,3,51136836767,HPCC
2001266128,3,0.3,10000,0.1,100,3,16048175976,HPCC
2001266563,2,0.2,10000,0.1,100,3,6927856852,HPCC
2001267912,5,0.5,10000,0.1,100,3,57263516097,HPCC
2001268129,4,0.4,10000,0.1,100,3,32800336929,HPCC
2001269347,5,0.5,10000,0.1,100,3,47305703850,HPCC
2001271821,2,0.2,10000,0.1,100,3,12159706516,HPCC
2001271908,5,0.5,10000,0.1,100,3,76057873420,HPCC
2001273058,2,0.2,10000,0.1,100,3,15305411461,HPCC
2001273276,4,0.4,10000,0.1,100,3,51700752967,HPCC
2001274450,2,0.2,10000,0.1,100,3,13824800790,HPCC
2001274612,5,0.5,10000,0.1,100,3,60786040329,HPCC
2001274972,4,0.4,10000,0.1,100,3,60886494102,HPCC
2001275525,2,0.2,10000,0.1,100,3,13282504348,HPCC
2001275699,3,0.3,10000,0.1,100,3,18652780991,HPCC
2001277584,5,0.5,10000,0.1,100,3,82971526653,HPCC
2001280542,5,0.5,10000,0.1,100,3,62355921505,HPCC
2001280629,4,0.4,10000,0.1,100,3,58104360047,HPCC
2001281368,2,0.2,10000,0.1,100,3,14379294096,HPCC
2001282804,4,0.4,10000,0.1,100,3,55006413628,HPCC
2001285022,5,0.5,10000,0.1,100,3,58840391737,HPCC
2001285196,3,0.3,10000,0.1,100,3,20140945429,HPCC
2001287075,4,0.4,10000,0.1,100,3,77308394397,HPCC
2001290129,4,0.4,10000,0.1,100,3,100000000000,HPCC
2001290798,2,0.2,10000,0.1,100,3,18072601707,HPCC
2001293005,4,0.4,10000,0.1,100,3,100000000000,HPCC
2001294635,4,0.4,10000,0.1,100,3,100000000000,HPCC
2001294707,3,0.3,10000,0.1,100,3,29868337316,HPCC
2001296288,4,0.4,10000,0.1,100,3,100000000000,HPCC
2001298324,4,0.4,10000,0.1,100,3,100000000000,HPCC
2001300325,4,0.4,10000,0.1,100,3,99465743473,HPCC
2001300629,2,0.2,10000,0.1,100,3,20200634170,HPCC
2001302152,4,0.4,10000,0.1,100,3,92962427974,HPCC
2001303892,3,0.3,10000,0.1,100,3,29387334815,HPCC
2001304153,4,0.4,10000,0.1,100,3,90262127982,HPCC
2001305719,4,0.4,10000,0.1,100,3,81218432306,HPCC
2001307483,4,0.4,10000,0.1,100,3,82142592965,HPCC
2001310266,4,0.4,10000,0.1,100,3,89200152849,HPCC
2001310483,2,0.2,10000,0.1,100,3,18371635584,HPCC
2001312267,4,0.4,10000,0.1,100,3,84652029758,HPCC
2001312789,3,0.3,10000,0.1,100,3,27896083138,HPCC
2001314398,4,0.4,10000,0.1,100,3,84783119347,HPCC
2001316040,4,0.4,10000,0.1,100,3,100000000000,HPCC
2001317954,4,0.4,10000,0.1,100,3,100000000000,HPCC
2001320172,2,0.2,10000,0.1,100,3,18192646347,HPCC
2001320402,4,0.4,10000,0.1,100,3,99922046463,HPCC
2001322142,4,0.4,10000,0.1,100,3,97729147841,HPCC
2001322620,3,0.3,10000,0.1,100,3,28553508764,HPCC
2001323534,4,0.4,10000,0.1,100,3,94110773065,HPCC
2001325721,4,0.4,10000,0.1,100,3,100000000000,HPCC
2001327668,4,0.4,10000,0.1,100,3,98948118725,HPCC
2001329756,4,0.4,10000,0.1,100,3,92977980771,HPCC
2001330582,2,0.2,10000,0.1,100,3,17198763779,HPCC
2001331844,4,0.4,10000,0.1,100,3,90265456046,HPCC
2001332757,3,0.3,10000,0.1,100,3,26396053633,HPCC
2001333236,4,0.4,10000,0.1,100,3,80515394957,HPCC
2001335036,4,0.4,10000,0.1,100,3,89464340731,HPCC
2001337703,4,0.4,10000,0.1,100,3,100000000000,HPCC
2001339965,4,0.4,10000,0.1,100,3,99309721391,HPCC
2001340182,2,0.2,10000,0.1,100,3,17825049597,HPCC
2001341891,4,0.4,10000,0.1,100,3,99826610848,HPCC
2001342705,3,0.3,10000,0.1,100,3,27827863150,HPCC
2001343283,4,0.4,10000,0.1,100,3,97741648055,HPCC
2001345284,4,0.4,10000,0.1,100,3,100000000000,HPCC
2001347297,4,0.4,10000,0.1,100,3,100000000000,HPCC
2001349298,4,0.4,10000,0.1,100,3,95301820180,HPCC
2001350733,2,0.2,10000,0.1,100,3,17806933917,HPCC
2001351386,4,0.4,10000,0.1,100,3,88646925148,HPCC
2001352995,3,0.3,10000,0.1,100,3,28401712186,HPCC
2001353039,4,0.4,10000,0.1,100,3,88177888952,HPCC
2001354487,4,0.4,10000,0.1,100,3,80788980335,HPCC
2001357270,4,0.4,10000,0.1,100,3,100000000000,HPCC
2001359358,4,0.4,10000,0.1,100,3,100000000000,HPCC
2001360967,2,0.2,10000,0.1,100,3,15724734299,HPCC
2001361893,4,0.4,10000,0.1,100,3,100000000000,HPCC
2001362545,3,0.3,10000,0.1,100,3,29841580972,HPCC
2001363285,4,0.4,10000,0.1,100,3,98855070708,HPCC
2001364677,4,0.4,10000,0.1,100,3,96868088454,HPCC
2001366025,4,0.4,10000,0.1,100,3,96709552681,HPCC
2001367908,4,0.4,10000,0.1,100,3,100000000000,HPCC
2001369909,4,0.4,10000,0.1,100,3,97863783177,HPCC
2001371113,3,0.3,10000,0.1,100,3,31176986909,HPCC
2001371257,4,0.4,10000,0.1,100,3,96584637113,HPCC
2001371518,2,0.2,10000,0.1,100,3,15435927069,HPCC
2001379486,3,0.3,10000,0.1,100,3,100000000000,HPCC
2001380765,3,0.3,10000,0.1,100,3,100000000000,HPCC
2001381218,2,0.2,10000,0.1,100,3,50932149990,HPCC
2001384979,3,0.3,10000,0.1,100,3,100000000000,HPCC
2001386893,3,0.3,10000,0.1,100,3,100000000000,HPCC
2001388981,3,0.3,10000,0.1,100,3,100000000000,HPCC
2001389329,2,0.2,10000,0.1,100,3,76652931361,HPCC
2001391504,3,0.3,10000,0.1,100,3,88190060968,HPCC
2001392156,2,0.2,10000,0.1,100,3,83056726517,HPCC
2001392896,3,0.3,10000,0.1,100,3,77643304095,HPCC
2001394810,3,0.3,10000,0.1,100,3,77517958049,HPCC
2001396028,2,0.2,10000,0.1,100,3,61338690356,HPCC
2001396419,3,0.3,10000,0.1,100,3,76533658347,HPCC
2001398290,2,0.2,10000,0.1,100,3,48081444449,HPCC
2001399334,3,0.3,10000,0.1,100,3,71958565533,HPCC
2001401248,3,0.3,10000,0.1,100,3,56793685153,HPCC
2001401291,2,0.2,10000,0.1,100,3,46926788125,HPCC
2001403292,3,0.3,10000,0.1,100,3,59189328195,HPCC
2001405218,2,0.2,10000,0.1,100,3,65999508424,HPCC
2001405610,3,0.3,10000,0.1,100,3,85751902563,HPCC
2001408329,2,0.2,10000,0.1,100,3,77350459265,HPCC
2001409656,3,0.3,10000,0.1,100,3,100000000000,HPCC
2001412147,3,0.3,10000,0.1,100,3,100000000000,HPCC
2001412234,2,0.2,10000,0.1,100,3,86105361685,HPCC
2001414844,2,0.2,10000,0.1,100,3,74680191793,HPCC
2001415453,3,0.3,10000,0.1,100,3,80042858599,HPCC
2001417149,2,0.2,10000,0.1,100,3,69814342069,HPCC
2001417193,3,0.3,10000,0.1,100,3,73501698478,HPCC
2001419368,3,0.3,10000,0.1,100,3,71023683216,HPCC
2001420325,2,0.2,10000,0.1,100,3,61172549481,HPCC
2001421064,3,0.3,10000,0.1,100,3,50214470586,HPCC
2001422326,2,0.2,10000,0.1,100,3,44479360491,HPCC
2001423544,3,0.3,10000,0.1,100,3,60796420562,HPCC
2001424196,2,0.2,10000,0.1,100,3,45656223992,HPCC
2001425284,3,0.3,10000,0.1,100,3,61931877830,HPCC
2001426458,3,0.3,10000,0.1,100,3,54110582918,HPCC
2001427298,2,0.2,10000,0.1,100,3,73319714044,HPCC
2001429868,3,0.3,10000,0.1,100,3,85077659058,HPCC
2001430183,2,0.2,10000,0.1,100,3,86003031701,HPCC
2001433008,3,0.3,10000,0.1,100,3,100000000000,HPCC
2001433256,2,0.2,10000,0.1,100,3,92861484058,HPCC
2001435709,2,0.2,10000,0.1,100,3,100000000000,HPCC
2001436666,3,0.3,10000,0.1,100,3,86333850784,HPCC
2001438754,3,0.3,10000,0.1,100,3,70732498485,HPCC
2001438971,2,0.2,10000,0.1,100,3,81590757998,HPCC
2001441277,3,0.3,10000,0.1,100,3,55789838471,HPCC
2001441712,2,0.2,10000,0.1,100,3,61188385712,HPCC
2001442973,3,0.3,10000,0.1,100,3,54682480740,HPCC
2001443365,2,0.2,10000,0.1,100,3,40328412044,HPCC
2001445627,3,0.3,10000,0.1,100,3,73579845147,HPCC
2001446758,2,0.2,10000,0.1,100,3,52081091978,HPCC
2001448479,3,0.3,10000,0.1,100,3,70096249317,HPCC
2001449417,2,0.2,10000,0.1,100,3,56216998806,HPCC
2001451747,3,0.3,10000,0.1,100,3,100000000000,HPCC
2001454096,2,0.2,10000,0.1,100,3,68648656073,HPCC
2001454183,3,0.3,10000,0.1,100,3,100000000000,HPCC
2001456805,3,0.3,10000,0.1,100,3,100000000000,HPCC
2001456836,2,0.2,10000,0.1,100,3,77642307138,HPCC
2001458197,3,0.3,10000,0.1,100,3,99309285122,HPCC
2001460546,3,0.3,10000,0.1,100,3,96711633758,HPCC
2001461329,2,0.2,10000,0.1,100,3,65318028950,HPCC
2001463591,3,0.3,10000,0.1,100,3,81612556832,HPCC
2001463852,2,0.2,10000,0.1,100,3,53252011735,HPCC
2001465940,3,0.3,10000,0.1,100,3,58215349285,HPCC
2001466592,2,0.2,10000,0.1,100,3,49085813742,HPCC
2001467506,3,0.3,10000,0.1,100,3,60313229502,HPCC
2001469681,2,0.2,10000,0.1,100,3,58221981294,HPCC
2001471575,3,0.3,10000,0.1,100,3,77046820384,HPCC
2001472926,2,0.2,10000,0.1,100,3,67027667935,HPCC
2001473854,3,0.3,10000,0.1,100,3,100000000000,HPCC
2001475028,3,0.3,10000,0.1,100,3,100000000000,HPCC
2001476285,2,0.2,10000,0.1,100,3,79059849398,HPCC
2001478025,3,0.3,10000,0.1,100,3,84745595797,HPCC
2001479504,2,0.2,10000,0.1,100,3,77810048469,HPCC
2001480374,3,0.3,10000,0.1,100,3,75964039564,HPCC
2001481113,2,0.2,10000,0.1,100,3,73592518160,HPCC
2001481766,3,0.3,10000,0.1,100,3,69747595064,HPCC
2001483375,3,0.3,10000,0.1,100,3,68257917842,HPCC
2001483506,2,0.2,10000,0.1,100,3,58769632754,HPCC
2001485768,2,0.2,10000,0.1,100,3,42671031546,HPCC
2001486725,3,0.3,10000,0.1,100,3,63187761325,HPCC
2001487986,2,0.2,10000,0.1,100,3,43155726709,HPCC
2001488291,3,0.3,10000,0.1,100,3,48367142464,HPCC
2001489726,3,0.3,10000,0.1,100,3,48800177035,HPCC
2001491441,2,0.2,10000,0.1,100,3,73212114735,HPCC
2001493151,3,0.3,10000,0.1,100,3,84821226406,HPCC
2001494418,2,0.2,10000,0.1,100,3,84981417768,HPCC
2001495939,3,0.3,10000,0.1,100,3,100000000000,HPCC
2001497469,2,0.2,10000,0.1,100,3,100000000000,HPCC
2001499818,3,0.3,10000,0.1,100,3,100000000000,HPCC
2001500427,2,0.2,10000,0.1,100,3,100000000000,HPCC
2001502602,3,0.3,10000,0.1,100,3,80294275110,HPCC
2001503776,2,0.2,10000,0.1,100,3,77528755946,HPCC
2001504342,3,0.3,10000,0.1,100,3,70298915996,HPCC
2001505821,2,0.2,10000,0.1,100,3,61215475386,HPCC
2001506038,3,0.3,10000,0.1,100,3,68320137651,HPCC
2001508518,2,0.2,10000,0.1,100,3,41192266618,HPCC
2001508605,3,0.3,10000,0.1,100,3,70681279829,HPCC
2001510780,3,0.3,10000,0.1,100,3,52694155646,HPCC
2001510910,2,0.2,10000,0.1,100,3,43063951250,HPCC
2001512476,3,0.3,10000,0.1,100,3,54210890615,HPCC
2001514638,3,0.3,10000,0.1,100,3,81764050279,HPCC
2001514873,2,0.2,10000,0.1,100,3,71264242125,HPCC
2001517925,2,0.2,10000,0.1,100,3,84066092483,HPCC
2001518304,3,0.3,10000,0.1,100,3,99945033155,HPCC
2001521213,3,0.3,10000,0.1,100,3,100000000000,HPCC
2001521909,2,0.2,10000,0.1,100,3,99301086459,HPCC
2001524171,3,0.3,10000,0.1,100,3,87321727113,HPCC
2001524432,2,0.2,10000,0.1,100,3,85420389390,HPCC
2001526781,3,0.3,10000,0.1,100,3,67737917739,HPCC
2001527694,2,0.2,10000,0.1,100,3,69661685773,HPCC
2001528521,3,0.3,10000,0.1,100,3,64997646261,HPCC
2001529913,2,0.2,10000,0.1,100,3,62161145313,HPCC
2001530217,3,0.3,10000,0.1,100,3,41870480148,HPCC
2001532175,2,0.2,10000,0.1,100,3,43689740891,HPCC
2001532784,3,0.3,10000,0.1,100,3,53315213459,HPCC
2001534132,2,0.2,10000,0.1,100,3,45830071383,HPCC
2001535437,3,0.3,10000,0.1,100,3,55913524359,HPCC
2001536960,2,0.2,10000,0.1,100,3,83112651750,HPCC
2001539625,3,0.3,10000,0.1,100,3,83110678335,HPCC
2001540341,2,0.2,10000,0.1,100,3,100000000000,HPCC
2001542888,2,0.2,10000,0.1,100,3,100000000000,HPCC
2001543105,3,0.3,10000,0.1,100,3,100000000000,HPCC
2001544802,2,0.2,10000,0.1,100,3,100000000000,HPCC
2001546629,3,0.3,10000,0.1,100,3,74237714622,HPCC
2001547325,2,0.2,10000,0.1,100,3,89914467841,HPCC
2001549152,3,0.3,10000,0.1,100,3,54566805954,HPCC
2001550457,2,0.2,10000,0.1,100,3,72251232994,HPCC
2001551588,3,0.3,10000,0.1,100,3,49750461684,HPCC
2001552980,2,0.2,10000,0.1,100,3,50729514299,HPCC
2001553110,3,0.3,10000,0.1,100,3,49381763527,HPCC
2001554589,3,0.3,10000,0.1,100,3,51430236082,HPCC
2001555155,2,0.2,10000,0.1,100,3,56589366750,HPCC
2001556677,2,0.2,10000,0.1,100,3,45332820653,HPCC
2001557429,3,0.3,10000,0.1,100,3,56778110471,HPCC
2001558864,2,0.2,10000,0.1,100,3,58485413824,HPCC
2001560284,3,0.3,10000,0.1,100,3,63490849884,HPCC
2001561881,2,0.2,10000,0.1,100,3,90354672757,HPCC
2001564038,3,0.3,10000,0.1,100,3,80285865119,HPCC
2001565995,2,0.2,10000,0.1,100,3,99451920558,HPCC
2001566189,3,0.3,10000,0.1,100,3,70526026190,HPCC
2001567624,3,0.3,10000,0.1,100,3,76683651485,HPCC
2001567668,2,0.2,10000,0.1,100,3,92395162601,HPCC
2001569756,2,0.2,10000,0.1,100,3,90060713345,HPCC
2001570452,3,0.3,10000,0.1,100,3,65185957070,HPCC
2001572975,2,0.2,10000,0.1,100,3,79193774804,HPCC
2001573497,3,0.3,10000,0.1,100,3,58482273532,HPCC
2001575324,2,0.2,10000,0.1,100,3,67703742809,HPCC
2001575976,3,0.3,10000,0.1,100,3,44963432710,HPCC
2001577586,2,0.2,10000,0.1,100,3,54935330099,HPCC
2001578978,3,0.3,10000,0.1,100,3,51919866001,HPCC
2001580152,2,0.2,10000,0.1,100,3,60898394875,HPCC
2001581239,3,0.3,10000,0.1,100,3,47506436165,HPCC
2001581664,2,0.2,10000,0.1,100,3,56201071148,HPCC
2001584038,2,0.2,10000,0.1,100,3,91607426639,HPCC
2001585901,3,0.3,10000,0.1,100,3,82196486502,HPCC
2001586771,2,0.2,10000,0.1,100,3,70767756800,HPCC
2001588641,3,0.3,10000,0.1,100,3,100000000000,HPCC
2001589176,2,0.2,10000,0.1,100,3,85611087133,HPCC
2001591162,2,0.2,10000,0.1,100,3,77024529116,HPCC
2001592467,3,0.3,10000,0.1,100,3,90249484831,HPCC
2001593206,2,0.2,10000,0.1,100,3,71421460831,HPCC
2001593859,3,0.3,10000,0.1,100,3,89158270693,HPCC
2001596382,3,0.3,10000,0.1,100,3,76216796914,HPCC
2001596817,2,0.2,10000,0.1,100,3,59167337901,HPCC
2001598078,3,0.3,10000,0.1,100,3,73035373430,HPCC
2001598383,2,0.2,10000,0.1,100,3,53988464141,HPCC
2001600297,3,0.3,10000,0.1,100,3,70413573886,HPCC
2001600688,2,0.2,10000,0.1,100,3,52378339383,HPCC
2001601776,3,0.3,10000,0.1,100,3,55382222691,HPCC
2001603603,2,0.2,10000,0.1,100,3,48875242367,HPCC
2001603994,3,0.3,10000,0.1,100,3,57423904860,HPCC
2001606432,3,0.3,10000,0.1,100,3,71525063594,HPCC
2001606790,2,0.2,10000,0.1,100,3,53904014617,HPCC
2001610195,3,0.3,10000,0.1,100,3,87771588769,HPCC
2001611239,2,0.2,10000,0.1,100,3,73968998348,HPCC
2001612892,3,0.3,10000,0.1,100,3,89667275725,HPCC
2001614849,2,0.2,10000,0.1,100,3,78270612463,HPCC
2001615076,3,0.3,10000,0.1,100,3,100000000000,HPCC
2001617809,3,0.3,10000,0.1,100,3,92271571591,HPCC
2001617896,2,0.2,10000,0.1,100,3,74328342894,HPCC
2001620419,3,0.3,10000,0.1,100,3,77510350839,HPCC
2001620941,2,0.2,10000,0.1,100,3,59566462018,HPCC
2001622855,3,0.3,10000,0.1,100,3,66837968147,HPCC
2001624595,2,0.2,10000,0.1,100,3,58439661535,HPCC
2001625030,3,0.3,10000,0.1,100,3,70248926736,HPCC
2001627823,3,0.3,10000,0.1,100,3,65585039571,HPCC
2001627944,2,0.2,10000,0.1,100,3,50861698408,HPCC
2001629213,3,0.3,10000,0.1,100,3,67674792865,HPCC
2001631567,2,0.2,10000,0.1,100,3,71867421290,HPCC
2001631654,3,0.3,10000,0.1,100,3,79488295526,HPCC
2001634046,3,0.3,10000,0.1,100,3,81476185213,HPCC
2001635133,2,0.2,10000,0.1,100,3,74259913918,HPCC
2001635481,3,0.3,10000,0.1,100,3,80917252510,HPCC
2001638365,3,0.3,10000,0.1,100,3,100000000000,HPCC
2001638452,2,0.2,10000,0.1,100,3,86537368601,HPCC
2001640801,3,0.3,10000,0.1,100,3,89078402374,HPCC
2001641671,2,0.2,10000,0.1,100,3,70637432859,HPCC
2001643498,3,0.3,10000,0.1,100,3,80036793620,HPCC
2001644542,2,0.2,10000,0.1,100,3,66322007591,HPCC
2001646108,3,0.3,10000,0.1,100,3,61990066159,HPCC
2001648109,2,0.2,10000,0.1,100,3,52693326215,HPCC
2001648631,3,0.3,10000,0.1,100,3,63797111409,HPCC
2001650458,2,0.2,10000,0.1,100,3,55016662567,HPCC
2001650588,3,0.3,10000,0.1,100,3,51480973060,HPCC
2001651806,2,0.2,10000,0.1,100,3,45929085137,HPCC
2001652328,3,0.3,10000,0.1,100,3,54948654596,HPCC
2001654935,3,0.3,10000,0.1,100,3,85063959466,HPCC
2001655718,2,0.2,10000,0.1,100,3,70081466644,HPCC
2001658101,2,0.2,10000,0.1,100,3,88905054109,HPCC
2001658780,3,0.3,10000,0.1,100,3,100000000000,HPCC
2001661142,3,0.3,10000,0.1,100,3,100000000000,HPCC
2001662795,2,0.2,10000,0.1,100,3,92601679081,HPCC
2001663665,3,0.3,10000,0.1,100,3,100000000000,HPCC
2001665231,2,0.2,10000,0.1,100,3,82440156757,HPCC
2001666797,3,0.3,10000,0.1,100,3,70334318655,HPCC
2001668754,2,0.2,10000,0.1,100,3,65436523957,HPCC
2001668798,3,0.3,10000,0.1,100,3,65317792255,HPCC
2001671147,2,0.2,10000,0.1,100,3,61016931332,HPCC
2001671756,3,0.3,10000,0.1,100,3,45840877655,HPCC
2001673670,2,0.2,10000,0.1,100,3,46917895329,HPCC
2001674627,3,0.3,10000,0.1,100,3,54469558436,HPCC
2001675192,2,0.2,10000,0.1,100,3,47562111351,HPCC
2001675801,3,0.3,10000,0.1,100,3,45665252589,HPCC
2001677947,3,0.3,10000,0.1,100,3,57156883622,HPCC
2001678228,2,0.2,10000,0.1,100,3,90008294281,HPCC
2001680925,2,0.2,10000,0.1,100,3,100000000000,HPCC
2001681455,3,0.3,10000,0.1,100,3,89384915348,HPCC
2001684591,2,0.2,10000,0.1,100,3,100000000000,HPCC
2001685504,3,0.3,10000,0.1,100,3,100000000000,HPCC
2001685983,2,0.2,10000,0.1,100,3,100000000000,HPCC
2001688419,2,0.2,10000,0.1,100,3,87813266213,HPCC
2001689028,3,0.3,10000,0.1,100,3,73961882817,HPCC
2001690115,2,0.2,10000,0.1,100,3,83211613412,HPCC
2001690507,3,0.3,10000,0.1,100,3,56091833050,HPCC
2001691594,3,0.3,10000,0.1,100,3,55778505134,HPCC
2001692421,2,0.2,10000,0.1,100,3,68927409612,HPCC
2001694248,3,0.3,10000,0.1,100,3,48890472847,HPCC
2001695031,2,0.2,10000,0.1,100,3,47481310704,HPCC
2001697380,2,0.2,10000,0.1,100,3,54531095287,HPCC
2001698032,3,0.3,10000,0.1,100,3,58435056398,HPCC
2001698728,2,0.2,10000,0.1,100,3,43764982694,HPCC
2001700951,2,0.2,10000,0.1,100,3,61377974562,HPCC
2001701394,3,0.3,10000,0.1,100,3,73561706639,HPCC
2001704379,2,0.2,10000,0.1,100,3,79770343581,HPCC
2001704640,3,0.3,10000,0.1,100,3,81966386438,HPCC
2001707479,2,0.2,10000,0.1,100,3,86938085693,HPCC
2001707566,3,0.3,10000,0.1,100,3,88527696207,HPCC
2001710264,3,0.3,10000,0.1,100,3,84061647419,HPCC
2001711047,2,0.2,10000,0.1,100,3,76656883924,HPCC
2001713396,3,0.3,10000,0.1,100,3,69962569742,HPCC
2001713483,2,0.2,10000,0.1,100,3,62322784253,HPCC
2001716093,3,0.3,10000,0.1,100,3,60418286156,HPCC
2001716963,2,0.2,10000,0.1,100,3,58880641964,HPCC
2001718616,3,0.3,10000,0.1,100,3,46249149151,HPCC
2001719486,2,0.2,10000,0.1,100,3,50568992179,HPCC
2001720573,2,0.2,10000,0.1,100,3,50614767329,HPCC
2001721841,3,0.3,10000,0.1,100,3,68482530812,HPCC
2001723848,2,0.2,10000,0.1,100,3,83154776181,HPCC
2001725308,3,0.3,10000,0.1,100,3,79022954284,HPCC
2001726738,2,0.2,10000,0.1,100,3,100000000000,HPCC
2001727934,3,0.3,10000,0.1,100,3,100000000000,HPCC
2001730385,2,0.2,10000,0.1,100,3,95648758507,HPCC
2001730994,3,0.3,10000,0.1,100,3,100000000000,HPCC
2001732995,2,0.2,10000,0.1,100,3,80285761128,HPCC
2001733821,3,0.3,10000,0.1,100,3,84890283079,HPCC
2001734909,2,0.2,10000,0.1,100,3,67788330333,HPCC
2001736127,3,0.3,10000,0.1,100,3,62949305890,HPCC
2001736605,2,0.2,10000,0.1,100,3,65778361615,HPCC
2001738563,3,0.3,10000,0.1,100,3,40084756501,HPCC
2001739781,2,0.2,10000,0.1,100,3,69057606884,HPCC
2001741434,2,0.2,10000,0.1,100,3,52517791752,HPCC
2001741695,3,0.3,10000,0.1,100,3,50415052690,HPCC
2001743043,2,0.2,10000,0.1,100,3,54044562567,HPCC
2001744402,3,0.3,10000,0.1,100,3,55257530789,HPCC
2001745970,2,0.2,10000,0.1,100,3,100000000000,HPCC
2001748463,3,0.3,10000,0.1,100,3,61854690707,HPCC
2001749145,2,0.2,10000,0.1,100,3,100000000000,HPCC
2001751680,3,0.3,10000,0.1,100,3,81792404469,HPCC
2001751724,2,0.2,10000,0.1,100,3,100000000000,HPCC
2001753290,2,0.2,10000,0.1,100,3,100000000000,HPCC
2001755552,2,0.2,10000,0.1,100,3,90824211259,HPCC
2001756248,3,0.3,10000,0.1,100,3,55285848096,HPCC
2001758510,2,0.2,10000,0.1,100,3,79742011596,HPCC
2001758771,3,0.3,10000,0.1,100,3,44608152195,HPCC
2001761033,2,0.2,10000,0.1,100,3,58068670160,HPCC
2001761772,3,0.3,10000,0.1,100,3,40669038883,HPCC
2001762599,2,0.2,10000,0.1,100,3,63667144823,HPCC
2001764873,2,0.2,10000,0.1,100,3,67597973029,HPCC
2001765909,3,0.3,10000,0.1,100,3,59170615177,HPCC
2001768147,2,0.2,10000,0.1,100,3,98592354768,HPCC
2001768744,3,0.3,10000,0.1,100,3,77736832775,HPCC
2001770271,2,0.2,10000,0.1,100,3,95065385538,HPCC
2001771967,2,0.2,10000,0.1,100,3,100000000000,HPCC
2001772302,3,0.3,10000,0.1,100,3,73425263694,HPCC
2001774564,2,0.2,10000,0.1,100,3,100000000000,HPCC
2001775608,3,0.3,10000,0.1,100,3,73294354706,HPCC
2001777087,2,0.2,10000,0.1,100,3,76096465063,HPCC
2001778348,3,0.3,10000,0.1,100,3,59019017514,HPCC
2001778740,2,0.2,10000,0.1,100,3,57621782278,HPCC
2001781219,3,0.3,10000,0.1,100,3,51739590383,HPCC
2001781263,2,0.2,10000,0.1,100,3,54913700861,HPCC
2001783264,3,0.3,10000,0.1,100,3,41995776170,HPCC
2001784438,3,0.3,10000,0.1,100,3,42128363232,HPCC
2001784960,2,0.2,10000,0.1,100,3,64987824672,HPCC
2001788487,3,0.3,10000,0.1,100,3,76988099036,HPCC
2001788746,2,0.2,10000,0.1,100,3,92717129361,HPCC
2001790804,3,0.3,10000,0.1,100,3,100000000000,HPCC
2001791158,2,0.2,10000,0.1,100,3,93058303778,HPCC
2001792560,2,0.2,10000,0.1,100,3,100000000000,HPCC
2001795337,2,0.2,10000,0.1,100,3,100000000000,HPCC
2001795424,3,0.3,10000,0.1,100,3,100000000000,HPCC
2001798121,2,0.2,10000,0.1,100,3,74669758047,HPCC
2001798208,3,0.3,10000,0.1,100,3,79038076780,HPCC
2001800905,3,0.3,10000,0.1,100,3,58822265228,HPCC
2001800992,2,0.2,10000,0.1,100,3,43371135100,HPCC
2001803689,2,0.2,10000,0.1,100,3,48303492297,HPCC
2001803776,3,0.3,10000,0.1,100,3,66122592618,HPCC
2001805907,2,0.2,10000,0.1,100,3,52328135604,HPCC
2001806690,3,0.3,10000,0.1,100,3,50848206923,HPCC
2001810232,3,0.3,10000,0.1,100,3,100000000000,HPCC
2001810928,2,0.2,10000,0.1,100,3,69780527320,HPCC
2001813233,3,0.3,10000,0.1,100,3,100000000000,HPCC
2001813581,2,0.2,10000,0.1,100,3,80073392986,HPCC
2001816160,3,0.3,10000,0.1,100,3,100000000000,HPCC
2001818335,2,0.2,10000,0.1,100,3,95075833189,HPCC
2001818596,3,0.3,10000,0.1,100,3,100000000000,HPCC
2001821032,3,0.3,10000,0.1,100,3,73934005427,HPCC
2001821554,2,0.2,10000,0.1,100,3,67558163033,HPCC
2001823511,2,0.2,10000,0.1,100,3,67520437559,HPCC
2001823555,3,0.3,10000,0.1,100,3,66427145898,HPCC
2001826165,3,0.3,10000,0.1,100,3,44806235123,HPCC
2001826426,2,0.2,10000,0.1,100,3,67593487838,HPCC
2001828775,2,0.2,10000,0.1,100,3,52741705372,HPCC
2001829384,3,0.3,10000,0.1,100,3,54516735368,HPCC
2001830471,2,0.2,10000,0.1,100,3,53899966718,HPCC
2001832176,3,0.3,10000,0.1,100,3,55066897060,HPCC
2001832549,2,0.2,10000,0.1,100,3,79101111263,HPCC
2001835957,3,0.3,10000,0.1,100,3,69336210099,HPCC
2001836355,2,0.2,10000,0.1,100,3,97768442705,HPCC
2001838825,2,0.2,10000,0.1,100,3,87876563746,HPCC
2001839477,3,0.3,10000,0.1,100,3,80477393112,HPCC
2001840868,2,0.2,10000,0.1,100,3,93177523455,HPCC
2001843043,3,0.3,10000,0.1,100,3,63480409619,HPCC
2001843304,2,0.2,10000,0.1,100,3,84878553463,HPCC
2001845827,3,0.3,10000,0.1,100,3,49945761119,HPCC
2001846523,2,0.2,10000,0.1,100,3,69117688746,HPCC
2001848132,3,0.3,10000,0.1,100,3,48831043523,HPCC
2001848263,2,0.2,10000,0.1,100,3,51741983996,HPCC
2001851059,2,0.2,10000,0.1,100,3,62133882880,HPCC
2001851407,3,0.3,10000,0.1,100,3,61704863940,HPCC
2001854495,2,0.2,10000,0.1,100,3,68747811405,HPCC
2001854922,3,0.3,10000,0.1,100,3,74672081490,HPCC
2001857789,2,0.2,10000,0.1,100,3,91050814436,HPCC
2001858224,3,0.3,10000,0.1,100,3,84971069651,HPCC
2001860660,2,0.2,10000,0.1,100,3,88432484499,HPCC
2001860921,3,0.3,10000,0.1,100,3,81805827008,HPCC
2001863488,2,0.2,10000,0.1,100,3,79347504284,HPCC
2001863923,3,0.3,10000,0.1,100,3,72283129687,HPCC
2001866185,2,0.2,10000,0.1,100,3,65305803848,HPCC
2001866968,3,0.3,10000,0.1,100,3,55770188160,HPCC
2001868882,2,0.2,10000,0.1,100,3,58643464469,HPCC
2001869926,3,0.3,10000,0.1,100,3,57229633219,HPCC
2001871231,2,0.2,10000,0.1,100,3,48508639020,HPCC
2001872492,2,0.2,10000,0.1,100,3,48742617744,HPCC
2001873092,3,0.3,10000,0.1,100,3,50378977009,HPCC
2001875777,2,0.2,10000,0.1,100,3,83013635379,HPCC
2001876473,3,0.3,10000,0.1,100,3,78105156766,HPCC
2001878562,2,0.2,10000,0.1,100,3,100000000000,HPCC
2001879837,3,0.3,10000,0.1,100,3,100000000000,HPCC
2001882074,2,0.2,10000,0.1,100,3,100000000000,HPCC
2001883379,3,0.3,10000,0.1,100,3,99181665606,HPCC
2001884771,2,0.2,10000,0.1,100,3,94804627704,HPCC
2001886511,3,0.3,10000,0.1,100,3,75085242045,HPCC
2001887294,2,0.2,10000,0.1,100,3,67457261075,HPCC
2001888686,3,0.3,10000,0.1,100,3,63964825146,HPCC
2001888990,2,0.2,10000,0.1,100,3,65424808111,HPCC
2001890034,3,0.3,10000,0.1,100,3,63187225205,HPCC
2001890513,2,0.2,10000,0.1,100,3,61403986798,HPCC
2001891818,3,0.3,10000,0.1,100,3,65336907709,HPCC
2001893558,2,0.2,10000,0.1,100,3,45412850194,HPCC
2001894863,3,0.3,10000,0.1,100,3,53310544833,HPCC
2001895950,3,0.3,10000,0.1,100,3,53372316718,HPCC
2001896501,2,0.2,10000,0.1,100,3,54960266145,HPCC
2001898083,3,0.3,10000,0.1,100,3,66277704206,HPCC
2001900138,2,0.2,10000,0.1,100,3,59968138223,HPCC
2001901681,3,0.3,10000,0.1,100,3,86476527255,HPCC
2001903313,2,0.2,10000,0.1,100,3,75806976895,HPCC
2001904531,3,0.3,10000,0.1,100,3,75939859450,HPCC
2001906097,2,0.2,10000,0.1,100,3,77880083168,HPCC
2001906880,3,0.3,10000,0.1,100,3,75926253926,HPCC
2001909403,3,0.3,10000,0.1,100,3,71667182770,HPCC
2001909838,2,0.2,10000,0.1,100,3,68511899935,HPCC
2001911866,3,0.3,10000,0.1,100,3,71347412201,HPCC
2001911969,2,0.2,10000,0.1,100,3,62832170293,HPCC
2001914438,3,0.3,10000,0.1,100,3,97069255138,HPCC
2001917152,3,0.3,10000,0.1,100,3,100000000000,HPCC
2001919427,3,0.3,10000,0.1,100,3,100000000000,HPCC
2001920851,3,0.3,10000,0.1,100,3,100000000000,HPCC
2001922384,3,0.3,10000,0.1,100,3,100000000000,HPCC
2001924572,3,0.3,10000,0.1,100,3,100000000000,HPCC
2001925996,3,0.3,10000,0.1,100,3,100000000000,HPCC
2001927529,3,0.3,10000,0.1,100,3,100000000000,HPCC
2001929717,3,0.3,10000,0.1,100,3,100000000000,HPCC
2001931141,3,0.3,10000,0.1,100,3,100000000000,HPCC
2001932674,3,0.3,10000,0.1,100,3,100000000000,HPCC
2001934862,3,0.3,10000,0.1,100,3,100000000000,HPCC
2001936286,3,0.3,10000,0.1,100,3,100000000000,HPCC
2001937819,3,0.3,10000,0.1,100,3,100000000000,HPCC
2001940007,3,0.3,10000,0.1,100,3,100000000000,HPCC
2001941431,3,0.3,10000,0.1,100,3,100000000000,HPCC
2001942964,3,0.3,10000,0.1,100,3,100000000000,HPCC
2001945152,3,0.3,10000,0.1,100,3,100000000000,HPCC
2001946576,3,0.3,10000,0.1,100,3,100000000000,HPCC
2001948109,3,0.3,10000,0.1,100,3,100000000000,HPCC
2001950297,3,0.3,10000,0.1,100,3,100000000000,HPCC
2001951721,3,0.3,10000,0.1,100,3,100000000000,HPCC
2001953254,3,0.3,10000,0.1,100,3,100000000000,HPCC
2001955442,3,0.3,10000,0.1,100,3,100000000000,HPCC
2001956866,3,0.3,10000,0.1,100,3,100000000000,HPCC
2001958399,3,0.3,10000,0.1,100,3,100000000000,HPCC
2001960587,3,0.3,10000,0.1,100,3,100000000000,HPCC
2001962011,3,0.3,10000,0.1,100,3,100000000000,HPCC
2001963544,3,0.3,10000,0.1,100,3,100000000000,HPCC
2001965732,3,0.3,10000,0.1,100,3,100000000000,HPCC
2001967156,3,0.3,10000,0.1,100,3,100000000000,HPCC
2001968689,3,0.3,10000,0.1,100,3,100000000000,HPCC
2001970877,3,0.3,10000,0.1,100,3,100000000000,HPCC
2001972301,3,0.3,10000,0.1,100,3,100000000000,HPCC
2001973834,3,0.3,10000,0.1,100,3,100000000000,HPCC
2001976022,3,0.3,10000,0.1,100,3,100000000000,HPCC
2001977750,3,0.3,10000,0.1,100,3,100000000000,HPCC
2000005493,2,0.2,10000,0.1,100,3,100000000000,HPCC
2000006885,2,0.2,10000,0.1,100,3,95035386863,HPCC
2000008277,2,0.2,10000,0.1,100,3,94792513394,HPCC
2000009625,2,0.2,10000,0.1,100,3,94810364054,HPCC
2000010986,2,0.2,10000,0.1,100,3,100000000000,HPCC
2000012556,2,0.2,10000,0.1,100,3,100000000000,HPCC
2000014012,2,0.2,10000,0.1,100,3,100000000000,HPCC
2000016305,2,0.2,10000,0.1,100,3,100000000000,HPCC
2000017701,2,0.2,10000,0.1,100,3,100000000000,HPCC
2000019157,2,0.2,10000,0.1,100,3,100000000000,HPCC
2000021450,2,0.2,10000,0.1,100,3,100000000000,HPCC
2000022846,2,0.2,10000,0.1,100,3,100000000000,HPCC
2000024302,2,0.2,10000,0.1,100,3,100000000000,HPCC
2000026595,2,0.2,10000,0.1,100,3,100000000000,HPCC
2000027991,2,0.2,10000,0.1,100,3,100000000000,HPCC
2000029447,2,0.2,10000,0.1,100,3,100000000000,HPCC
2000031740,2,0.2,10000,0.1,100,3,100000000000,HPCC
2000033136,2,0.2,10000,0.1,100,3,100000000000,HPCC
2000034592,2,0.2,10000,0.1,100,3,100000000000,HPCC
2000036885,2,0.2,10000,0.1,100,3,100000000000,HPCC
2000038281,2,0.2,10000,0.1,100,3,100000000000,HPCC
2000039737,2,0.2,10000,0.1,100,3,100000000000,HPCC
2000042030,2,0.2,10000,0.1,100,3,100000000000,HPCC
2000043426,2,0.2,10000,0.1,100,3,100000000000,HPCC
2000044882,2,0.2,10000,0.1,100,3,100000000000,HPCC
2000047175,2,0.2,10000,0.1,100,3,100000000000,HPCC
2000048571,2,0.2,10000,0.1,100,3,100000000000,HPCC
2000050027,2,0.2,10000,0.1,100,3,100000000000,HPCC
2000052320,2,0.2,10000,0.1,100,3,100000000000,HPCC
2000053716,2,0.2,10000,0.1,100,3,100000000000,HPCC
2000055172,2,0.2,10000,0.1,100,3,100000000000,HPCC
2000057465,2,0.2,10000,0.1,100,3,100000000000,HPCC
2000058861,2,0.2,10000,0.1,100,3,100000000000,HPCC
2000060317,2,0.2,10000,0.1,100,3,100000000000,HPCC
2000062610,2,0.2,10000,0.1,100,3,100000000000,HPCC
2000064006,2,0.2,10000,0.1,100,3,100000000000,HPCC
2000065462,2,0.2,10000,0.1,100,3,100000000000,HPCC
2000067755,2,0.2,10000,0.1,100,3,100000000000,HPCC
2000069151,2,0.2,10000,0.1,100,3,100000000000,HPCC
2000070607,2,0.2,10000,0.1,100,3,100000000000,HPCC
2000072900,2,0.2,10000,0.1,100,3,100000000000,HPCC
2000074296,2,0.2,10000,0.1,100,3,100000000000,HPCC
2000075752,2,0.2,10000,0.1,100,3,100000000000,HPCC
2000078045,2,0.2,10000,0.1,100,3,100000000000,HPCC
2000079441,2,0.2,10000,0.1,100,3,100000000000,HPCC
2000080897,2,0.2,10000,0.1,100,3,100000000000,HPCC
2000083190,2,0.2,10000,0.1,100,3,100000000000,HPCC
2000084586,2,0.2,10000,0.1,100,3,100000000000,HPCC
2000086042,2,0.2,10000,0.1,100,3,100000000000,HPCC
2000088335,2,0.2,10000,0.1,100,3,100000000000,HPCC
2000089731,2,0.2,10000,0.1,100,3,100000000000,HPCC
2000091187,2,0.2,10000,0.1,100,3,100000000000,HPCC
2000093480,2,0.2,10000,0.1,100,3,100000000000,HPCC
2000094876,2,0.2,10000,0.1,100,3,100000000000,HPCC
2000096332,2,0.2,10000,0.1,100,3,100000000000,HPCC
2000098625,2,0.2,10000,0.1,100,3,100000000000,HPCC
2000100021,2,0.2,10000,0.1,100,3,100000000000,HPCC
2000101477,2,0.2,10000,0.1,100,3,100000000000,HPCC
2000103770,2,0.2,10000,0.1,100,3,100000000000,HPCC
2000108294,2,0.2,10000,0.1,100,3,95006341911,HPCC
2000109425,3,0.3,10000,0.1,100,3,100000000000,HPCC
2000109512,4,0.4,10000,0.1,100,3,100000000000,HPCC
2000109599,5,0.5,10000,0.1,100,3,100000000000,HPCC
2000113862,2,0.2,10000,0.1,100,3,28408283801,HPCC
2000114993,3,0.3,10000,0.1,100,3,24442707954,HPCC
2000115080,4,0.4,10000,0.1,100,3,24318083895,HPCC
2000115167,5,0.5,10000,0.1,100,3,24318083895,HPCC
2000116254,2,0.2,10000,0.1,100,3,28392664381,HPCC
2000119604,3,0.3,10000,0.1,100,3,33428006657,HPCC
2000119691,4,0.4,10000,0.1,100,3,33682520191,HPCC
2000119778,5,0.5,10000,0.1,100,3,33940944976,HPCC
2000121866,2,0.2,10000,0.1,100,3,41345908954,HPCC
2000121996,3,0.3,10000,0.1,100,3,34771579107,HPCC
2000122083,4,0.4,10000,0.1,100,3,35078843977,HPCC
2000122170,5,0.5,10000,0.1,100,3,35326986968,HPCC
2000124171,2,0.2,10000,0.1,100,3,17881538228,HPCC
2000126999,3,0.3,10000,0.1,100,3,70072989309,HPCC
2000127173,4,0.4,10000,0.1,100,3,71076665679,HPCC
2000127260,5,0.5,10000,0.1,100,3,72239142723,HPCC
2000129130,3,0.3,10000,0.1,100,3,51225236890,HPCC
2000129304,4,0.4,10000,0.1,100,3,52985872484,HPCC
2000129391,5,0.5,10000,0.1,100,3,54627998702,HPCC
2000129913,2,0.2,10000,0.1,100,3,39240704020,HPCC
2000134965,3,0.3,10000,0.1,100,3,81051444351,HPCC
2000135313,4,0.4,10000,0.1,100,3,85700457444,HPCC
2000135400,5,0.5,10000,0.1,100,3,86940267299,HPCC
2000139358,3,0.3,10000,0.1,100,3,58047215447,HPCC
2000139706,4,0.4,10000,0.1,100,3,64156070066,HPCC
2000139837,2,0.2,10000,0.1,100,3,46781806580,HPCC
2000139967,5,0.5,10000,0.1,100,3,66616050330,HPCC
2000141272,2,0.2,10000,0.1,100,3,51628526393,HPCC
2000143839,3,0.3,10000,0.1,100,3,53400578490,HPCC
2000144535,4,0.4,10000,0.1,100,3,59045924455,HPCC
2000144709,5,0.5,10000,0.1,100,3,62806573981,HPCC
2000148189,3,0.3,10000,0.1,100,3,28928981190,HPCC
2000148537,4,0.4,10000,0.1,100,3,31862235465,HPCC
2000148624,5,0.5,10000,0.1,100,3,34544577348,HPCC
2000149885,4,0.4,10000,0.1,100,3,31843272120,HPCC
2000150233,5,0.5,10000,0.1,100,3,34448548612,HPCC
2000150451,2,0.2,10000,0.1,100,3,28786048037,HPCC
2000152756,2,0.2,10000,0.1,100,3,17075518908,HPCC
2000154757,3,0.3,10000,0.1,100,3,36306256829,HPCC
2000155497,4,0.4,10000,0.1,100,3,48905137875,HPCC
2000155671,5,0.5,10000,0.1,100,3,53008250801,HPCC
2000156410,3,0.3,10000,0.1,100,3,26456082319,HPCC
2000156584,4,0.4,10000,0.1,100,3,40559124685,HPCC
2000156932,5,0.5,10000,0.1,100,3,44858756871,HPCC
2000160032,2,0.2,10000,0.1,100,3,40114215778,HPCC
2000163165,5,0.5,10000,0.1,100,3,73319863599,HPCC
2000163252,4,0.4,10000,0.1,100,3,60104435405,HPCC
2000164339,3,0.3,10000,0.1,100,3,42837914916,HPCC
2000165470,4,0.4,10000,0.1,100,3,66594506600,HPCC
2000165557,5,0.5,10000,0.1,100,3,86207927215,HPCC
2000167614,2,0.2,10000,0.1,100,3,48149702003,HPCC
2000170485,5,0.5,10000,0.1,100,3,86571470447,HPCC
2000170528,2,0.2,10000,0.1,100,3,50336245100,HPCC
2000171442,4,0.4,10000,0.1,100,3,66290583747,HPCC
2000173791,5,0.5,10000,0.1,100,3,56936152711,HPCC
2000175270,3,0.3,10000,0.1,100,3,39521282801,HPCC
2000175444,4,0.4,10000,0.1,100,3,34585454585,HPCC
2000177401,4,0.4,10000,0.1,100,3,34184415232,HPCC
2000177488,5,0.5,10000,0.1,100,3,46522714086,HPCC
2000178141,2,0.2,10000,0.1,100,3,32742482833,HPCC
2000178358,3,0.3,10000,0.1,100,3,25635938203,HPCC
2000180751,5,0.5,10000,0.1,100,3,57962543565,HPCC
2000181925,5,0.5,10000,0.1,100,3,38850403856,HPCC
2000181969,4,0.4,10000,0.1,100,3,47128442817,HPCC
2000182186,2,0.2,10000,0.1,100,3,22776428061,HPCC
2000184187,4,0.4,10000,0.1,100,3,33789426654,HPCC
2000184709,3,0.3,10000,0.1,100,3,31025116035,HPCC
2000185666,2,0.2,10000,0.1,100,3,29376675238,HPCC
2000185989,5,0.5,10000,0.1,100,3,62650171646,HPCC
2000188212,5,0.5,10000,0.1,100,3,66789548922,HPCC
2000188909,2,0.2,10000,0.1,100,3,33996611607,HPCC
2000189265,4,0.4,10000,0.1,100,3,58973819825,HPCC
2000190827,4,0.4,10000,0.1,100,3,75670601744,HPCC
2000192760,5,0.5,10000,0.1,100,3,71103174045,HPCC
2000193891,3,0.3,10000,0.1,100,3,28391996112,HPCC
2000195239,3,0.3,10000,0.1,100,3,25509751315,HPCC
2000195457,2,0.2,10000,0.1,100,3,31844639239,HPCC
2000195805,5,0.5,10000,0.1,100,3,64426348132,HPCC
2000197023,4,0.4,10000,0.1,100,3,56455134520,HPCC
2000197327,2,0.2,10000,0.1,100,3,31268579700,HPCC
2000197414,5,0.5,10000,0.1,100,3,62240586636,HPCC
2000198763,4,0.4,10000,0.1,100,3,47893419899,HPCC
2000200764,5,0.5,10000,0.1,100,3,52205736819,HPCC
2000201155,4,0.4,10000,0.1,100,3,44759251300,HPCC
2000203983,5,0.5,10000,0.1,100,3,36106781257,HPCC
2000205244,5,0.5,10000,0.1,100,3,36103025071,HPCC
2000205549,2,0.2,10000,0.1,100,3,23777597130,HPCC
2000205592,3,0.3,10000,0.1,100,3,20218871088,HPCC
2000206071,4,0.4,10000,0.1,100,3,42854544493,HPCC
2000206810,2,0.2,10000,0.1,100,3,17785863374,HPCC
2000208637,4,0.4,10000,0.1,100,3,34982661959,HPCC
2000209135,5,0.5,10000,0.1,100,3,61900151416,HPCC
2000210911,5,0.5,10000,0.1,100,3,77615816945,HPCC
2000213541,4,0.4,10000,0.1,100,3,60777061896,HPCC
2000215063,2,0.2,10000,0.1,100,3,27861807293,HPCC
2000215368,5,0.5,10000,0.1,100,3,68175779119,HPCC
2000215411,3,0.3,10000,0.1,100,3,22593496863,HPCC
2000215585,4,0.4,10000,0.1,100,3,76196021346,HPCC
2000217131,5,0.5,10000,0.1,100,3,77882027636,HPCC
2000219300,5,0.5,10000,0.1,100,3,76302422421,HPCC
2000220165,4,0.4,10000,0.1,100,3,61677304609,HPCC
2000223558,4,0.4,10000,0.1,100,3,53726171012,HPCC
2000223732,5,0.5,10000,0.1,100,3,65917037595,HPCC
2000226385,4,0.4,10000,0.1,100,3,43254670385,HPCC
2000226690,5,0.5,10000,0.1,100,3,48965233457,HPCC
2000227777,2,0.2,10000,0.1,100,3,26311336233,HPCC
2000228038,3,0.3,10000,0.1,100,3,21344963008,HPCC
2000229561,4,0.4,10000,0.1,100,3,50104014948,HPCC
2000229648,5,0.5,10000,0.1,100,3,52885438682,HPCC
2000231975,4,0.4,10000,0.1,100,3,46542831413,HPCC
2000232946,5,0.5,10000,0.1,100,3,56664911858,HPCC
2000237577,5,0.5,10000,0.1,100,3,59083622537,HPCC
2000237751,4,0.4,10000,0.1,100,3,58813111631,HPCC
2000238490,2,0.2,10000,0.1,100,3,21991721956,HPCC
2000239099,3,0.3,10000,0.1,100,3,17461239694,HPCC
2000240404,4,0.4,10000,0.1,100,3,60225763327,HPCC
2000240839,5,0.5,10000,0.1,100,3,60097045408,HPCC
2000244870,5,0.5,10000,0.1,100,3,90170512833,HPCC
2000245131,4,0.4,10000,0.1,100,3,72132004683,HPCC
2000248350,4,0.4,10000,0.1,100,3,61639147813,HPCC
2000249046,5,0.5,10000,0.1,100,3,82066333374,HPCC
2000249959,2,0.2,10000,0.1,100,3,23311790875,HPCC
2000250220,3,0.3,10000,0.1,100,3,19051278127,HPCC
2000251482,5,0.5,10000,0.1,100,3,82179243645,HPCC
2000252526,4,0.4,10000,0.1,100,3,56582458980,HPCC
2000254353,5,0.5,10000,0.1,100,3,61882727185,HPCC
2000255223,4,0.4,10000,0.1,100,3,43444476658,HPCC
2000256397,4,0.4,10000,0.1,100,3,43426146147,HPCC
2000257137,5,0.5,10000,0.1,100,3,59572077461,HPCC
2000259964,5,0.5,10000,0.1,100,3,42810816412,HPCC
2000261139,4,0.4,10000,0.1,100,3,47751939302,HPCC
2000261182,3,0.3,10000,0.1,100,3,17388150188,HPCC
2000261443,2,0.2,10000,0.1,100,3,20868372584,HPCC
2000262639,5,0.5,10000,0.1,100,3,54831825401,HPCC
2000262748,4,0.4,10000,0.1,100,3,40694224265,HPCC
2000265558,5,0.5,10000,0.1,100,3,74019825532,HPCC
2000268871,4,0.4,10000,0.1,100,3,60756599858,HPCC
2000270089,5,0.5,10000,0.1,100,3,62435472599,HPCC
2000271611,4,0.4,10000,0.1,100,3,63009118615,HPCC
2000271785,2,0.2,10000,0.1,100,3,20006275946,HPCC
2000271959,3,0.3,10000,0.1,100,3,16887207594,HPCC
2000272003,5,0.5,10000,0.1,100,3,61140840850,HPCC
2000273612,5,0.5,10000,0.1,100,3,60946707892,HPCC
2000275421,4,0.4,10000,0.1,100,3,64616886919,HPCC
2000277683,5,0.5,10000,0.1,100,3,70320392744,HPCC
2000278466,4,0.4,10000,0.1,100,3,60339739276,HPCC
2000279640,4,0.4,10000,0.1,100,3,59768030160,HPCC
2000280293,5,0.5,10000,0.1,100,3,61563429321,HPCC
2000282163,3,0.3,10000,0.1,100,3,14769092063,HPCC
2000282207,4,0.4,10000,0.1,100,3,57055667516,HPCC
2000282337,2,0.2,10000,0.1,100,3,17796399370,HPCC
2000284382,5,0.5,10000,0.1,100,3,56299701363,HPCC
2000285600,4,0.4,10000,0.1,100,3,49960827912,HPCC
2000286383,5,0.5,10000,0.1,100,3,47854769932,HPCC
2000287470,5,0.5,10000,0.1,100,3,47870830174,HPCC
2000289384,4,0.4,10000,0.1,100,3,52737997576,HPCC
2000291441,5,0.5,10000,0.1,100,3,53237188039,HPCC
2000291832,3,0.3,10000,0.1,100,3,12952706633,HPCC
2000292354,2,0.2,10000,0.1,100,3,15294146680,HPCC
2000293224,4,0.4,10000,0.1,100,3,52218779068,HPCC
2000293659,5,0.5,10000,0.1,100,3,50419280748,HPCC
2000296161,4,0.4,10000,0.1,100,3,84293635358,HPCC
2000298410,5,0.5,10000,0.1,100,3,75794457029,HPCC
2000301020,4,0.4,10000,0.1,100,3,81158204858,HPCC
2000301498,5,0.5,10000,0.1,100,3,83233580567,HPCC
2000301585,3,0.3,10000,0.1,100,3,13901200387,HPCC
2000301846,2,0.2,10000,0.1,100,3,16947588532,HPCC
2000302412,4,0.4,10000,0.1,100,3,77083732942,HPCC
2000304848,5,0.5,10000,0.1,100,3,67701225300,HPCC
2000305239,4,0.4,10000,0.1,100,3,76333985388,HPCC
2000307197,5,0.5,10000,0.1,100,3,59800298637,HPCC
2000307501,3,0.3,10000,0.1,100,3,12218556823,HPCC
2000308023,2,0.2,10000,0.1,100,3,15174882911,HPCC
2000308502,4,0.4,10000,0.1,100,3,68505939594,HPCC
2000308719,3,0.3,10000,0.1,100,3,10068377785,HPCC
2000309067,2,0.2,10000,0.1,100,3,12548442836,HPCC
2000309850,3,0.3,10000,0.1,100,3,9396493879,HPCC
2000310546,5,0.5,10000,0.1,100,3,49271649351,HPCC
2000311808,4,0.4,10000,0.1,100,3,50389969338,HPCC
2000312460,3,0.3,10000,0.1,100,3,8797856932,HPCC
2000313504,2,0.2,10000,0.1,100,3,11345884843,HPCC
2000313591,3,0.3,10000,0.1,100,3,8887702140,HPCC
2000313635,5,0.5,10000,0.1,100,3,51363117405,HPCC
2000314679,4,0.4,10000,0.1,100,3,56660772995,HPCC
2000316614,5,0.5,10000,0.1,100,3,43620686782,HPCC
2000318034,4,0.4,10000,0.1,100,3,61364993185,HPCC
2000319634,3,0.3,10000,0.1,100,3,15833613087,HPCC
2000320751,5,0.5,10000,0.1,100,3,70188934176,HPCC
2000320794,3,0.3,10000,0.1,100,3,18768562177,HPCC
2000321708,4,0.4,10000,0.1,100,3,65743628407,HPCC
2000322099,3,0.3,10000,0.1,100,3,17029656989,HPCC
2000323143,2,0.2,10000,0.1,100,3,16187001700,HPCC
2000323404,5,0.5,10000,0.1,100,3,79950800997,HPCC
2000323958,4,0.4,10000,0.1,100,3,74493949252,HPCC
2000327286,5,0.5,10000,0.1,100,3,84417428777,HPCC
2000329200,4,0.4,10000,0.1,100,3,75102426071,HPCC
2000330026,2,0.2,10000,0.1,100,3,17440625396,HPCC
2000330287,3,0.3,10000,0.1,100,3,15457376339,HPCC
2000330505,5,0.5,10000,0.1,100,3,74037356402,HPCC
2000332419,4,0.4,10000,0.1,100,3,54760228758,HPCC
2000333332,5,0.5,10000,0.1,100,3,64634108343,HPCC
2000334202,4,0.4,10000,0.1,100,3,54083692892,HPCC
2000334550,2,0.2,10000,0.1,100,3,12059305397,HPCC
2000334768,5,0.5,10000,0.1,100,3,60638343672,HPCC
2000335942,5,0.5,10000,0.1,100,3,43497743496,HPCC
2000337030,4,0.4,10000,0.1,100,3,54213598948,HPCC
2000338204,2,0.2,10000,0.1,100,3,12738496559,HPCC
2000339118,5,0.5,10000,0.1,100,3,47670796075,HPCC
2000340814,3,0.3,10000,0.1,100,3,12174436966,HPCC
2000341538,4,0.4,10000,0.1,100,3,54422554812,HPCC
2000341858,5,0.5,10000,0.1,100,3,50894034209,HPCC
2000342032,2,0.2,10000,0.1,100,3,11830098421,HPCC
2000344646,4,0.4,10000,0.1,100,3,62782353262,HPCC
2000344820,2,0.2,10000,0.1,100,3,15193704506,HPCC
2000346107,5,0.5,10000,0.1,100,3,69037111425,HPCC
2000348804,4,0.4,10000,0.1,100,3,61182803521,HPCC
2000349630,5,0.5,10000,0.1,100,3,54016163223,HPCC
2000350500,3,0.3,10000,0.1,100,3,13675292102,HPCC
2000351240,4,0.4,10000,0.1,100,3,60554055790,HPCC
2000351979,2,0.2,10000,0.1,100,3,16273677406,HPCC
2000352284,5,0.5,10000,0.1,100,3,52002077530,HPCC
2000352414,4,0.4,10000,0.1,100,3,60288262067,HPCC
2000355427,5,0.5,10000,0.1,100,3,53427046922,HPCC
2000355434,4,0.4,10000,0.1,100,3,65142384761,HPCC
2000358263,4,0.4,10000,0.1,100,3,67716401274,HPCC
2000359615,5,0.5,10000,0.1,100,3,56941364650,HPCC
2000360394,3,0.3,10000,0.1,100,3,13659700045,HPCC
2000361833,2,0.2,10000,0.1,100,3,15325215206,HPCC
2000362225,4,0.4,10000,0.1,100,3,60375233401,HPCC
2000363138,5,0.5,10000,0.1,100,3,56597998626,HPCC
2000364253,4,0.4,10000,0.1,100,3,61441576497,HPCC
2000365949,4,0.4,10000,0.1,100,3,60508447774,HPCC
2000366140,5,0.5,10000,0.1,100,3,60297279471,HPCC
2000367404,5,0.5,10000,0.1,100,3,64941821583,HPCC
2000369482,4,0.4,10000,0.1,100,3,57185469188,HPCC
2000370743,5,0.5,10000,0.1,100,3,59147282789,HPCC
2000370830,3,0.3,10000,0.1,100,3,13512264720,HPCC
2000371613,2,0.2,10000,0.1,100,3,13928349863,HPCC
2000371831,4,0.4,10000,0.1,100,3,51192726166,HPCC
2000372701,5,0.5,10000,0.1,100,3,56019847788,HPCC
2000374223,5,0.5,10000,0.1,100,3,52196395081,HPCC
2000376539,4,0.4,10000,0.1,100,3,60645742260,HPCC
2000378453,5,0.5,10000,0.1,100,3,63855433386,HPCC
2000379714,4,0.4,10000,0.1,100,3,57921735328,HPCC
2000380932,3,0.3,10000,0.1,100,3,13204188625,HPCC
2000381193,5,0.5,10000,0.1,100,3,66563370615,HPCC
2000381280,2,0.2,10000,0.1,100,3,14575014786,HPCC
2000382934,4,0.4,10000,0.1,100,3,75366838715,HPCC
2000385109,5,0.5,10000,0.1,100,3,75772045186,HPCC
2000386892,4,0.4,10000,0.1,100,3,75685018894,HPCC
2000387371,5,0.5,10000,0.1,100,3,73707537166,HPCC
2000388806,5,0.5,10000,0.1,100,3,72307276587,HPCC
2000389546,4,0.4,10000,0.1,100,3,63707230782,HPCC
2000390720,2,0.2,10000,0.1,100,3,15654553383,HPCC
2000390894,3,0.3,10000,0.1,100,3,13187962054,HPCC
2000391764,2,0.2,10000,0.1,100,3,15330685503,HPCC
2000391982,5,0.5,10000,0.1,100,3,62829162836,HPCC
2000393113,4,0.4,10000,0.1,100,3,49822817343,HPCC
2000394679,5,0.5,10000,0.1,100,3,48591107812,HPCC
2000395897,4,0.4,10000,0.1,100,3,52332224042,HPCC
2000396201,5,0.5,10000,0.1,100,3,48484362980,HPCC
2000397158,4,0.4,10000,0.1,100,3,43216335547,HPCC
2000399583,5,0.5,10000,0.1,100,3,61155600041,HPCC
2000399855,4,0.4,10000,0.1,100,3,47178860363,HPCC
2000400029,2,0.2,10000,0.1,100,3,14887429446,HPCC
2000400203,3,0.3,10000,0.1,100,3,12552187009,HPCC
2000402390,5,0.5,10000,0.1,100,3,62580237612,HPCC
2000403654,4,0.4,10000,0.1,100,3,65161836653,HPCC
2000406566,5,0.5,10000,0.1,100,3,88503712267,HPCC
2000407305,4,0.4,10000,0.1,100,3,88304417792,HPCC
2000408828,5,0.5,10000,0.1,100,3,90886290078,HPCC
2000410002,5,0.5,10000,0.1,100,3,89988069646,HPCC
2000410089,2,0.2,10000,0.1,100,3,17978321977,HPCC
2000410220,4,0.4,10000,0.1,100,3,60551848688,HPCC
2000410350,3,0.3,10000,0.1,100,3,15121783509,HPCC
2000412917,4,0.4,10000,0.1,100,3,55542785534,HPCC
2000413004,5,0.5,10000,0.1,100,3,73895683191,HPCC
2000415614,5,0.5,10000,0.1,100,3,56152858286,HPCC
2000416658,4,0.4,10000,0.1,100,3,45409066322,HPCC
2000418311,5,0.5,10000,0.1,100,3,52663766264,HPCC
2000421138,3,0.3,10000,0.1,100,3,12797144066,HPCC
2000421225,2,0.2,10000,0.1,100,3,15205905697,HPCC
2000421356,4,0.4,10000,0.1,100,3,43075051779,HPCC
2000422095,5,0.5,10000,0.1,100,3,43987644055,HPCC
2000423766,4,0.4,10000,0.1,100,3,46976304930,HPCC
2000425644,5,0.5,10000,0.1,100,3,72395549173,HPCC
2000428656,4,0.4,10000,0.1,100,3,57599485270,HPCC
2000429134,5,0.5,10000,0.1,100,3,92798052673,HPCC
2000430412,3,0.3,10000,0.1,100,3,16434550311,HPCC
2000430499,2,0.2,10000,0.1,100,3,18980138612,HPCC
2000431239,4,0.4,10000,0.1,100,3,70632857518,HPCC
2000431632,5,0.5,10000,0.1,100,3,80816145551,HPCC
2000433789,5,0.5,10000,0.1,100,3,90569537908,HPCC
2000436225,5,0.5,10000,0.1,100,3,76743549340,HPCC
2000436399,4,0.4,10000,0.1,100,3,59144002068,HPCC
2000436442,3,0.3,10000,0.1,100,3,17462649713,HPCC
2000439444,4,0.4,10000,0.1,100,3,42666351709,HPCC
2000440096,5,0.5,10000,0.1,100,3,59534532779,HPCC
2000441053,4,0.4,10000,0.1,100,3,41492702384,HPCC
2000441967,5,0.5,10000,0.1,100,3,38985175447,HPCC
2000442271,2,0.2,10000,0.1,100,3,18674351774,HPCC
2000442358,3,0.3,10000,0.1,100,3,12655663409,HPCC
2000444533,3,0.3,10000,0.1,100,3,13551825860,HPCC
2000444838,4,0.4,10000,0.1,100,3,56150979776,HPCC
2000445664,5,0.5,10000,0.1,100,3,47672184767,HPCC
2000446900,4,0.4,10000,0.1,100,3,61266535639,HPCC
2000448322,5,0.5,10000,0.1,100,3,56279735876,HPCC
2000451908,4,0.4,10000,0.1,100,3,75104175137,HPCC
2000452038,2,0.2,10000,0.1,100,3,20908414433,HPCC
2000452734,3,0.3,10000,0.1,100,3,15239562547,HPCC
2000453213,5,0.5,10000,0.1,100,3,56689563187,HPCC
2000454431,4,0.4,10000,0.1,100,3,74120459581,HPCC
2000456127,5,0.5,10000,0.1,100,3,60424924065,HPCC
2000458213,4,0.4,10000,0.1,100,3,79991809066,HPCC
2000461345,5,0.5,10000,0.1,100,3,62938919527,HPCC
2000461432,4,0.4,10000,0.1,100,3,68694983441,HPCC
2000463302,2,0.2,10000,0.1,100,3,19816235913,HPCC
2000463563,4,0.4,10000,0.1,100,3,64674239423,HPCC
2000463911,3,0.3,10000,0.1,100,3,13899332321,HPCC
2000463955,5,0.5,10000,0.1,100,3,52955716068,HPCC
2000465260,4,0.4,10000,0.1,100,3,68927864418,HPCC
2000467870,5,0.5,10000,0.1,100,3,56946899213,HPCC
2000468305,4,0.4,10000,0.1,100,3,61002900562,HPCC
2000469653,4,0.4,10000,0.1,100,3,60959073973,HPCC
2000471306,5,0.5,10000,0.1,100,3,51786232415,HPCC
2000471959,4,0.4,10000,0.1,100,3,60442778185,HPCC
2000473394,2,0.2,10000,0.1,100,3,17759497387,HPCC
2000473742,3,0.3,10000,0.1,100,3,12218810877,HPCC
2000475004,4,0.4,10000,0.1,100,3,53754513270,HPCC
2000475091,5,0.5,10000,0.1,100,3,51915786023,HPCC
2000477930,5,0.5,10000,0.1,100,3,53194601772,HPCC
2000478310,4,0.4,10000,0.1,100,3,66100864229,HPCC
2000482324,5,0.5,10000,0.1,100,3,55380667448,HPCC
2000482628,4,0.4,10000,0.1,100,3,74320971032,HPCC
2000483411,2,0.2,10000,0.1,100,3,17811661062,HPCC
2000483585,3,0.3,10000,0.1,100,3,12295850036,HPCC
2000484934,4,0.4,10000,0.1,100,3,61613661668,HPCC
2000485499,5,0.5,10000,0.1,100,3,53028687761,HPCC
2000486543,4,0.4,10000,0.1,100,3,57665682744,HPCC
2000489295,3,0.3,10000,0.1,100,3,13226941254,HPCC
2000489513,4,0.4,10000,0.1,100,3,77042116535,HPCC
2000489774,5,0.5,10000,0.1,100,3,57483118173,HPCC
2000493645,4,0.4,10000,0.1,100,3,57304810730,HPCC
2000493819,5,0.5,10000,0.1,100,3,53373295646,HPCC
2000493993,2,0.2,10000,0.1,100,3,18309163035,HPCC
2000494483,3,0.3,10000,0.1,100,3,13396416131,HPCC
2000495928,4,0.4,10000,0.1,100,3,56311151685,HPCC
2000497059,5,0.5,10000,0.1,100,3,57808963440,HPCC
2000499159,4,0.4,10000,0.1,100,3,58514872736,HPCC
2000500485,5,0.5,10000,0.1,100,3,61326006653,HPCC
2000502951,4,0.4,10000,0.1,100,3,63653851486,HPCC
2000503995,5,0.5,10000,0.1,100,3,61753429891,HPCC
2000504125,2,0.2,10000,0.1,100,3,19611797691,HPCC
2000504212,3,0.3,10000,0.1,100,3,14258588002,HPCC
2000506518,5,0.5,10000,0.1,100,3,61272453150,HPCC
2000506909,4,0.4,10000,0.1,100,3,55215748829,HPCC
2000509836,4,0.4,10000,0.1,100,3,61902185623,HPCC
2000510488,3,0.3,10000,0.1,100,3,14070871063,HPCC
2000511228,5,0.5,10000,0.1,100,3,72007219283,HPCC
2000511358,4,0.4,10000,0.1,100,3,58760828094,HPCC
2000514273,5,0.5,10000,0.1,100,3,68655596836,HPCC
2000514969,4,0.4,10000,0.1,100,3,51286008845,HPCC
2000515360,2,0.2,10000,0.1,100,3,18968300184,HPCC
2000516404,3,0.3,10000,0.1,100,3,13388108124,HPCC
2000517753,5,0.5,10000,0.1,100,3,65113233653,HPCC
2000518492,4,0.4,10000,0.1,100,3,47676238961,HPCC
2000519792,5,0.5,10000,0.1,100,3,63341739495,HPCC
2000521488,5,0.5,10000,0.1,100,3,62648859782,HPCC
2000522271,4,0.4,10000,0.1,100,3,51401711910,HPCC
2000524651,5,0.5,10000,0.1,100,3,63074122045,HPCC
2000525216,2,0.2,10000,0.1,100,3,18074927112,HPCC
2000526086,3,0.3,10000,0.1,100,3,13622948966,HPCC
2000526565,5,0.5,10000,0.1,100,3,59272106206,HPCC
2000526608,4,0.4,10000,0.1,100,3,51694003717,HPCC
2000527652,5,0.5,10000,0.1,100,3,59307189900,HPCC
2000529656,4,0.4,10000,0.1,100,3,61338446890,HPCC
2000531128,5,0.5,10000,0.1,100,3,78666950204,HPCC
2000534695,4,0.4,10000,0.1,100,3,63105787114,HPCC
2000535086,5,0.5,10000,0.1,100,3,77605941621,HPCC
2000535347,2,0.2,10000,0.1,100,3,17536742212,HPCC
2000536130,3,0.3,10000,0.1,100,3,13842515310,HPCC
2000537044,4,0.4,10000,0.1,100,3,59808767533,HPCC
2000537566,5,0.5,10000,0.1,100,3,69123008959,HPCC
2000540144,5,0.5,10000,0.1,100,3,66995505588,HPCC
2000542058,4,0.4,10000,0.1,100,3,58291339347,HPCC
2000543972,5,0.5,10000,0.1,100,3,59019731939,HPCC
2000544537,3,0.3,10000,0.1,100,3,13128279569,HPCC
2000545103,4,0.4,10000,0.1,100,3,47090162790,HPCC
2000546364,2,0.2,10000,0.1,100,3,15723985261,HPCC
2000546582,5,0.5,10000,0.1,100,3,49966554885,HPCC
2000546799,3,0.3,10000,0.1,100,3,11338561061,HPCC
2000547843,5,0.5,10000,0.1,100,3,50072145175,HPCC
2000549291,4,0.4,10000,0.1,100,3,59183771909,HPCC
2000551379,5,0.5,10000,0.1,100,3,61986912813,HPCC
2000552031,4,0.4,10000,0.1,100,3,60909123378,HPCC
2000553597,3,0.3,10000,0.1,100,3,13942050893,HPCC
2000554206,5,0.5,10000,0.1,100,3,69950178627,HPCC
2000555711,4,0.4,10000,0.1,100,3,71799446443,HPCC
2000556036,2,0.2,10000,0.1,100,3,17490303684,HPCC
2000558147,5,0.5,10000,0.1,100,3,68190051099,HPCC
2000558669,4,0.4,10000,0.1,100,3,71696509321,HPCC
2000560148,5,0.5,10000,0.1,100,3,65424056815,HPCC
2000562105,5,0.5,10000,0.1,100,3,63373231310,HPCC
2000562497,4,0.4,10000,0.1,100,3,61294383744,HPCC
2000563932,3,0.3,10000,0.1,100,3,14439479318,HPCC
2000565542,4,0.4,10000,0.1,100,3,48581210800,HPCC
2000566151,5,0.5,10000,0.1,100,3,55409406757,HPCC
2000567586,4,0.4,10000,0.1,100,3,47446440956,HPCC
2000567673,2,0.2,10000,0.1,100,3,16849475468,HPCC
2000567891,5,0.5,10000,0.1,100,3,44407151800,HPCC
2000568978,5,0.5,10000,0.1,100,3,44343273205,HPCC
2000570707,4,0.4,10000,0.1,100,3,68671653905,HPCC
2000573143,5,0.5,10000,0.1,100,3,58409574016,HPCC
2000573708,3,0.3,10000,0.1,100,3,13630588129,HPCC
2000573969,4,0.4,10000,0.1,100,3,69122088070,HPCC
2000575418,5,0.5,10000,0.1,100,3,64991140583,HPCC
2000576785,4,0.4,10000,0.1,100,3,84797377239,HPCC
2000576997,2,0.2,10000,0.1,100,3,19077578813,HPCC
2000579377,4,0.4,10000,0.1,100,3,92010679172,HPCC
2000580334,5,0.5,10000,0.1,100,3,63783514515,HPCC
2000581160,4,0.4,10000,0.1,100,3,86842175233,HPCC
2000582726,3,0.3,10000,0.1,100,3,13495260562,HPCC
2000582857,5,0.5,10000,0.1,100,3,59098211022,HPCC
2000583988,4,0.4,10000,0.1,100,3,71236432451,HPCC
2000584292,5,0.5,10000,0.1,100,3,57245492505,HPCC
2000584814,3,0.3,10000,0.1,100,3,11486782625,HPCC
2000585728,4,0.4,10000,0.1,100,3,54872672169,HPCC
2000588555,2,0.2,10000,0.1,100,3,18663665399,HPCC
2000588599,5,0.5,10000,0.1,100,3,44646021190,HPCC
2000588816,4,0.4,10000,0.1,100,3,52293483970,HPCC
2000591774,5,0.5,10000,0.1,100,3,33426117147,HPCC
2000592296,3,0.3,10000,0.1,100,3,11867158051,HPCC
2000592644,4,0.4,10000,0.1,100,3,65980269549,HPCC
2000595823,5,0.5,10000,0.1,100,3,54030529537,HPCC
2000596171,4,0.4,10000,0.1,100,3,84522049474,HPCC
2000597946,2,0.2,10000,0.1,100,3,22263722794,HPCC
2000598860,4,0.4,10000,0.1,100,3,80855385342,HPCC
2000598990,5,0.5,10000,0.1,100,3,65409748647,HPCC
2000601154,3,0.3,10000,0.1,100,3,15529805573,HPCC
2000601725,4,0.4,10000,0.1,100,3,95158699107,HPCC
2000602203,3,0.3,10000,0.1,100,3,18590851536,HPCC
2000603465,5,0.5,10000,0.1,100,3,54051323120,HPCC
2000604683,4,0.4,10000,0.1,100,3,73126341291,HPCC
2000606771,5,0.5,10000,0.1,100,3,42052841764,HPCC
2000607989,4,0.4,10000,0.1,100,3,49296382397,HPCC
2000608119,5,0.5,10000,0.1,100,3,41435611867,HPCC
2000609250,2,0.2,10000,0.1,100,3,22160046973,HPCC
2000609816,4,0.4,10000,0.1,100,3,48801588458,HPCC
2000612165,5,0.5,10000,0.1,100,3,51271262106,HPCC
2000612643,3,0.3,10000,0.1,100,3,13641282658,HPCC
2000613600,4,0.4,10000,0.1,100,3,60810629526,HPCC
2000614251,5,0.5,10000,0.1,100,3,52405850994,HPCC
2000616757,4,0.4,10000,0.1,100,3,88835464058,HPCC
2000618803,2,0.2,10000,0.1,100,3,24276814906,HPCC
2000619282,5,0.5,10000,0.1,100,3,60190717675,HPCC
2000620587,4,0.4,10000,0.1,100,3,58365667422,HPCC
2000622283,5,0.5,10000,0.1,100,3,60703578866,HPCC
2000622718,3,0.3,10000,0.1,100,3,13838120650,HPCC
2000622762,4,0.4,10000,0.1,100,3,53925217357,HPCC
2000625589,4,0.4,10000,0.1,100,3,53118590679,HPCC
2000626155,5,0.5,10000,0.1,100,3,52822723019,HPCC
2000628765,5,0.5,10000,0.1,100,3,46257797955,HPCC
2000628808,2,0.2,10000,0.1,100,3,22616621269,HPCC
2000629941,4,0.4,10000,0.1,100,3,56762175773,HPCC
2000632487,3,0.3,10000,0.1,100,3,12891677655,HPCC
2000633183,4,0.4,10000,0.1,100,3,55352033155,HPCC
2000633517,5,0.5,10000,0.1,100,3,60852591791,HPCC
2000636517,4,0.4,10000,0.1,100,3,65358257690,HPCC
2000636560,5,0.5,10000,0.1,100,3,67222779431,HPCC
2000638231,2,0.2,10000,0.1,100,3,24733574378,HPCC
2000640034,5,0.5,10000,0.1,100,3,60513660076,HPCC
2000640338,4,0.4,10000,0.1,100,3,70024359435,HPCC
2000641879,3,0.3,10000,0.1,100,3,13452816668,HPCC
2000642532,5,0.5,10000,0.1,100,3,58720753312,HPCC
2000643402,4,0.4,10000,0.1,100,3,59577294364,HPCC
2000644054,5,0.5,10000,0.1,100,3,57493902009,HPCC
2000646534,4,0.4,10000,0.1,100,3,50427572526,HPCC
2000647839,5,0.5,10000,0.1,100,3,50047212347,HPCC
2000648491,2,0.2,10000,0.1,100,3,23878732827,HPCC
2000650722,4,0.4,10000,0.1,100,3,60488311683,HPCC
2000651188,5,0.5,10000,0.1,100,3,43761051329,HPCC
2000651362,3,0.3,10000,0.1,100,3,12789926104,HPCC
2000653636,4,0.4,10000,0.1,100,3,70069978933,HPCC
2000655115,5,0.5,10000,0.1,100,3,66942199742,HPCC
2000656633,3,0.3,10000,0.1,100,3,18445253753,HPCC
2000657895,4,0.4,10000,0.1,100,3,69326937899,HPCC
2000658808,2,0.2,10000,0.1,100,3,22838075759,HPCC
2000658982,5,0.5,10000,0.1,100,3,75079620149,HPCC
2000659635,4,0.4,10000,0.1,100,3,69150080467,HPCC
2000661244,3,0.3,10000,0.1,100,3,16532785237,HPCC
2000661505,4,0.4,10000,0.1,100,3,66637669359,HPCC
2000661636,5,0.5,10000,0.1,100,3,61294436579,HPCC
2000663680,3,0.3,10000,0.1,100,3,16124003364,HPCC
2000664855,5,0.5,10000,0.1,100,3,55093424296,HPCC
2000664942,4,0.4,10000,0.1,100,3,58528858103,HPCC
2000667334,5,0.5,10000,0.1,100,3,49704075445,HPCC
2000667813,4,0.4,10000,0.1,100,3,43758307516,HPCC
2000669335,4,0.4,10000,0.1,100,3,43942024019,HPCC
2000670118,2,0.2,10000,0.1,100,3,20040069879,HPCC
2000670858,5,0.5,10000,0.1,100,3,49058637730,HPCC
2000671336,3,0.3,10000,0.1,100,3,13894565993,HPCC
2000672598,4,0.4,10000,0.1,100,3,56645998239,HPCC
2000673337,5,0.5,10000,0.1,100,3,41563908056,HPCC
2000674988,4,0.4,10000,0.1,100,3,67160424143,HPCC
2000677778,3,0.3,10000,0.1,100,3,19139743718,HPCC
2000678170,5,0.5,10000,0.1,100,3,70844552652,HPCC
2000679910,4,0.4,10000,0.1,100,3,66549048789,HPCC
2000680388,2,0.2,10000,0.1,100,3,21447968535,HPCC
2000680823,5,0.5,10000,0.1,100,3,78897206920,HPCC
2000681476,4,0.4,10000,0.1,100,3,70542147907,HPCC
2000681606,3,0.3,10000,0.1,100,3,18683703458,HPCC
2000682737,4,0.4,10000,0.1,100,3,69939720587,HPCC
2000684254,5,0.5,10000,0.1,100,3,76157116247,HPCC
2000684798,3,0.3,10000,0.1,100,3,21261434151,HPCC
2000687299,4,0.4,10000,0.1,100,3,70853503321,HPCC
2000687386,5,0.5,10000,0.1,100,3,73183489930,HPCC
2000690387,5,0.5,10000,0.1,100,3,57568107643,HPCC
2000690431,4,0.4,10000,0.1,100,3,48601563209,HPCC
2000691083,3,0.3,10000,0.1,100,3,20273718513,HPCC
2000692127,4,0.4,10000,0.1,100,3,48411632861,HPCC
2000692736,2,0.2,10000,0.1,100,3,17901868952,HPCC
2000693302,5,0.5,10000,0.1,100,3,47355954824,HPCC
2000693954,3,0.3,10000,0.1,100,3,15030000898,HPCC
2000695651,4,0.4,10000,0.1,100,3,58638362636,HPCC
2000696738,5,0.5,10000,0.1,100,3,34517211750,HPCC
2000697695,3,0.3,10000,0.1,100,3,13587761292,HPCC
2000698043,4,0.4,10000,0.1,100,3,50728416893,HPCC
2000700389,5,0.5,10000,0.1,100,3,51823042648,HPCC
2000701013,3,0.3,10000,0.1,100,3,18511256495,HPCC
2000702215,4,0.4,10000,0.1,100,3,71825781991,HPCC
2000702345,2,0.2,10000,0.1,100,3,18941349301,HPCC
2000703563,5,0.5,10000,0.1,100,3,55167481451,HPCC
2000704833,3,0.3,10000,0.1,100,3,19967982088,HPCC
2000704920,4,0.4,10000,0.1,100,3,86118753858,HPCC
2000707621,5,0.5,10000,0.1,100,3,65859728949,HPCC
2000709274,4,0.4,10000,0.1,100,3,87278633801,HPCC
2000709317,3,0.3,10000,0.1,100,3,23890899047,HPCC
2000711840,5,0.5,10000,0.1,100,3,56594351896,HPCC
2000711884,4,0.4,10000,0.1,100,3,71797977176,HPCC
2000713667,2,0.2,10000,0.1,100,3,20266809523,HPCC
2000713841,3,0.3,10000,0.1,100,3,18156493955,HPCC
2000714363,4,0.4,10000,0.1,100,3,69676238766,HPCC
2000715190,5,0.5,10000,0.1,100,3,42200872413,HPCC
2000717017,4,0.4,10000,0.1,100,3,66576184231,HPCC
2000718539,3,0.3,10000,0.1,100,3,17576857939,HPCC
2000719844,5,0.5,10000,0.1,100,3,33208278242,HPCC
2000719975,4,0.4,10000,0.1,100,3,52538884817,HPCC
2000720192,3,0.3,10000,0.1,100,3,13453499866,HPCC
2000722367,5,0.5,10000,0.1,100,3,35398234072,HPCC
2000722672,4,0.4,10000,0.1,100,3,58257826123,HPCC
2000723411,2,0.2,10000,0.1,100,3,18490253182,HPCC
2000724020,4,0.4,10000,0.1,100,3,51325012571,HPCC
2000726514,4,0.4,10000,0.1,100,3,66647364587,HPCC
2000727215,3,0.3,10000,0.1,100,3,19829212482,HPCC
2000727947,5,0.5,10000,0.1,100,3,42767717876,HPCC
2000729252,4,0.4,10000,0.1,100,3,67722009528,HPCC
2000729817,5,0.5,10000,0.1,100,3,48507001446,HPCC
2000730570,4,0.4,10000,0.1,100,3,78573233955,HPCC
2000732874,2,0.2,10000,0.1,100,3,22900757691,HPCC
2000732918,4,0.4,10000,0.1,100,3,88657259491,HPCC
2000735789,5,0.5,10000,0.1,100,3,46729141549,HPCC
2000735963,4,0.4,10000,0.1,100,3,66158063014,HPCC
2000737920,3,0.3,10000,0.1,100,3,21882790591,HPCC
2000738573,4,0.4,10000,0.1,100,3,56087536796,HPCC
2000738790,5,0.5,10000,0.1,100,3,43486691044,HPCC
2000740661,4,0.4,10000,0.1,100,3,55346505225,HPCC
2000742270,4,0.4,10000,0.1,100,3,46549117128,HPCC
2000742705,2,0.2,10000,0.1,100,3,20876797977,HPCC
2000743078,5,0.5,10000,0.1,100,3,44708881130,HPCC
2000745477,4,0.4,10000,0.1,100,3,55156178777,HPCC
2000745731,5,0.5,10000,0.1,100,3,42279837795,HPCC
2000747506,3,0.3,10000,0.1,100,3,21818387456,HPCC
2000747980,4,0.4,10000,0.1,100,3,59415250069,HPCC
2000750323,5,0.5,10000,0.1,100,3,55417074175,HPCC
2000752237,4,0.4,10000,0.1,100,3,64558915579,HPCC
2000752367,2,0.2,10000,0.1,100,3,22064178537,HPCC
2000752802,5,0.5,10000,0.1,100,3,60836731786,HPCC
2000755253,4,0.4,10000,0.1,100,3,71427781310,HPCC
2000757091,5,0.5,10000,0.1,100,3,57322211170,HPCC
2000757168,3,0.3,10000,0.1,100,3,25548695788,HPCC
2000759440,4,0.4,10000,0.1,100,3,68934194055,HPCC
2000760310,5,0.5,10000,0.1,100,3,52872096528,HPCC
2000761876,4,0.4,10000,0.1,100,3,60182142584,HPCC
2000762789,2,0.2,10000,0.1,100,3,21221929449,HPCC
2000763746,4,0.4,10000,0.1,100,3,58472357688,HPCC
2000765138,5,0.5,10000,0.1,100,3,47008574155,HPCC
2000767183,4,0.4,10000,0.1,100,3,54134141982,HPCC
2000767748,3,0.3,10000,0.1,100,3,24396740496,HPCC
2000768618,5,0.5,10000,0.1,100,3,38325205025,HPCC
2000770097,4,0.4,10000,0.1,100,3,45434130921,HPCC
2000772176,5,0.5,10000,0.1,100,3,49539140295,HPCC
2000772487,2,0.2,10000,0.1,100,3,21600481249,HPCC
2000774569,4,0.4,10000,0.1,100,3,63371510404,HPCC
2000775656,5,0.5,10000,0.1,100,3,54687635561,HPCC
2000777004,4,0.4,10000,0.1,100,3,74814236954,HPCC
2000777220,3,0.3,10000,0.1,100,3,27395198610,HPCC
2000779087,5,0.5,10000,0.1,100,3,64699223125,HPCC
2000781436,4,0.4,10000,0.1,100,3,72139786939,HPCC
2000782784,2,0.2,10000,0.1,100,3,24297570373,HPCC
2000783567,5,0.5,10000,0.1,100,3,63083209805,HPCC
2000783785,4,0.4,10000,0.1,100,3,64755702394,HPCC
2000785742,4,0.4,10000,0.1,100,3,61817963143,HPCC
2000786482,5,0.5,10000,0.1,100,3,50599263789,HPCC
2000788178,3,0.3,10000,0.1,100,3,28012117714,HPCC
2000788352,5,0.5,10000,0.1,100,3,39067361004,HPCC
2000788918,4,0.4,10000,0.1,100,3,53895497795,HPCC
2000791789,4,0.4,10000,0.1,100,3,41199241284,HPCC
2000791919,5,0.5,10000,0.1,100,3,37448248112,HPCC
2000792963,4,0.4,10000,0.1,100,3,41247127831,HPCC
2000793485,2,0.2,10000,0.1,100,3,20156016321,HPCC
2000794007,5,0.5,10000,0.1,100,3,40935721395,HPCC
2000795941,4,0.4,10000,0.1,100,3,49054289930,HPCC
2000797794,3,0.3,10000,0.1,100,3,29107991658,HPCC
2000798926,4,0.4,10000,0.1,100,3,56921453124,HPCC
2000799488,5,0.5,10000,0.1,100,3,49975359296,HPCC
2000801895,5,0.5,10000,0.1,100,3,60244649981,HPCC
2000802784,4,0.4,10000,0.1,100,3,60455581203,HPCC
2000803073,2,0.2,10000,0.1,100,3,23955350294,HPCC
2000806639,5,0.5,10000,0.1,100,3,51046637807,HPCC
2000806682,4,0.4,10000,0.1,100,3,65027622488,HPCC
2000806813,3,0.3,10000,0.1,100,3,32144653581,HPCC
2000809423,5,0.5,10000,0.1,100,3,47541229713,HPCC
2000810032,4,0.4,10000,0.1,100,3,52940038829,HPCC
2000813219,2,0.2,10000,0.1,100,3,23911032043,HPCC
2000813698,4,0.4,10000,0.1,100,3,48336923970,HPCC
2000815003,5,0.5,10000,0.1,100,3,41976932279,HPCC
2000815960,3,0.3,10000,0.1,100,3,29319086438,HPCC
2000817308,3,0.3,10000,0.1,100,3,26527031875,HPCC
2000817743,4,0.4,10000,0.1,100,3,48264615558,HPCC
2000817917,5,0.5,10000,0.1,100,3,36811406190,HPCC
2000821538,4,0.4,10000,0.1,100,3,58889446072,HPCC
2000822800,5,0.5,10000,0.1,100,3,49003904991,HPCC
2000823017,2,0.2,10000,0.1,100,3,24423532806,HPCC
2000824844,5,0.5,10000,0.1,100,3,53457383044,HPCC
2000825192,4,0.4,10000,0.1,100,3,46197495073,HPCC
2000825366,3,0.3,10000,0.1,100,3,32187861212,HPCC
2000828302,4,0.4,10000,0.1,100,3,73761891656,HPCC
2000830042,5,0.5,10000,0.1,100,3,59717268087,HPCC
2000832086,4,0.4,10000,0.1,100,3,46791175634,HPCC
2000833478,2,0.2,10000,0.1,100,3,26580314546,HPCC
2000833565,5,0.5,10000,0.1,100,3,58029527198,HPCC
2000834131,3,0.3,10000,0.1,100,3,37291421902,HPCC
2000834827,4,0.4,10000,0.1,100,3,38828435129,HPCC
2000835392,3,0.3,10000,0.1,100,3,42218004329,HPCC
2000837350,5,0.5,10000,0.1,100,3,52355969059,HPCC
2000838002,4,0.4,10000,0.1,100,3,38781262399,HPCC
2000840711,5,0.5,10000,0.1,100,3,46004113636,HPCC
2000841799,3,0.3,10000,0.1,100,3,33437897460,HPCC
2000841929,4,0.4,10000,0.1,100,3,41001307261,HPCC
2000843234,2,0.2,10000,0.1,100,3,23335848909,HPCC
2000844365,3,0.3,10000,0.1,100,3,29908629921,HPCC
2000845277,5,0.5,10000,0.1,100,3,52141359885,HPCC
2000846422,4,0.4,10000,0.1,100,3,42890329602,HPCC
2000848031,5,0.5,10000,0.1,100,3,55739738971,HPCC
2000848727,4,0.4,10000,0.1,100,3,43439436998,HPCC
2000850161,3,0.3,10000,0.1,100,3,38431980738,HPCC
2000852263,5,0.5,10000,0.1,100,3,54568834392,HPCC
2000853176,2,0.2,10000,0.1,100,3,23892658095,HPCC
2000853916,4,0.4,10000,0.1,100,3,45995049668,HPCC
2000855264,5,0.5,10000,0.1,100,3,53410055935,HPCC
2000856134,4,0.4,10000,0.1,100,3,47412754494,HPCC
2000857942,3,0.3,10000,0.1,100,3,39899191901,HPCC
2000859508,5,0.5,10000,0.1,100,3,58234454413,HPCC
2000860160,3,0.3,10000,0.1,100,3,39982929171,HPCC
2000861770,4,0.4,10000,0.1,100,3,49728247004,HPCC
2000863205,5,0.5,10000,0.1,100,3,53042446133,HPCC
2000863640,2,0.2,10000,0.1,100,3,23063095087,HPCC
2000864249,4,0.4,10000,0.1,100,3,49605364676,HPCC
2000865511,3,0.3,10000,0.1,100,3,37164947961,HPCC
2000866033,5,0.5,10000,0.1,100,3,54164020364,HPCC
2000867903,3,0.3,10000,0.1,100,3,34547468496,HPCC
2000868839,4,0.4,10000,0.1,100,3,44622281885,HPCC
2000870013,5,0.5,10000,0.1,100,3,50587913216,HPCC
2000871579,4,0.4,10000,0.1,100,3,40012511718,HPCC
2000873189,5,0.5,10000,0.1,100,3,48390272405,HPCC
2000873580,2,0.2,10000,0.1,100,3,19526866424,HPCC
2000873711,3,0.3,10000,0.1,100,3,33989959884,HPCC
2000874276,5,0.5,10000,0.1,100,3,43271087995,HPCC
2000875059,3,0.3,10000,0.1,100,3,31086166487,HPCC
2000875996,4,0.4,10000,0.1,100,3,42521767711,HPCC
2000876799,5,0.5,10000,0.1,100,3,44309082769,HPCC
2000878081,4,0.4,10000,0.1,100,3,47933393372,HPCC
2000880720,5,0.5,10000,0.1,100,3,62879580048,HPCC
2000882452,3,0.3,10000,0.1,100,3,36603190592,HPCC
2000883670,4,0.4,10000,0.1,100,3,44942718297,HPCC
2000883713,2,0.2,10000,0.1,100,3,18718196128,HPCC
2000883887,3,0.3,10000,0.1,100,3,38370548165,HPCC
2000884496,5,0.5,10000,0.1,100,3,64516400488,HPCC
2000885768,4,0.4,10000,0.1,100,3,50315489935,HPCC
2000887014,5,0.5,10000,0.1,100,3,79591221873,HPCC
2000888812,5,0.5,10000,0.1,100,3,95276829684,HPCC
2000891205,3,0.3,10000,0.1,100,3,34655988856,HPCC
2000891901,4,0.4,10000,0.1,100,3,47183083203,HPCC
2000892379,5,0.5,10000,0.1,100,3,77818777823,HPCC
2000893336,3,0.3,10000,0.1,100,3,30087951039,HPCC
2000894772,5,0.5,10000,0.1,100,3,59469713418,HPCC
2000894902,2,0.2,10000,0.1,100,3,17212063047,HPCC
2000895511,4,0.4,10000,0.1,100,3,36965206888,HPCC
2000896164,5,0.5,10000,0.1,100,3,44953273806,HPCC
2000898817,5,0.5,10000,0.1,100,3,45606298332,HPCC
2000899992,3,0.3,10000,0.1,100,3,29770770966,HPCC
2000900209,4,0.4,10000,0.1,100,3,39813795034,HPCC
2000902210,4,0.4,10000,0.1,100,3,34525640077,HPCC
2000902906,5,0.5,10000,0.1,100,3,56221486311,HPCC
2000904138,2,0.2,10000,0.1,100,3,18079645905,HPCC
2000905603,5,0.5,10000,0.1,100,3,79910927781,HPCC
2000908138,4,0.4,10000,0.1,100,3,50261845693,HPCC
2000909008,3,0.3,10000,0.1,100,3,33468418157,HPCC
2000909704,5,0.5,10000,0.1,100,3,62652599170,HPCC
2000909834,4,0.4,10000,0.1,100,3,59370890128,HPCC
2000911444,5,0.5,10000,0.1,100,3,64354104448,HPCC
2000913575,5,0.5,10000,0.1,100,3,62692032357,HPCC
2000913749,2,0.2,10000,0.1,100,3,19781499454,HPCC
2000915363,4,0.4,10000,0.1,100,3,44255578169,HPCC
2000917886,5,0.5,10000,0.1,100,3,60182045730,HPCC
2000918408,3,0.3,10000,0.1,100,3,29854907479,HPCC
2000919234,4,0.4,10000,0.1,100,3,37845143201,HPCC
2000919930,3,0.3,10000,0.1,100,3,26007957084,HPCC
2000920061,5,0.5,10000,0.1,100,3,53896944572,HPCC
2000921148,5,0.5,10000,0.1,100,3,53892217896,HPCC
2000922366,4,0.4,10000,0.1,100,3,40942949390,HPCC
2000923337,2,0.2,10000,0.1,100,3,20298418387,HPCC
2000924501,5,0.5,10000,0.1,100,3,62024941853,HPCC
2000927402,4,0.4,10000,0.1,100,3,43472825741,HPCC
2000927763,5,0.5,10000,0.1,100,3,58925328535,HPCC
2000928024,3,0.3,10000,0.1,100,3,29361350445,HPCC
2000929674,4,0.4,10000,0.1,100,3,50949140686,HPCC
2000930789,5,0.5,10000,0.1,100,3,73009441222,HPCC
2000932877,2,0.2,10000,0.1,100,3,22012456763,HPCC
2000934748,4,0.4,10000,0.1,100,3,45668607129,HPCC
2000934965,5,0.5,10000,0.1,100,3,78623600225,HPCC
2000937706,3,0.3,10000,0.1,100,3,29731054214,HPCC
2000937793,5,0.5,10000,0.1,100,3,64873162623,HPCC
2000938271,4,0.4,10000,0.1,100,3,43898097780,HPCC
2000940437,5,0.5,10000,0.1,100,3,56239390430,HPCC
2000943177,2,0.2,10000,0.1,100,3,21000561953,HPCC
2000943308,5,0.5,10000,0.1,100,3,55196971672,HPCC
2000943395,4,0.4,10000,0.1,100,3,38745554727,HPCC
2000944656,5,0.5,10000,0.1,100,3,46945080618,HPCC
2000945613,4,0.4,10000,0.1,100,3,33766497113,HPCC
2000946289,3,0.3,10000,0.1,100,3,28711111106,HPCC
2000947376,5,0.5,10000,0.1,100,3,51599643405,HPCC
2000950781,5,0.5,10000,0.1,100,3,68109405483,HPCC
2000951257,4,0.4,10000,0.1,100,3,46065886983,HPCC
2000952560,2,0.2,10000,0.1,100,3,23367405129,HPCC
2000952734,4,0.4,10000,0.1,100,3,53810410711,HPCC
2000954748,5,0.5,10000,0.1,100,3,75906714104,HPCC
2000955719,3,0.3,10000,0.1,100,3,36680323029,HPCC
2000957185,5,0.5,10000,0.1,100,3,85609427233,HPCC
2000958664,4,0.4,10000,0.1,100,3,50238273819,HPCC
2000959316,5,0.5,10000,0.1,100,3,95471313603,HPCC
2000962057,5,0.5,10000,0.1,100,3,74063926919,HPCC
2000962100,4,0.4,10000,0.1,100,3,47375495778,HPCC
2000963579,2,0.2,10000,0.1,100,3,24881402398,HPCC
2000964319,5,0.5,10000,0.1,100,3,65712903091,HPCC
2000965624,3,0.3,10000,0.1,100,3,35766337871,HPCC
2000967016,5,0.5,10000,0.1,100,3,46541523114,HPCC
2000968060,4,0.4,10000,0.1,100,3,36884137618,HPCC
2000968364,3,0.3,10000,0.1,100,3,29995338923,HPCC
2000970278,4,0.4,10000,0.1,100,3,27629106945,HPCC
2000970496,5,0.5,10000,0.1,100,3,52109314731,HPCC
2000973584,2,0.2,10000,0.1,100,3,21030928765,HPCC
2000973758,5,0.5,10000,0.1,100,3,43171830915,HPCC
2000973802,3,0.3,10000,0.1,100,3,33243302032,HPCC
2000976947,4,0.4,10000,0.1,100,3,38926387165,HPCC
2000977189,5,0.5,10000,0.1,100,3,68053334230,HPCC
2000979601,5,0.5,10000,0.1,100,3,88080346549,HPCC
2000982403,3,0.3,10000,0.1,100,3,44572250316,HPCC
2000983316,2,0.2,10000,0.1,100,3,23537674016,HPCC
2000984056,5,0.5,10000,0.1,100,3,79104356843,HPCC
2000984099,3,0.3,10000,0.1,100,3,54163684843,HPCC
2000985535,4,0.4,10000,0.1,100,3,46778039881,HPCC
2000986144,5,0.5,10000,0.1,100,3,73945826246,HPCC
2000987927,4,0.4,10000,0.1,100,3,47764280048,HPCC
2000988623,5,0.5,10000,0.1,100,3,70659862891,HPCC
2000990320,3,0.3,10000,0.1,100,3,36232508880,HPCC
2000991668,5,0.5,10000,0.1,100,3,66803047429,HPCC
2000994713,3,0.3,10000,0.1,100,3,26753933531,HPCC
2000994844,4,0.4,10000,0.1,100,3,36727131946,HPCC
2000995366,5,0.5,10000,0.1,100,3,45465538906,HPCC
2000995496,2,0.2,10000,0.1,100,3,19523035345,HPCC
2000997584,4,0.4,10000,0.1,100,3,28195352021,HPCC
2000997802,5,0.5,10000,0.1,100,3,52784096051,HPCC
2000998193,3,0.3,10000,0.1,100,3,28202650585,HPCC
2000999063,5,0.5,10000,0.1,100,3,42206830241,HPCC
2001001637,5,0.5,10000,0.1,100,3,60279195233,HPCC
2001002420,3,0.3,10000,0.1,100,3,34263650728,HPCC
2001003929,4,0.4,10000,0.1,100,3,41016000725,HPCC
2001004793,5,0.5,10000,0.1,100,3,54471558801,HPCC
2001005234,2,0.2,10000,0.1,100,3,20702515480,HPCC
2001005408,3,0.3,10000,0.1,100,3,29590129045,HPCC
2001007841,5,0.5,10000,0.1,100,3,75383678706,HPCC
2001011591,3,0.3,10000,0.1,100,3,35322951873,HPCC
2001012026,4,0.4,10000,0.1,100,3,45069868833,HPCC
2001012809,5,0.5,10000,0.1,100,3,54627948564,HPCC
2001014244,4,0.4,10000,0.1,100,3,45690894066,HPCC
2001014723,5,0.5,10000,0.1,100,3,50911536152,HPCC
2001015288,2,0.2,10000,0.1,100,3,22885042024,HPCC
2001016419,5,0.5,10000,0.1,100,3,50954750109,HPCC
2001018943,5,0.5,10000,0.1,100,3,61898955744,HPCC
2001019335,4,0.4,10000,0.1,100,3,45158060608,HPCC
2001019770,3,0.3,10000,0.1,100,3,32283003871,HPCC
2001021901,3,0.3,10000,0.1,100,3,28843275112,HPCC
2001022206,5,0.5,10000,0.1,100,3,56289415902,HPCC
2001022423,4,0.4,10000,0.1,100,3,42702183150,HPCC
2001024706,2,0.2,10000,0.1,100,3,23049433816,HPCC
2001024750,5,0.5,10000,0.1,100,3,55266034983,HPCC
2001026011,5,0.5,10000,0.1,100,3,49414960681,HPCC
2001026490,4,0.4,10000,0.1,100,3,42177773492,HPCC
2001029252,5,0.5,10000,0.1,100,3,55520765815,HPCC
2001029317,4,0.4,10000,0.1,100,3,39314029145,HPCC
2001029491,3,0.3,10000,0.1,100,3,29503771426,HPCC
2001032026,5,0.5,10000,0.1,100,3,58668810110,HPCC
2001033925,4,0.4,10000,0.1,100,3,51326585959,HPCC
2001034052,2,0.2,10000,0.1,100,3,25000380386,HPCC
2001036100,5,0.5,10000,0.1,100,3,62724879032,HPCC
2001036317,4,0.4,10000,0.1,100,3,56655118620,HPCC
2001038120,3,0.3,10000,0.1,100,3,31888563446,HPCC
2001039033,5,0.5,10000,0.1,100,3,65472633617,HPCC
2001040810,4,0.4,10000,0.1,100,3,49681350845,HPCC
2001043420,5,0.5,10000,0.1,100,3,64552149477,HPCC
2001044507,2,0.2,10000,0.1,100,3,25256887921,HPCC
2001045029,4,0.4,10000,0.1,100,3,45204720955,HPCC
2001045943,5,0.5,10000,0.1,100,3,54627518415,HPCC
2001047509,3,0.3,10000,0.1,100,3,31073513304,HPCC
2001047639,5,0.5,10000,0.1,100,3,53778949350,HPCC
2001048683,3,0.3,10000,0.1,100,3,30170252469,HPCC
2001048857,4,0.4,10000,0.1,100,3,45227052746,HPCC
2001050176,5,0.5,10000,0.1,100,3,60896651366,HPCC
2001052655,4,0.4,10000,0.1,100,3,41774097115,HPCC
2001053438,5,0.5,10000,0.1,100,3,57539923538,HPCC
2001054221,2,0.2,10000,0.1,100,3,24136282531,HPCC
2001056285,3,0.3,10000,0.1,100,3,29159042632,HPCC
2001056502,4,0.4,10000,0.1,100,3,42354964241,HPCC
2001056633,5,0.5,10000,0.1,100,3,60663905614,HPCC
2001059862,4,0.4,10000,0.1,100,3,41020910978,HPCC
2001060123,5,0.5,10000,0.1,100,3,62044456166,HPCC
2001064257,5,0.5,10000,0.1,100,3,70695836560,HPCC
2001064909,2,0.2,10000,0.1,100,3,26291921762,HPCC
2001065388,4,0.4,10000,0.1,100,3,44922429339,HPCC
2001065997,3,0.3,10000,0.1,100,3,30096722484,HPCC
2001067128,5,0.5,10000,0.1,100,3,70136011442,HPCC
2001067867,4,0.4,10000,0.1,100,3,44303586983,HPCC
2001068215,5,0.5,10000,0.1,100,3,70161498625,HPCC
2001070733,5,0.5,10000,0.1,100,3,99971186904,HPCC
2001074213,4,0.4,10000,0.1,100,3,47325087035,HPCC
2001074474,5,0.5,10000,0.1,100,3,86384445515,HPCC
2001076475,3,0.3,10000,0.1,100,3,25477154474,HPCC
2001076779,2,0.2,10000,0.1,100,3,22802367914,HPCC
2001077301,4,0.4,10000,0.1,100,3,39454192151,HPCC
2001077432,5,0.5,10000,0.1,100,3,73122021840,HPCC
2001078824,5,0.5,10000,0.1,100,3,55077622686,HPCC
2001081477,5,0.5,10000,0.1,100,3,57504792703,HPCC
2001081608,4,0.4,10000,0.1,100,3,41432134121,HPCC
2001084087,4,0.4,10000,0.1,100,3,36354715551,HPCC
2001084740,5,0.5,10000,0.1,100,3,64089370186,HPCC
2001086349,3,0.3,10000,0.1,100,3,23714511765,HPCC
2001086436,2,0.2,10000,0.1,100,3,21667925719,HPCC
2001088650,5,0.5,10000,0.1,100,3,62445561875,HPCC
2001089062,4,0.4,10000,0.1,100,3,46541323875,HPCC
2001090845,4,0.4,10000,0.1,100,3,50476418503,HPCC
2001091059,5,0.5,10000,0.1,100,3,77693659981,HPCC
2001092668,5,0.5,10000,0.1,100,3,90062919573,HPCC
2001096370,5,0.5,10000,0.1,100,3,81289012015,HPCC
2001096761,3,0.3,10000,0.1,100,3,26070974955,HPCC
2001096848,2,0.2,10000,0.1,100,3,24387540931,HPCC
2001096979,4,0.4,10000,0.1,100,3,48943928927,HPCC
2001098632,5,0.5,10000,0.1,100,3,69681227422,HPCC
2001100502,4,0.4,10000,0.1,100,3,43195207502,HPCC
2001100558,5,0.5,10000,0.1,100,3,76205108261,HPCC
2001103358,5,0.5,10000,0.1,100,3,72901193848,HPCC
2001105838,4,0.4,10000,0.1,100,3,40449459036,HPCC
2001106882,5,0.5,10000,0.1,100,3,63063574605,HPCC
2001107708,3,0.3,10000,0.1,100,3,20887277650,HPCC
2001107969,2,0.2,10000,0.1,100,3,19199426746,HPCC
2001108709,5,0.5,10000,0.1,100,3,52618912439,HPCC
2001108839,4,0.4,10000,0.1,100,3,32603590268,HPCC
2001110231,5,0.5,10000,0.1,100,3,53437119366,HPCC
2001113767,4,0.4,10000,0.1,100,3,42573217180,HPCC
2001114028,5,0.5,10000,0.1,100,3,82353361268,HPCC
2001115202,4,0.4,10000,0.1,100,3,43728428338,HPCC
2001116942,5,0.5,10000,0.1,100,3,89725913106,HPCC
2001117203,3,0.3,10000,0.1,100,3,23020367390,HPCC
2001117290,2,0.2,10000,0.1,100,3,21253749085,HPCC
2001120247,5,0.5,10000,0.1,100,3,100000000000,HPCC
2001121726,4,0.4,10000,0.1,100,3,45990252758,HPCC
2001122422,5,0.5,10000,0.1,100,3,100000000000,HPCC
2001125075,4,0.4,10000,0.1,100,3,40096045952,HPCC
2001125641,5,0.5,10000,0.1,100,3,73809291567,HPCC
2001127555,5,0.5,10000,0.1,100,3,52443474159,HPCC
2001128120,3,0.3,10000,0.1,100,3,25898340845,HPCC
2001128816,2,0.2,10000,0.1,100,3,23674506273,HPCC
2001129817,5,0.5,10000,0.1,100,3,52959535138,HPCC
2001130774,4,0.4,10000,0.1,100,3,37378316761,HPCC
2001132296,4,0.4,10000,0.1,100,3,30811984900,HPCC
2001133415,5,0.5,10000,0.1,100,3,68664999888,HPCC
2001137207,5,0.5,10000,0.1,100,3,79753447671,HPCC
2001138381,3,0.3,10000,0.1,100,3,25724511299,HPCC
2001138816,2,0.2,10000,0.1,100,3,23587618345,HPCC
2001139295,4,0.4,10000,0.1,100,3,40340998203,HPCC
2001139817,5,0.5,10000,0.1,100,3,67917776806,HPCC
2001140556,4,0.4,10000,0.1,100,3,43041623117,HPCC
2001141165,5,0.5,10000,0.1,100,3,66950397558,HPCC
2001143181,5,0.5,10000,0.1,100,3,97222665834,HPCC
2001146226,5,0.5,10000,0.1,100,3,69717010104,HPCC
2001147879,4,0.4,10000,0.1,100,3,42602825859,HPCC
2001148096,5,0.5,10000,0.1,100,3,65799582250,HPCC
2001149227,3,0.3,10000,0.1,100,3,25502019763,HPCC
2001149749,2,0.2,10000,0.1,100,3,23375290655,HPCC
2001150315,5,0.5,10000,0.1,100,3,53200890870,HPCC
2001150619,4,0.4,10000,0.1,100,3,37145963027,HPCC
2001151707,5,0.5,10000,0.1,100,3,56282830893,HPCC
2001153358,5,0.5,10000,0.1,100,3,60296635409,HPCC
2001155615,4,0.4,10000,0.1,100,3,42730497394,HPCC
2001157703,5,0.5,10000,0.1,100,3,66346086917,HPCC
2001157833,4,0.4,10000,0.1,100,3,40881548564,HPCC
2001159747,3,0.3,10000,0.1,100,3,22507706076,HPCC
2001159791,5,0.5,10000,0.1,100,3,61316008388,HPCC
2001160269,2,0.2,10000,0.1,100,3,21491020847,HPCC
2001162979,4,0.4,10000,0.1,100,3,48200442563,HPCC
2001164023,5,0.5,10000,0.1,100,3,78722283536,HPCC
2001165458,4,0.4,10000,0.1,100,3,50515271330,HPCC
2001166546,5,0.5,10000,0.1,100,3,63053613544,HPCC
2001169241,3,0.3,10000,0.1,100,3,24239805843,HPCC
2001170372,2,0.2,10000,0.1,100,3,20521931798,HPCC
2001170590,4,0.4,10000,0.1,100,3,43661362273,HPCC
2001170677,5,0.5,10000,0.1,100,3,60527688893,HPCC
2001173026,5,0.5,10000,0.1,100,3,59438293648,HPCC
2001173939,4,0.4,10000,0.1,100,3,39677780235,HPCC
2001174113,5,0.5,10000,0.1,100,3,55974368329,HPCC
2001178258,5,0.5,10000,0.1,100,3,72610222131,HPCC
2001178997,4,0.4,10000,0.1,100,3,50823503938,HPCC
2001179780,3,0.3,10000,0.1,100,3,25247335026,HPCC
2001180998,2,0.2,10000,0.1,100,3,18788007869,HPCC
2001181520,5,0.5,10000,0.1,100,3,73826913497,HPCC
2001181781,4,0.4,10000,0.1,100,3,51427674950,HPCC
2001184645,5,0.5,10000,0.1,100,3,100000000000,HPCC
2001186820,4,0.4,10000,0.1,100,3,68170370268,HPCC
2001188038,5,0.5,10000,0.1,100,3,91752748165,HPCC
2001190778,4,0.4,10000,0.1,100,3,54738499180,HPCC
2001191170,5,0.5,10000,0.1,100,3,71786842643,HPCC
2001191213,3,0.3,10000,0.1,100,3,21910932648,HPCC
2001191996,2,0.2,10000,0.1,100,3,17420484802,HPCC
2001192562,5,0.5,10000,0.1,100,3,50253801619,HPCC
2001194998,4,0.4,10000,0.1,100,3,50069613632,HPCC
2001195520,5,0.5,10000,0.1,100,3,52040293119,HPCC
2001197651,4,0.4,10000,0.1,100,3,37993298683,HPCC
2001199217,5,0.5,10000,0.1,100,3,58587574489,HPCC
2001200945,3,0.3,10000,0.1,100,3,20689756559,HPCC
2001201989,2,0.2,10000,0.1,100,3,15774558242,HPCC
2001202381,4,0.4,10000,0.1,100,3,47373853119,HPCC
2001202468,5,0.5,10000,0.1,100,3,57779166815,HPCC
2001203984,4,0.4,10000,0.1,100,3,45742185698,HPCC
2001206329,5,0.5,10000,0.1,100,3,77140972585,HPCC
2001209788,5,0.5,10000,0.1,100,3,89437751914,HPCC
2001210310,4,0.4,10000,0.1,100,3,60120947548,HPCC
2001211223,3,0.3,10000,0.1,100,3,22997979332,HPCC
2001212180,2,0.2,10000,0.1,100,3,16775878165,HPCC
2001212615,4,0.4,10000,0.1,100,3,65824538984,HPCC
2001212659,5,0.5,10000,0.1,100,3,74209314619,HPCC
2001214635,5,0.5,10000,0.1,100,3,80553329568,HPCC
2001217680,4,0.4,10000,0.1,100,3,54716901816,HPCC
2001217854,5,0.5,10000,0.1,100,3,72469746984,HPCC
2001220333,5,0.5,10000,0.1,100,3,61223969922,HPCC
2001220551,4,0.4,10000,0.1,100,3,40365467037,HPCC
2001222334,4,0.4,10000,0.1,100,3,39580070470,HPCC
2001222726,5,0.5,10000,0.1,100,3,53078916095,HPCC
2001222943,3,0.3,10000,0.1,100,3,19813101675,HPCC
2001223813,2,0.2,10000,0.1,100,3,14464466892,HPCC
2001225075,5,0.5,10000,0.1,100,3,59667638695,HPCC
2001225819,4,0.4,10000,0.1,100,3,54647346984,HPCC
2001228001,4,0.4,10000,0.1,100,3,64372877621,HPCC
2001229701,5,0.5,10000,0.1,100,3,83462233997,HPCC
2001232528,2,0.2,10000,0.1,100,3,13829382377,HPCC
2001233007,5,0.5,10000,0.1,100,3,84888917547,HPCC
2001233311,3,0.3,10000,0.1,100,3,17357959079,HPCC
2001233355,4,0.4,10000,0.1,100,3,57369662720,HPCC
2001234268,2,0.2,10000,0.1,100,3,12418873853,HPCC
2001235269,4,0.4,10000,0.1,100,3,53534427151,HPCC
2001236313,5,0.5,10000,0.1,100,3,70675816970,HPCC
2001236704,4,0.4,10000,0.1,100,3,52684436753,HPCC
2001237966,5,0.5,10000,0.1,100,3,59288862785,HPCC
2001239662,2,0.2,10000,0.1,100,3,11489073346,HPCC
2001241098,4,0.4,10000,0.1,100,3,45847367710,HPCC
2001241228,5,0.5,10000,0.1,100,3,58916033528,HPCC
2001243142,2,0.2,10000,0.1,100,3,8649692213,HPCC
2001244143,5,0.5,10000,0.1,100,3,62925447897,HPCC
2001244360,4,0.4,10000,0.1,100,3,36249562979,HPCC
2001244447,3,0.3,10000,0.1,100,3,13907297182,HPCC
2001245317,5,0.5,10000,0.1,100,3,56134596358,HPCC
2001245608,2,0.2,10000,0.1,100,3,10128306326,HPCC
2001248509,4,0.4,10000,0.1,100,3,53139160336,HPCC
2001248679,5,0.5,10000,0.1,100,3,88004438097,HPCC
2001249418,2,0.2,10000,0.1,100,3,14211837140,HPCC
2001251332,4,0.4,10000,0.1,100,3,65968320360,HPCC
2001251941,5,0.5,10000,0.1,100,3,97654995344,HPCC
2001252926,2,0.2,10000,0.1,100,3,12104804377,HPCC
2001254122,3,0.3,10000,0.1,100,3,17576169459,HPCC
2001255297,5,0.5,10000,0.1,100,3,100000000000,HPCC
2001256515,4,0.4,10000,0.1,100,3,59334539157,HPCC
2001257733,5,0.5,10000,0.1,100,3,89677368593,HPCC
2001257950,2,0.2,10000,0.1,100,3,13325232153,HPCC
2001259995,4,0.4,10000,0.1,100,3,42475349281,HPCC
2001260169,5,0.5,10000,0.1,100,3,74699477178,HPCC
2001260647,2,0.2,10000,0.1,100,3,9539493977,HPCC
2001261604,4,0.4,10000,0.1,100,3,42096021147,HPCC
2001261952,2,0.2,10000,0.1,100,3,7178754768,HPCC
2001262431,5,0.5,10000,0.1,100,3,70307501230,HPCC
2001265606,4,0.4,10000,0.1,100,3,41566284734,HPCC
2001265737,5,0.5,10000,0.1,100,3,51136836767,HPCC
2001266128,3,0.3,10000,0.1,100,3,16048175976,HPCC
2001266563,2,0.2,10000,0.1,100,3,6927856852,HPCC
2001267912,5,0.5,10000,0.1,100,3,57263516097,HPCC
2001268129,4,0.4,10000,0.1,100,3,32800336929,HPCC
2001269347,5,0.5,10000,0.1,100,3,47305703850,HPCC
2001271821,2,0.2,10000,0.1,100,3,12159706516,HPCC
2001271908,5,0.5,10000,0.1,100,3,76057873420,HPCC
2001273058,2,0.2,10000,0.1,100,3,15305411461,HPCC
2001273276,4,0.4,10000,0.1,100,3,51700752967,HPCC
2001274450,2,0.2,10000,0.1,100,3,13824800790,HPCC
2001274612,5,0.5,10000,0.1,100,3,60786040329,HPCC
2001274972,4,0.4,10000,0.1,100,3,60886494102,HPCC
2001275525,2,0.2,10000,0.1,100,3,13282504348,HPCC
2001275699,3,0.3,10000,0.1,100,3,18652780991,HPCC
2001277584,5,0.5,10000,0.1,100,3,82971526653,HPCC
2001280542,5,0.5,10000,0.1,100,3,62355921505,HPCC
2001280629,4,0.4,10000,0.1,100,3,58104360047,HPCC
2001281368,2,0.2,10000,0.1,100,3,14379294096,HPCC
2001282804,4,0.4,10000,0.1,100,3,55006413628,HPCC
2001285022,5,0.5,10000,0.1,100,3,58840391737,HPCC
2001285196,3,0.3,10000,0.1,100,3,20140945429,HPCC
2001287075,4,0.4,10000,0.1,100,3,77308394397,HPCC
2001290129,4,0.4,10000,0.1,100,3,100000000000,HPCC
2001290798,2,0.2,10000,0.1,100,3,18072601707,HPCC
2001293005,4,0.4,10000,0.1,100,3,100000000000,HPCC
2001294635,4,0.4,10000,0.1,100,3,100000000000,HPCC
2001294707,3,0.3,10000,0.1,100,3,29868337316,HPCC
2001296288,4,0.4,10000,0.1,100,3,100000000000,HPCC
2001298324,4,0.4,10000,0.1,100,3,100000000000,HPCC
2001300325,4,0.4,10000,0.1,100,3,99465743473,HPCC
2001300629,2,0.2,10000,0.1,100,3,20200634170,HPCC
2001302152,4,0.4,10000,0.1,100,3,92962427974,HPCC
2001303892,3,0.3,10000,0.1,100,3,29387334815,HPCC
2001304153,4,0.4,10000,0.1,100,3,90262127982,HPCC
2001305719,4,0.4,10000,0.1,100,3,81218432306,HPCC
2001307483,4,0.4,10000,0.1,100,3,82142592965,HPCC
2001310266,4,0.4,10000,0.1,100,3,89200152849,HPCC
2001310483,2,0.2,10000,0.1,100,3,18371635584,HPCC
2001312267,4,0.4,10000,0.1,100,3,84652029758,HPCC
2001312789,3,0.3,10000,0.1,100,3,27896083138,HPCC
2001314398,4,0.4,10000,0.1,100,3,84783119347,HPCC
2001316040,4,0.4,10000,0.1,100,3,100000000000,HPCC
2001317954,4,0.4,10000,0.1,100,3,100000000000,HPCC
2001320172,2,0.2,10000,0.1,100,3,18192646347,HPCC
2001320402,4,0.4,10000,0.1,100,3,99922046463,HPCC
2001322142,4,0.4,10000,0.1,100,3,97729147841,HPCC
2001322620,3,0.3,10000,0.1,100,3,28553508764,HPCC
2001323534,4,0.4,10000,0.1,100,3,94110773065,HPCC
2001325721,4,0.4,10000,0.1,100,3,100000000000,HPCC
2001327668,4,0.4,10000,0.1,100,3,98948118725,HPCC
2001329756,4,0.4,10000,0.1,100,3,92977980771,HPCC
2001330582,2,0.2,10000,0.1,100,3,17198763779,HPCC
2001331844,4,0.4,10000,0.1,100,3,90265456046,HPCC
2001332757,3,0.3,10000,0.1,100,3,26396053633,HPCC
2001333236,4,0.4,10000,0.1,100,3,80515394957,HPCC
2001335036,4,0.4,10000,0.1,100,3,89464340731,HPCC
2001337703,4,0.4,10000,0.1,100,3,100000000000,HPCC
2001339965,4,0.4,10000,0.1,100,3,99309721391,HPCC
2001340182,2,0.2,10000,0.1,100,3,17825049597,HPCC
2001341891,4,0.4,10000,0.1,100,3,99826610848,HPCC
2001342705,3,0.3,10000,0.1,100,3,27827863150,HPCC
2001343283,4,0.4,10000,0.1,100,3,97741648055,HPCC
2001345284,4,0.4,10000,0.1,100,3,100000000000,HPCC
2001347297,4,0.4,10000,0.1,100,3,100000000000,HPCC
2001349298,4,0.4,10000,0.1,100,3,95301820180,HPCC
2001350733,2,0.2,10000,0.1,100,3,17806933917,HPCC
2001351386,4,0.4,10000,0.1,100,3,88646925148,HPCC
2001352995,3,0.3,10000,0.1,100,3,28401712186,HPCC
2001353039,4,0.4,10000,0.1,100,3,88177888952,HPCC
2001354487,4,0.4,10000,0.1,100,3,80788980335,HPCC
2001357270,4,0.4,10000,0.1,100,3,100000000000,HPCC
2001359358,4,0.4,10000,0.1,100,3,100000000000,HPCC
2001360967,2,0.2,10000,0.1,100,3,15724734299,HPCC
2001361893,4,0.4,10000,0.1,100,3,100000000000,HPCC
2001362545,3,0.3,10000,0.1,100,3,29841580972,HPCC
2001363285,4,0.4,10000,0.1,100,3,98855070708,HPCC
2001364677,4,0.4,10000,0.1,100,3,96868088454,HPCC
2001366025,4,0.4,10000,0.1,100,3,96709552681,HPCC
2001367908,4,0.4,10000,0.1,100,3,100000000000,HPCC
2001369909,4,0.4,10000,0.1,100,3,97863783177,HPCC
2001371113,3,0.3,10000,0.1,100,3,31176986909,HPCC
2001371257,4,0.4,10000,0.1,100,3,96584637113,HPCC
2001371518,2,0.2,10000,0.1,100,3,15435927069,HPCC
2001379486,3,0.3,10000,0.1,100,3,100000000000,HPCC
2001380765,3,0.3,10000,0.1,100,3,100000000000,HPCC
2001381218,2,0.2,10000,0.1,100,3,50932149990,HPCC
2001384979,3,0.3,10000,0.1,100,3,100000000000,HPCC
2001386893,3,0.3,10000,0.1,100,3,100000000000,HPCC
2001388981,3,0.3,10000,0.1,100,3,100000000000,HPCC
2001389329,2,0.2,10000,0.1,100,3,76652931361,HPCC
2001391504,3,0.3,10000,0.1,100,3,88190060968,HPCC
2001392156,2,0.2,10000,0.1,100,3,83056726517,HPCC
2001392896,3,0.3,10000,0.1,100,3,77643304095,HPCC
2001394810,3,0.3,10000,0.1,100,3,77517958049,HPCC
2001396028,2,0.2,10000,0.1,100,3,61338690356,HPCC
2001396419,3,0.3,10000,0.1,100,3,76533658347,HPCC
2001398290,2,0.2,10000,0.1,100,3,48081444449,HPCC
2001399334,3,0.3,10000,0.1,100,3,71958565533,HPCC
2001401248,3,0.3,10000,0.1,100,3,56793685153,HPCC
2001401291,2,0.2,10000,0.1,100,3,46926788125,HPCC
2001403292,3,0.3,10000,0.1,100,3,59189328195,HPCC
2001405218,2,0.2,10000,0.1,100,3,65999508424,HPCC
2001405610,3,0.3,10000,0.1,100,3,85751902563,HPCC
2001408329,2,0.2,10000,0.1,100,3,77350459265,HPCC
2001409656,3,0.3,10000,0.1,100,3,100000000000,HPCC
2001412147,3,0.3,10000,0.1,100,3,100000000000,HPCC
2001412234,2,0.2,10000,0.1,100,3,86105361685,HPCC
2001414844,2,0.2,10000,0.1,100,3,74680191793,HPCC
2001415453,3,0.3,10000,0.1,100,3,80042858599,HPCC
2001417149,2,0.2,10000,0.1,100,3,69814342069,HPCC
2001417193,3,0.3,10000,0.1,100,3,73501698478,HPCC
2001419368,3,0.3,10000,0.1,100,3,71023683216,HPCC
2001420325,2,0.2,10000,0.1,100,3,61172549481,HPCC
2001421064,3,0.3,10000,0.1,100,3,50214470586,HPCC
2001422326,2,0.2,10000,0.1,100,3,44479360491,HPCC
2001423544,3,0.3,10000,0.1,100,3,60796420562,HPCC
2001424196,2,0.2,10000,0.1,100,3,45656223992,HPCC
2001425284,3,0.3,10000,0.1,100,3,61931877830,HPCC
2001426458,3,0.3,10000,0.1,100,3,54110582918,HPCC
2001427298,2,0.2,10000,0.1,100,3,73319714044,HPCC
2001429868,3,0.3,10000,0.1,100,3,85077659058,HPCC
2001430183,2,0.2,10000,0.1,100,3,86003031701,HPCC
2001433008,3,0.3,10000,0.1,100,3,100000000000,HPCC
2001433256,2,0.2,10000,0.1,100,3,92861484058,HPCC
2001435709,2,0.2,10000,0.1,100,3,100000000000,HPCC
2001436666,3,0.3,10000,0.1,100,3,86333850784,HPCC
2001438754,3,0.3,10000,0.1,100,3,70732498485,HPCC
2001438971,2,0.2,10000,0.1,100,3,81590757998,HPCC
2001441277,3,0.3,10000,0.1,100,3,55789838471,HPCC
2001441712,2,0.2,10000,0.1,100,3,61188385712,HPCC
2001442973,3,0.3,10000,0.1,100,3,54682480740,HPCC
2001443365,2,0.2,10000,0.1,100,3,40328412044,HPCC
2001445627,3,0.3,10000,0.1,100,3,73579845147,HPCC
2001446758,2,0.2,10000,0.1,100,3,52081091978,HPCC
2001448479,3,0.3,10000,0.1,100,3,70096249317,HPCC
2001449417,2,0.2,10000,0.1,100,3,56216998806,HPCC
2001451747,3,0.3,10000,0.1,100,3,100000000000,HPCC
2001454096,2,0.2,10000,0.1,100,3,68648656073,HPCC
2001454183,3,0.3,10000,0.1,100,3,100000000000,HPCC
2001456805,3,0.3,10000,0.1,100,3,100000000000,HPCC
2001456836,2,0.2,10000,0.1,100,3,77642307138,HPCC
2001458197,3,0.3,10000,0.1,100,3,99309285122,HPCC
2001460546,3,0.3,10000,0.1,100,3,96711633758,HPCC
2001461329,2,0.2,10000,0.1,100,3,65318028950,HPCC
2001463591,3,0.3,10000,0.1,100,3,81612556832,HPCC
2001463852,2,0.2,10000,0.1,100,3,53252011735,HPCC
2001465940,3,0.3,10000,0.1,100,3,58215349285,HPCC
2001466592,2,0.2,10000,0.1,100,3,49085813742,HPCC
2001467506,3,0.3,10000,0.1,100,3,60313229502,HPCC
2001469681,2,0.2,10000,0.1,100,3,58221981294,HPCC
2001471575,3,0.3,10000,0.1,100,3,77046820384,HPCC
2001472926,2,0.2,10000,0.1,100,3,67027667935,HPCC
2001473854,3,0.3,10000,0.1,100,3,100000000000,HPCC
2001475028,3,0.3,10000,0.1,100,3,100000000000,HPCC
2001476285,2,0.2,10000,0.1,100,3,79059849398,HPCC
2001478025,3,0.3,10000,0.1,100,3,84745595797,HPCC
2001479504,2,0.2,10000,0.1,100,3,77810048469,HPCC
2001480374,3,0.3,10000,0.1,100,3,75964039564,HPCC
2001481113,2,0.2,10000,0.1,100,3,73592518160,HPCC
2001481766,3,0.3,10000,0.1,100,3,69747595064,HPCC
2001483375,3,0.3,10000,0.1,100,3,68257917842,HPCC
2001483506,2,0.2,10000,0.1,100,3,58769632754,HPCC
2001485768,2,0.2,10000,0.1,100,3,42671031546,HPCC
2001486725,3,0.3,10000,0.1,100,3,63187761325,HPCC
2001487986,2,0.2,10000,0.1,100,3,43155726709,HPCC
2001488291,3,0.3,10000,0.1,100,3,48367142464,HPCC
2001489726,3,0.3,10000,0.1,100,3,48800177035,HPCC
2001491441,2,0.2,10000,0.1,100,3,73212114735,HPCC
2001493151,3,0.3,10000,0.1,100,3,84821226406,HPCC
2001494418,2,0.2,10000,0.1,100,3,84981417768,HPCC
2001495939,3,0.3,10000,0.1,100,3,100000000000,HPCC
2001497469,2,0.2,10000,0.1,100,3,100000000000,HPCC
2001499818,3,0.3,10000,0.1,100,3,100000000000,HPCC
2001500427,2,0.2,10000,0.1,100,3,100000000000,HPCC
2001502602,3,0.3,10000,0.1,100,3,80294275110,HPCC
2001503776,2,0.2,10000,0.1,100,3,77528755946,HPCC
2001504342,3,0.3,10000,0.1,100,3,70298915996,HPCC
2001505821,2,0.2,10000,0.1,100,3,61215475386,HPCC
2001506038,3,0.3,10000,0.1,100,3,68320137651,HPCC
2001508518,2,0.2,10000,0.1,100,3,41192266618,HPCC
2001508605,3,0.3,10000,0.1,100,3,70681279829,HPCC
2001510780,3,0.3,10000,0.1,100,3,52694155646,HPCC
2001510910,2,0.2,10000,0.1,100,3,43063951250,HPCC
2001512476,3,0.3,10000,0.1,100,3,54210890615,HPCC
2001514638,3,0.3,10000,0.1,100,3,81764050279,HPCC
2001514873,2,0.2,10000,0.1,100,3,71264242125,HPCC
2001517925,2,0.2,10000,0.1,100,3,84066092483,HPCC
2001518304,3,0.3,10000,0.1,100,3,99945033155,HPCC
2001521213,3,0.3,10000,0.1,100,3,100000000000,HPCC
2001521909,2,0.2,10000,0.1,100,3,99301086459,HPCC
2001524171,3,0.3,10000,0.1,100,3,87321727113,HPCC
2001524432,2,0.2,10000,0.1,100,3,85420389390,HPCC
2001526781,3,0.3,10000,0.1,100,3,67737917739,HPCC
2001527694,2,0.2,10000,0.1,100,3,69661685773,HPCC
2001528521,3,0.3,10000,0.1,100,3,64997646261,HPCC
2001529913,2,0.2,10000,0.1,100,3,62161145313,HPCC
2001530217,3,0.3,10000,0.1,100,3,41870480148,HPCC
2001532175,2,0.2,10000,0.1,100,3,43689740891,HPCC
2001532784,3,0.3,10000,0.1,100,3,53315213459,HPCC
2001534132,2,0.2,10000,0.1,100,3,45830071383,HPCC
2001535437,3,0.3,10000,0.1,100,3,55913524359,HPCC
2001536960,2,0.2,10000,0.1,100,3,83112651750,HPCC
2001539625,3,0.3,10000,0.1,100,3,83110678335,HPCC
2001540341,2,0.2,10000,0.1,100,3,100000000000,HPCC
2001542888,2,0.2,10000,0.1,100,3,100000000000,HPCC
2001543105,3,0.3,10000,0.1,100,3,100000000000,HPCC
2001544802,2,0.2,10000,0.1,100,3,100000000000,HPCC
2001546629,3,0.3,10000,0.1,100,3,74237714622,HPCC
2001547325,2,0.2,10000,0.1,100,3,89914467841,HPCC
2001549152,3,0.3,10000,0.1,100,3,54566805954,HPCC
2001550457,2,0.2,10000,0.1,100,3,72251232994,HPCC
2001551588,3,0.3,10000,0.1,100,3,49750461684,HPCC
2001552980,2,0.2,10000,0.1,100,3,50729514299,HPCC
2001553110,3,0.3,10000,0.1,100,3,49381763527,HPCC
2001554589,3,0.3,10000,0.1,100,3,51430236082,HPCC
2001555155,2,0.2,10000,0.1,100,3,56589366750,HPCC
2001556677,2,0.2,10000,0.1,100,3,45332820653,HPCC
2001557429,3,0.3,10000,0.1,100,3,56778110471,HPCC
2001558864,2,0.2,10000,0.1,100,3,58485413824,HPCC
2001560284,3,0.3,10000,0.1,100,3,63490849884,HPCC
2001561881,2,0.2,10000,0.1,100,3,90354672757,HPCC
2001564038,3,0.3,10000,0.1,100,3,80285865119,HPCC
2001565995,2,0.2,10000,0.1,100,3,99451920558,HPCC
2001566189,3,0.3,10000,0.1,100,3,70526026190,HPCC
2001567624,3,0.3,10000,0.1,100,3,76683651485,HPCC
2001567668,2,0.2,10000,0.1,100,3,92395162601,HPCC
2001569756,2,0.2,10000,0.1,100,3,90060713345,HPCC
2001570452,3,0.3,10000,0.1,100,3,65185957070,HPCC
2001572975,2,0.2,10000,0.1,100,3,79193774804,HPCC
2001573497,3,0.3,10000,0.1,100,3,58482273532,HPCC
2001575324,2,0.2,10000,0.1,100,3,67703742809,HPCC
2001575976,3,0.3,10000,0.1,100,3,44963432710,HPCC
2001577586,2,0.2,10000,0.1,100,3,54935330099,HPCC
2001578978,3,0.3,10000,0.1,100,3,51919866001,HPCC
2001580152,2,0.2,10000,0.1,100,3,60898394875,HPCC
2001581239,3,0.3,10000,0.1,100,3,47506436165,HPCC
2001581664,2,0.2,10000,0.1,100,3,56201071148,HPCC
2001584038,2,0.2,10000,0.1,100,3,91607426639,HPCC
2001585901,3,0.3,10000,0.1,100,3,82196486502,HPCC
2001586771,2,0.2,10000,0.1,100,3,70767756800,HPCC
2001588641,3,0.3,10000,0.1,100,3,100000000000,HPCC
2001589176,2,0.2,10000,0.1,100,3,85611087133,HPCC
2001591162,2,0.2,10000,0.1,100,3,77024529116,HPCC
2001592467,3,0.3,10000,0.1,100,3,90249484831,HPCC
2001593206,2,0.2,10000,0.1,100,3,71421460831,HPCC
2001593859,3,0.3,10000,0.1,100,3,89158270693,HPCC
2001596382,3,0.3,10000,0.1,100,3,76216796914,HPCC
2001596817,2,0.2,10000,0.1,100,3,59167337901,HPCC
2001598078,3,0.3,10000,0.1,100,3,73035373430,HPCC
2001598383,2,0.2,10000,0.1,100,3,53988464141,HPCC
2001600297,3,0.3,10000,0.1,100,3,70413573886,HPCC
2001600688,2,0.2,10000,0.1,100,3,52378339383,HPCC
2001601776,3,0.3,10000,0.1,100,3,55382222691,HPCC
2001603603,2,0.2,10000,0.1,100,3,48875242367,HPCC
2001603994,3,0.3,10000,0.1,100,3,57423904860,HPCC
2001606432,3,0.3,10000,0.1,100,3,71525063594,HPCC
2001606790,2,0.2,10000,0.1,100,3,53904014617,HPCC
2001610195,3,0.3,10000,0.1,100,3,87771588769,HPCC
2001611239,2,0.2,10000,0.1,100,3,73968998348,HPCC
2001612892,3,0.3,10000,0.1,100,3,89667275725,HPCC
2001614849,2,0.2,10000,0.1,100,3,78270612463,HPCC
2001615076,3,0.3,10000,0.1,100,3,100000000000,HPCC
2001617809,3,0.3,10000,0.1,100,3,92271571591,HPCC
2001617896,2,0.2,10000,0.1,100,3,74328342894,HPCC
2001620419,3,0.3,10000,0.1,100,3,77510350839,HPCC
2001620941,2,0.2,10000,0.1,100,3,59566462018,HPCC
2001622855,3,0.3,10000,0.1,100,3,66837968147,HPCC
2001624595,2,0.2,10000,0.1,100,3,58439661535,HPCC
2001625030,3,0.3,10000,0.1,100,3,70248926736,HPCC
2001627823,3,0.3,10000,0.1,100,3,65585039571,HPCC
2001627944,2,0.2,10000,0.1,100,3,50861698408,HPCC
2001629213,3,0.3,10000,0.1,100,3,67674792865,HPCC
2001631567,2,0.2,10000,0.1,100,3,71867421290,HPCC
2001631654,3,0.3,10000,0.1,100,3,79488295526,HPCC
2001634046,3,0.3,10000,0.1,100,3,81476185213,HPCC
2001635133,2,0.2,10000,0.1,100,3,74259913918,HPCC
2001635481,3,0.3,10000,0.1,100,3,80917252510,HPCC
2001638365,3,0.3,10000,0.1,100,3,100000000000,HPCC
2001638452,2,0.2,10000,0.1,100,3,86537368601,HPCC
2001640801,3,0.3,10000,0.1,100,3,89078402374,HPCC
2001641671,2,0.2,10000,0.1,100,3,70637432859,HPCC
2001643498,3,0.3,10000,0.1,100,3,80036793620,HPCC
2001644542,2,0.2,10000,0.1,100,3,66322007591,HPCC
2001646108,3,0.3,10000,0.1,100,3,61990066159,HPCC
2001648109,2,0.2,10000,0.1,100,3,52693326215,HPCC
2001648631,3,0.3,10000,0.1,100,3,63797111409,HPCC
2001650458,2,0.2,10000,0.1,100,3,55016662567,HPCC
2001650588,3,0.3,10000,0.1,100,3,51480973060,HPCC
2001651806,2,0.2,10000,0.1,100,3,45929085137,HPCC
2001652328,3,0.3,10000,0.1,100,3,54948654596,HPCC
2001654935,3,0.3,10000,0.1,100,3,85063959466,HPCC
2001655718,2,0.2,10000,0.1,100,3,70081466644,HPCC
2001658101,2,0.2,10000,0.1,100,3,88905054109,HPCC
2001658780,3,0.3,10000,0.1,100,3,100000000000,HPCC
2001661142,3,0.3,10000,0.1,100,3,100000000000,HPCC
2001662795,2,0.2,10000,0.1,100,3,92601679081,HPCC
2001663665,3,0.3,10000,0.1,100,3,100000000000,HPCC
2001665231,2,0.2,10000,0.1,100,3,82440156757,HPCC
2001666797,3,0.3,10000,0.1,100,3,70334318655,HPCC
2001668754,2,0.2,10000,0.1,100,3,65436523957,HPCC
2001668798,3,0.3,10000,0.1,100,3,65317792255,HPCC
2001671147,2,0.2,10000,0.1,100,3,61016931332,HPCC
2001671756,3,0.3,10000,0.1,100,3,45840877655,HPCC
2001673670,2,0.2,10000,0.1,100,3,46917895329,HPCC
2001674627,3,0.3,10000,0.1,100,3,54469558436,HPCC
2001675192,2,0.2,10000,0.1,100,3,47562111351,HPCC
2001675801,3,0.3,10000,0.1,100,3,45665252589,HPCC
2001677947,3,0.3,10000,0.1,100,3,57156883622,HPCC
2001678228,2,0.2,10000,0.1,100,3,90008294281,HPCC
2001680925,2,0.2,10000,0.1,100,3,100000000000,HPCC
2001681455,3,0.3,10000,0.1,100,3,89384915348,HPCC
2001684591,2,0.2,10000,0.1,100,3,100000000000,HPCC
2001685504,3,0.3,10000,0.1,100,3,100000000000,HPCC
2001685983,2,0.2,10000,0.1,100,3,100000000000,HPCC
2001688419,2,0.2,10000,0.1,100,3,87813266213,HPCC
2001689028,3,0.3,10000,0.1,100,3,73961882817,HPCC
2001690115,2,0.2,10000,0.1,100,3,83211613412,HPCC
2001690507,3,0.3,10000,0.1,100,3,56091833050,HPCC
2001691594,3,0.3,10000,0.1,100,3,55778505134,HPCC
2001692421,2,0.2,10000,0.1,100,3,68927409612,HPCC
2001694248,3,0.3,10000,0.1,100,3,48890472847,HPCC
2001695031,2,0.2,10000,0.1,100,3,47481310704,HPCC
2001697380,2,0.2,10000,0.1,100,3,54531095287,HPCC
2001698032,3,0.3,10000,0.1,100,3,58435056398,HPCC
2001698728,2,0.2,10000,0.1,100,3,43764982694,HPCC
2001700951,2,0.2,10000,0.1,100,3,61377974562,HPCC
2001701394,3,0.3,10000,0.1,100,3,73561706639,HPCC
2001704379,2,0.2,10000,0.1,100,3,79770343581,HPCC
2001704640,3,0.3,10000,0.1,100,3,81966386438,HPCC
2001707479,2,0.2,10000,0.1,100,3,86938085693,HPCC
2001707566,3,0.3,10000,0.1,100,3,88527696207,HPCC
2001710264,3,0.3,10000,0.1,100,3,84061647419,HPCC
2001711047,2,0.2,10000,0.1,100,3,76656883924,HPCC
2001713396,3,0.3,10000,0.1,100,3,69962569742,HPCC
2001713483,2,0.2,10000,0.1,100,3,62322784253,HPCC
2001716093,3,0.3,10000,0.1,100,3,60418286156,HPCC
2001716963,2,0.2,10000,0.1,100,3,58880641964,HPCC
2001718616,3,0.3,10000,0.1,100,3,46249149151,HPCC
2001719486,2,0.2,10000,0.1,100,3,50568992179,HPCC
2001720573,2,0.2,10000,0.1,100,3,50614767329,HPCC
2001721841,3,0.3,10000,0.1,100,3,68482530812,HPCC
2001723848,2,0.2,10000,0.1,100,3,83154776181,HPCC
2001725308,3,0.3,10000,0.1,100,3,79022954284,HPCC
2001726738,2,0.2,10000,0.1,100,3,100000000000,HPCC
2001727934,3,0.3,10000,0.1,100,3,100000000000,HPCC
2001730385,2,0.2,10000,0.1,100,3,95648758507,HPCC
2001730994,3,0.3,10000,0.1,100,3,100000000000,HPCC
2001732995,2,0.2,10000,0.1,100,3,80285761128,HPCC
2001733821,3,0.3,10000,0.1,100,3,84890283079,HPCC
2001734909,2,0.2,10000,0.1,100,3,67788330333,HPCC
2001736127,3,0.3,10000,0.1,100,3,62949305890,HPCC
2001736605,2,0.2,10000,0.1,100,3,65778361615,HPCC
2001738563,3,0.3,10000,0.1,100,3,40084756501,HPCC
2001739781,2,0.2,10000,0.1,100,3,69057606884,HPCC
2001741434,2,0.2,10000,0.1,100,3,52517791752,HPCC
2001741695,3,0.3,10000,0.1,100,3,50415052690,HPCC
2001743043,2,0.2,10000,0.1,100,3,54044562567,HPCC
2001744402,3,0.3,10000,0.1,100,3,55257530789,HPCC
2001745970,2,0.2,10000,0.1,100,3,100000000000,HPCC
2001748463,3,0.3,10000,0.1,100,3,61854690707,HPCC
2001749145,2,0.2,10000,0.1,100,3,100000000000,HPCC
2001751680,3,0.3,10000,0.1,100,3,81792404469,HPCC
2001751724,2,0.2,10000,0.1,100,3,100000000000,HPCC
2001753290,2,0.2,10000,0.1,100,3,100000000000,HPCC
2001755552,2,0.2,10000,0.1,100,3,90824211259,HPCC
2001756248,3,0.3,10000,0.1,100,3,55285848096,HPCC
2001758510,2,0.2,10000,0.1,100,3,79742011596,HPCC
2001758771,3,0.3,10000,0.1,100,3,44608152195,HPCC
2001761033,2,0.2,10000,0.1,100,3,58068670160,HPCC
2001761772,3,0.3,10000,0.1,100,3,40669038883,HPCC
2001762599,2,0.2,10000,0.1,100,3,63667144823,HPCC
2001764873,2,0.2,10000,0.1,100,3,67597973029,HPCC
2001765909,3,0.3,10000,0.1,100,3,59170615177,HPCC
2001768147,2,0.2,10000,0.1,100,3,98592354768,HPCC
2001768744,3,0.3,10000,0.1,100,3,77736832775,HPCC
2001770271,2,0.2,10000,0.1,100,3,95065385538,HPCC
2001771967,2,0.2,10000,0.1,100,3,100000000000,HPCC
2001772302,3,0.3,10000,0.1,100,3,73425263694,HPCC
2001774564,2,0.2,10000,0.1,100,3,100000000000,HPCC
2001775608,3,0.3,10000,0.1,100,3,73294354706,HPCC
2001777087,2,0.2,10000,0.1,100,3,76096465063,HPCC
2001778348,3,0.3,10000,0.1,100,3,59019017514,HPCC
2001778740,2,0.2,10000,0.1,100,3,57621782278,HPCC
2001781219,3,0.3,10000,0.1,100,3,51739590383,HPCC
2001781263,2,0.2,10000,0.1,100,3,54913700861,HPCC
2001783264,3,0.3,10000,0.1,100,3,41995776170,HPCC
2001784438,3,0.3,10000,0.1,100,3,42128363232,HPCC
2001784960,2,0.2,10000,0.1,100,3,64987824672,HPCC
2001788487,3,0.3,10000,0.1,100,3,76988099036,HPCC
2001788746,2,0.2,10000,0.1,100,3,92717129361,HPCC
2001790804,3,0.3,10000,0.1,100,3,100000000000,HPCC
2001791158,2,0.2,10000,0.1,100,3,93058303778,HPCC
2001792560,2,0.2,10000,0.1,100,3,100000000000,HPCC
2001795337,2,0.2,10000,0.1,100,3,100000000000,HPCC
2001795424,3,0.3,10000,0.1,100,3,100000000000,HPCC
2001798121,2,0.2,10000,0.1,100,3,74669758047,HPCC
2001798208,3,0.3,10000,0.1,100,3,79038076780,HPCC
2001800905,3,0.3,10000,0.1,100,3,58822265228,HPCC
2001800992,2,0.2,10000,0.1,100,3,43371135100,HPCC
2001803689,2,0.2,10000,0.1,100,3,48303492297,HPCC
2001803776,3,0.3,10000,0.1,100,3,66122592618,HPCC
2001805907,2,0.2,10000,0.1,100,3,52328135604,HPCC
2001806690,3,0.3,10000,0.1,100,3,50848206923,HPCC
2001810232,3,0.3,10000,0.1,100,3,100000000000,HPCC
2001810928,2,0.2,10000,0.1,100,3,69780527320,HPCC
2001813233,3,0.3,10000,0.1,100,3,100000000000,HPCC
2001813581,2,0.2,10000,0.1,100,3,80073392986,HPCC
2001816160,3,0.3,10000,0.1,100,3,100000000000,HPCC
2001818335,2,0.2,10000,0.1,100,3,95075833189,HPCC
2001818596,3,0.3,10000,0.1,100,3,100000000000,HPCC
2001821032,3,0.3,10000,0.1,100,3,73934005427,HPCC
2001821554,2,0.2,10000,0.1,100,3,67558163033,HPCC
2001823511,2,0.2,10000,0.1,100,3,67520437559,HPCC
2001823555,3,0.3,10000,0.1,100,3,66427145898,HPCC
2001826165,3,0.3,10000,0.1,100,3,44806235123,HPCC
2001826426,2,0.2,10000,0.1,100,3,67593487838,HPCC
2001828775,2,0.2,10000,0.1,100,3,52741705372,HPCC
2001829384,3,0.3,10000,0.1,100,3,54516735368,HPCC
2001830471,2,0.2,10000,0.1,100,3,53899966718,HPCC
2001832176,3,0.3,10000,0.1,100,3,55066897060,HPCC
2001832549,2,0.2,10000,0.1,100,3,79101111263,HPCC
2001835957,3,0.3,10000,0.1,100,3,69336210099,HPCC
2001836355,2,0.2,10000,0.1,100,3,97768442705,HPCC
2001838825,2,0.2,10000,0.1,100,3,87876563746,HPCC
2001839477,3,0.3,10000,0.1,100,3,80477393112,HPCC
2001840868,2,0.2,10000,0.1,100,3,93177523455,HPCC
2001843043,3,0.3,10000,0.1,100,3,63480409619,HPCC
2001843304,2,0.2,10000,0.1,100,3,84878553463,HPCC
2001845827,3,0.3,10000,0.1,100,3,49945761119,HPCC
2001846523,2,0.2,10000,0.1,100,3,69117688746,HPCC
2001848132,3,0.3,10000,0.1,100,3,48831043523,HPCC
2001848263,2,0.2,10000,0.1,100,3,51741983996,HPCC
2001851059,2,0.2,10000,0.1,100,3,62133882880,HPCC
2001851407,3,0.3,10000,0.1,100,3,61704863940,HPCC
2001854495,2,0.2,10000,0.1,100,3,68747811405,HPCC
2001854922,3,0.3,10000,0.1,100,3,74672081490,HPCC
2001857789,2,0.2,10000,0.1,100,3,91050814436,HPCC
2001858224,3,0.3,10000,0.1,100,3,84971069651,HPCC
2001860660,2,0.2,10000,0.1,100,3,88432484499,HPCC
2001860921,3,0.3,10000,0.1,100,3,81805827008,HPCC
2001863488,2,0.2,10000,0.1,100,3,79347504284,HPCC
2001863923,3,0.3,10000,0.1,100,3,72283129687,HPCC
2001866185,2,0.2,10000,0.1,100,3,65305803848,HPCC
2001866968,3,0.3,10000,0.1,100,3,55770188160,HPCC
2001868882,2,0.2,10000,0.1,100,3,58643464469,HPCC
2001869926,3,0.3,10000,0.1,100,3,57229633219,HPCC
2001871231,2,0.2,10000,0.1,100,3,48508639020,HPCC
2001872492,2,0.2,10000,0.1,100,3,48742617744,HPCC
2001873092,3,0.3,10000,0.1,100,3,50378977009,HPCC
2001875777,2,0.2,10000,0.1,100,3,83013635379,HPCC
2001876473,3,0.3,10000,0.1,100,3,78105156766,HPCC
2001878562,2,0.2,10000,0.1,100,3,100000000000,HPCC
2001879837,3,0.3,10000,0.1,100,3,100000000000,HPCC
2001882074,2,0.2,10000,0.1,100,3,100000000000,HPCC
2001883379,3,0.3,10000,0.1,100,3,99181665606,HPCC
2001884771,2,0.2,10000,0.1,100,3,94804627704,HPCC
2001886511,3,0.3,10000,0.1,100,3,75085242045,HPCC
2001887294,2,0.2,10000,0.1,100,3,67457261075,HPCC
2001888686,3,0.3,10000,0.1,100,3,63964825146,HPCC
2001888990,2,0.2,10000,0.1,100,3,65424808111,HPCC
2001890034,3,0.3,10000,0.1,100,3,63187225205,HPCC
2001890513,2,0.2,10000,0.1,100,3,61403986798,HPCC
2001891818,3,0.3,10000,0.1,100,3,65336907709,HPCC
2001893558,2,0.2,10000,0.1,100,3,45412850194,HPCC
2001894863,3,0.3,10000,0.1,100,3,53310544833,HPCC
2001895950,3,0.3,10000,0.1,100,3,53372316718,HPCC
2001896501,2,0.2,10000,0.1,100,3,54960266145,HPCC
2001898083,3,0.3,10000,0.1,100,3,66277704206,HPCC
2001900138,2,0.2,10000,0.1,100,3,59968138223,HPCC
2001901681,3,0.3,10000,0.1,100,3,86476527255,HPCC
2001903313,2,0.2,10000,0.1,100,3,75806976895,HPCC
2001904531,3,0.3,10000,0.1,100,3,75939859450,HPCC
2001906097,2,0.2,10000,0.1,100,3,77880083168,HPCC
2001906880,3,0.3,10000,0.1,100,3,75926253926,HPCC
2001909403,3,0.3,10000,0.1,100,3,71667182770,HPCC
2001909838,2,0.2,10000,0.1,100,3,68511899935,HPCC
2001911866,3,0.3,10000,0.1,100,3,71347412201,HPCC
2001911969,2,0.2,10000,0.1,100,3,62832170293,HPCC
2001914438,3,0.3,10000,0.1,100,3,97069255138,HPCC
2001917152,3,0.3,10000,0.1,100,3,100000000000,HPCC
2001919427,3,0.3,10000,0.1,100,3,100000000000,HPCC
2001920851,3,0.3,10000,0.1,100,3,100000000000,HPCC
2001922384,3,0.3,10000,0.1,100,3,100000000000,HPCC
2001924572,3,0.3,10000,0.1,100,3,100000000000,HPCC
2001925996,3,0.3,10000,0.1,100,3,100000000000,HPCC
2001927529,3,0.3,10000,0.1,100,3,100000000000,HPCC
2001929717,3,0.3,10000,0.1,100,3,100000000000,HPCC
2001931141,3,0.3,10000,0.1,100,3,100000000000,HPCC
2001932674,3,0.3,10000,0.1,100,3,100000000000,HPCC
2001934862,3,0.3,10000,0.1,100,3,100000000000,HPCC
2001936286,3,0.3,10000,0.1,100,3,100000000000,HPCC
2001937819,3,0.3,10000,0.1,100,3,100000000000,HPCC
2001940007,3,0.3,10000,0.1,100,3,100000000000,HPCC
2001941431,3,0.3,10000,0.1,100,3,100000000000,HPCC
2001942964,3,0.3,10000,0.1,100,3,100000000000,HPCC
2001945152,3,0.3,10000,0.1,100,3,100000000000,HPCC
2001946576,3,0.3,10000,0.1,100,3,100000000000,HPCC
2001948109,3,0.3,10000,0.1,100,3,100000000000,HPCC
2001950297,3,0.3,10000,0.1,100,3,100000000000,HPCC
2001951721,3,0.3,10000,0.1,100,3,100000000000,HPCC
2001953254,3,0.3,10000,0.1,100,3,100000000000,HPCC
2001955442,3,0.3,10000,0.1,100,3,100000000000,HPCC
2001956866,3,0.3,10000,0.1,100,3,100000000000,HPCC
2001958399,3,0.3,10000,0.1,100,3,100000000000,HPCC
2001960587,3,0.3,10000,0.1,100,3,100000000000,HPCC
2001962011,3,0.3,10000,0.1,100,3,100000000000,HPCC
2001963544,3,0.3,10000,0.1,100,3,100000000000,HPCC
2001965732,3,0.3,10000,0.1,100,3,100000000000,HPCC
2001967156,3,0.3,10000,0.1,100,3,100000000000,HPCC
2001968689,3,0.3,10000,0.1,100,3,100000000000,HPCC
2001970877,3,0.3,10000,0.1,100,3,100000000000,HPCC
2001972301,3,0.3,10000,0.1,100,3,100000000000,HPCC
2001973834,3,0.3,10000,0.1,100,3,100000000000,HPCC
2001976022,3,0.3,10000,0.1,100,3,100000000000,HPCC
2001977750,3,0.3,10000,0.1,100,3,100000000000,HPCC
2000005419,2,0.2,10000,0.1,100,3,100000000000,DCQCN
2000006747,2,0.2,10000,0.1,100,3,100000000000,DCQCN
2000008075,2,0.2,10000,0.1,100,3,100000000000,DCQCN
2000009407,2,0.2,10000,0.1,100,3,100000000000,DCQCN
2000010838,2,0.2,10000,0.1,100,3,100000000000,DCQCN
2000012166,2,0.2,10000,0.1,100,3,100000000000,DCQCN
2000013494,2,0.2,10000,0.1,100,3,100000000000,DCQCN
2000014830,2,0.2,10000,0.1,100,3,100000000000,DCQCN
2000016257,2,0.2,10000,0.1,100,3,100000000000,DCQCN
2000017585,2,0.2,10000,0.1,100,3,100000000000,DCQCN
2000018913,2,0.2,10000,0.1,100,3,100000000000,DCQCN
2000020253,2,0.2,10000,0.1,100,3,100000000000,DCQCN
2000021676,2,0.2,10000,0.1,100,3,100000000000,DCQCN
2000023004,2,0.2,10000,0.1,100,3,100000000000,DCQCN
2000024332,2,0.2,10000,0.1,100,3,100000000000,DCQCN
2000025676,2,0.2,10000,0.1,100,3,100000000000,DCQCN
2000027095,2,0.2,10000,0.1,100,3,100000000000,DCQCN
2000028423,2,0.2,10000,0.1,100,3,100000000000,DCQCN
2000029751,2,0.2,10000,0.1,100,3,100000000000,DCQCN
2000031099,2,0.2,10000,0.1,100,3,100000000000,DCQCN
2000032514,2,0.2,10000,0.1,100,3,100000000000,DCQCN
2000033842,2,0.2,10000,0.1,100,3,100000000000,DCQCN
2000035170,2,0.2,10000,0.1,100,3,100000000000,DCQCN
2000036522,2,0.2,10000,0.1,100,3,100000000000,DCQCN
2000037933,2,0.2,10000,0.1,100,3,100000000000,DCQCN
2000039261,2,0.2,10000,0.1,100,3,100000000000,DCQCN
2000040589,2,0.2,10000,0.1,100,3,100000000000,DCQCN
2000041945,2,0.2,10000,0.1,100,3,100000000000,DCQCN
2000043352,2,0.2,10000,0.1,100,3,100000000000,DCQCN
2000044680,2,0.2,10000,0.1,100,3,100000000000,DCQCN
2000046008,2,0.2,10000,0.1,100,3,100000000000,DCQCN
2000047368,2,0.2,10000,0.1,100,3,100000000000,DCQCN
2000048771,2,0.2,10000,0.1,100,3,100000000000,DCQCN
2000050099,2,0.2,10000,0.1,100,3,100000000000,DCQCN
2000051427,2,0.2,10000,0.1,100,3,100000000000,DCQCN
2000052791,2,0.2,10000,0.1,100,3,100000000000,DCQCN
2000054190,2,0.2,10000,0.1,100,3,100000000000,DCQCN
2000055518,2,0.2,10000,0.1,100,3,100000000000,DCQCN
2000056846,2,0.2,10000,0.1,100,3,100000000000,DCQCN
2000058214,2,0.2,10000,0.1,100,3,100000000000,DCQCN
2000059609,2,0.2,10000,0.1,100,3,100000000000,DCQCN
2000060937,2,0.2,10000,0.1,100,3,100000000000,DCQCN
2000062265,2,0.2,10000,0.1,100,3,100000000000,DCQCN
2000063637,2,0.2,10000,0.1,100,3,100000000000,DCQCN
2000065028,2,0.2,10000,0.1,100,3,100000000000,DCQCN
2000066356,2,0.2,10000,0.1,100,3,100000000000,DCQCN
2000067684,2,0.2,10000,0.1,100,3,100000000000,DCQCN
2000069060,2,0.2,10000,0.1,100,3,100000000000,DCQCN
2000070447,2,0.2,10000,0.1,100,3,100000000000,DCQCN
2000071775,2,0.2,10000,0.1,100,3,100000000000,DCQCN
2000073103,2,0.2,10000,0.1,100,3,100000000000,DCQCN
2000074483,2,0.2,10000,0.1,100,3,100000000000,DCQCN
2000075866,2,0.2,10000,0.1,100,3,100000000000,DCQCN
2000077194,2,0.2,10000,0.1,100,3,100000000000,DCQCN
2000078522,2,0.2,10000,0.1,100,3,100000000000,DCQCN
2000079906,2,0.2,10000,0.1,100,3,100000000000,DCQCN
2000081285,2,0.2,10000,0.1,100,3,100000000000,DCQCN
2000082613,2,0.2,10000,0.1,100,3,100000000000,DCQCN
2000083941,2,0.2,10000,0.1,100,3,100000000000,DCQCN
2000085329,2,0.2,10000,0.1,100,3,100000000000,DCQCN
2000086704,2,0.2,10000,0.1,100,3,100000000000,DCQCN
2000088032,2,0.2,10000,0.1,100,3,100000000000,DCQCN
2000089360,2,0.2,10000,0.1,100,3,100000000000,DCQCN
2000090752,2,0.2,10000,0.1,100,3,100000000000,DCQCN
2000092123,2,0.2,10000,0.1,100,3,100000000000,DCQCN
2000093451,2,0.2,10000,0.1,100,3,100000000000,DCQCN
2000094779,2,0.2,10000,0.1,100,3,100000000000,DCQCN
2000096175,2,0.2,10000,0.1,100,3,100000000000,DCQCN
2000097542,2,0.2,10000,0.1,100,3,100000000000,DCQCN
2000098870,2,0.2,10000,0.1,100,3,100000000000,DCQCN
2000100198,2,0.2,10000,0.1,100,3,100000000000,DCQCN
2000101598,2,0.2,10000,0.1,100,3,100000000000,DCQCN
2000102961,2,0.2,10000,0.1,100,3,100000000000,DCQCN
2000104787,2,0.2,10000,0.1,100,3,100000000000,DCQCN
2000109186,3,0.3,10000,0.1,100,3,100000000000,DCQCN
2000109269,4,0.4,10000,0.1,100,3,100000000000,DCQCN
2000109352,5,0.5,10000,0.1,100,3,100000000000,DCQCN
2000110099,2,0.2,10000,0.1,100,3,100000000000,DCQCN
2000112676,2,0.2,10000,0.1,100,3,100000000000,DCQCN
2000113751,3,0.3,10000,0.1,100,3,100000000000,DCQCN
2000113834,4,0.4,10000,0.1,100,3,100000000000,DCQCN
2000113917,5,0.5,10000,0.1,100,3,100000000000,DCQCN
2000118731,3,0.3,10000,0.1,100,3,100000000000,DCQCN
2000118814,4,0.4,10000,0.1,100,3,100000000000,DCQCN
2000118897,5,0.5,10000,0.1,100,3,100000000000,DCQCN
2000119976,2,0.2,10000,0.1,100,3,100000000000,DCQCN
2000121059,3,0.3,10000,0.1,100,3,100000000000,DCQCN
2000121142,4,0.4,10000,0.1,100,3,100000000000,DCQCN
2000121225,5,0.5,10000,0.1,100,3,100000000000,DCQCN
2000121553,2,0.2,10000,0.1,100,3,100000000000,DCQCN
2000125703,3,0.3,10000,0.1,100,3,100000000000,DCQCN
2000125952,4,0.4,10000,0.1,100,3,100000000000,DCQCN
2000126118,5,0.5,10000,0.1,100,3,100000000000,DCQCN
2000126865,2,0.2,10000,0.1,100,3,100000000000,DCQCN
2000128197,2,0.2,10000,0.1,100,3,100000000000,DCQCN
2000130932,3,0.3,10000,0.1,100,3,100000000000,DCQCN
2000131098,4,0.4,10000,0.1,100,3,100000000000,DCQCN
2000131181,5,0.5,10000,0.1,100,3,100000000000,DCQCN
2000134999,3,0.3,10000,0.1,100,3,100000000000,DCQCN
2000135248,4,0.4,10000,0.1,100,3,100000000000,DCQCN
2000135414,5,0.5,10000,0.1,100,3,100000000000,DCQCN
2000136742,2,0.2,10000,0.1,100,3,100000000000,DCQCN
2000138240,3,0.3,10000,0.1,100,3,100000000000,DCQCN
2000138406,4,0.4,10000,0.1,100,3,100000000000,DCQCN
2000138489,5,0.5,10000,0.1,100,3,100000000000,DCQCN
2000138817,2,0.2,10000,0.1,100,3,100000000000,DCQCN
2000142303,3,0.3,10000,0.1,100,3,100000000000,DCQCN
2000143050,4,0.4,10000,0.1,100,3,100000000000,DCQCN
2000143382,5,0.5,10000,0.1,100,3,100000000000,DCQCN
2000144129,2,0.2,10000,0.1,100,3,100000000000,DCQCN
2000145461,2,0.2,10000,0.1,100,3,100000000000,DCQCN
2000148030,3,0.3,10000,0.1,100,3,100000000000,DCQCN
2000148362,4,0.4,10000,0.1,100,3,100000000000,DCQCN
2000148445,5,0.5,10000,0.1,100,3,100000000000,DCQCN
2000151765,3,0.3,10000,0.1,100,3,100000000000,DCQCN
2000152263,4,0.4,10000,0.1,100,3,100000000000,DCQCN
2000152429,5,0.5,10000,0.1,100,3,100000000000,DCQCN
2000153757,2,0.2,10000,0.1,100,3,100000000000,DCQCN
2000155338,3,0.3,10000,0.1,100,3,100000000000,DCQCN
2000155670,4,0.4,10000,0.1,100,3,100000000000,DCQCN
2000155753,5,0.5,10000,0.1,100,3,100000000000,DCQCN
2000156081,2,0.2,10000,0.1,100,3,100000000000,DCQCN
2000158239,3,0.3,10000,0.1,100,3,100000000000,DCQCN
2000159982,4,0.4,10000,0.1,100,3,100000000000,DCQCN
2000160646,5,0.5,10000,0.1,100,3,100000000000,DCQCN
2000161393,2,0.2,10000,0.1,100,3,100000000000,DCQCN
2000162725,2,0.2,10000,0.1,100,3,100000000000,DCQCN
2000164962,3,0.3,10000,0.1,100,3,100000000000,DCQCN
2000165626,4,0.4,10000,0.1,100,3,100000000000,DCQCN
2000165709,5,0.5,10000,0.1,100,3,100000000000,DCQCN
2000168531,3,0.3,10000,0.1,100,3,100000000000,DCQCN
2000169527,4,0.4,10000,0.1,100,3,100000000000,DCQCN
2000169693,5,0.5,10000,0.1,100,3,100000000000,DCQCN
2000171021,2,0.2,10000,0.1,100,3,100000000000,DCQCN
2000172353,3,0.3,10000,0.1,100,3,100000000000,DCQCN
2000172934,4,0.4,10000,0.1,100,3,100000000000,DCQCN
2000173017,5,0.5,10000,0.1,100,3,100000000000,DCQCN
2000173345,2,0.2,10000,0.1,100,3,100000000000,DCQCN
2000174673,3,0.3,10000,0.1,100,3,100000000000,DCQCN
2000176665,4,0.4,10000,0.1,100,3,100000000000,DCQCN
2000177910,5,0.5,10000,0.1,100,3,100000000000,DCQCN
2000178657,2,0.2,10000,0.1,100,3,100000000000,DCQCN
2000179989,2,0.2,10000,0.1,100,3,100000000000,DCQCN
2000181562,3,0.3,10000,0.1,100,3,100000000000,DCQCN
2000182890,4,0.4,10000,0.1,100,3,100000000000,DCQCN
2000182973,5,0.5,10000,0.1,100,3,100000000000,DCQCN
2000184799,3,0.3,10000,0.1,100,3,100000000000,DCQCN
2000186791,4,0.4,10000,0.1,100,3,100000000000,DCQCN
2000186957,5,0.5,10000,0.1,100,3,100000000000,DCQCN
2000188285,2,0.2,10000,0.1,100,3,100000000000,DCQCN
2000189617,3,0.3,10000,0.1,100,3,100000000000,DCQCN
2000190198,4,0.4,10000,0.1,100,3,100000000000,DCQCN
2000190281,5,0.5,10000,0.1,100,3,100000000000,DCQCN
2000190609,2,0.2,10000,0.1,100,3,100000000000,DCQCN
2000191937,3,0.3,10000,0.1,100,3,100000000000,DCQCN
2000193348,4,0.4,10000,0.1,100,3,100000000000,DCQCN
2000195174,5,0.5,10000,0.1,100,3,100000000000,DCQCN
2000195921,2,0.2,10000,0.1,100,3,100000000000,DCQCN
2000197253,2,0.2,10000,0.1,100,3,100000000000,DCQCN
2000197581,3,0.3,10000,0.1,100,3,100000000000,DCQCN
2000200154,4,0.4,10000,0.1,100,3,100000000000,DCQCN
2000200237,5,0.5,10000,0.1,100,3,100000000000,DCQCN
2000201565,3,0.3,10000,0.1,100,3,100000000000,DCQCN
2000204055,4,0.4,10000,0.1,100,3,100000000000,DCQCN
2000204221,5,0.5,10000,0.1,100,3,100000000000,DCQCN
2000205549,2,0.2,10000,0.1,100,3,100000000000,DCQCN
2000206881,3,0.3,10000,0.1,100,3,100000000000,DCQCN
2000207462,4,0.4,10000,0.1,100,3,100000000000,DCQCN
2000207545,5,0.5,10000,0.1,100,3,100000000000,DCQCN
2000207873,2,0.2,10000,0.1,100,3,100000000000,DCQCN
2000209201,3,0.3,10000,0.1,100,3,100000000000,DCQCN
2000210529,4,0.4,10000,0.1,100,3,100000000000,DCQCN
2000212438,5,0.5,10000,0.1,100,3,100000000000,DCQCN
2000213185,2,0.2,10000,0.1,100,3,100000000000,DCQCN
2000214517,2,0.2,10000,0.1,100,3,100000000000,DCQCN
2000214845,3,0.3,10000,0.1,100,3,100000000000,DCQCN
2000217418,4,0.4,10000,0.1,100,3,100000000000,DCQCN
2000217501,5,0.5,10000,0.1,100,3,100000000000,DCQCN
2000218829,3,0.3,10000,0.1,100,3,100000000000,DCQCN
2000221319,4,0.4,10000,0.1,100,3,100000000000,DCQCN
2000221485,5,0.5,10000,0.1,100,3,100000000000,DCQCN
2000222813,2,0.2,10000,0.1,100,3,100000000000,DCQCN
2000224145,3,0.3,10000,0.1,100,3,100000000000,DCQCN
2000224726,4,0.4,10000,0.1,100,3,100000000000,DCQCN
2000224809,5,0.5,10000,0.1,100,3,100000000000,DCQCN
2000225137,2,0.2,10000,0.1,100,3,100000000000,DCQCN
2000226465,3,0.3,10000,0.1,100,3,100000000000,DCQCN
2000227793,4,0.4,10000,0.1,100,3,100000000000,DCQCN
2000229702,5,0.5,10000,0.1,100,3,100000000000,DCQCN
2000230449,2,0.2,10000,0.1,100,3,100000000000,DCQCN
2000231781,2,0.2,10000,0.1,100,3,100000000000,DCQCN
2000232109,3,0.3,10000,0.1,100,3,100000000000,DCQCN
2000234682,4,0.4,10000,0.1,100,3,100000000000,DCQCN
2000234765,5,0.5,10000,0.1,100,3,100000000000,DCQCN
2000236093,3,0.3,10000,0.1,100,3,100000000000,DCQCN
2000238583,4,0.4,10000,0.1,100,3,100000000000,DCQCN
2000238749,5,0.5,10000,0.1,100,3,100000000000,DCQCN
2000240077,2,0.2,10000,0.1,100,3,100000000000,DCQCN
2000241409,3,0.3,10000,0.1,100,3,100000000000,DCQCN
2000241990,4,0.4,10000,0.1,100,3,100000000000,DCQCN
2000242073,5,0.5,10000,0.1,100,3,100000000000,DCQCN
2000242401,2,0.2,10000,0.1,100,3,100000000000,DCQCN
2000243729,3,0.3,10000,0.1,100,3,100000000000,DCQCN
2000245057,4,0.4,10000,0.1,100,3,100000000000,DCQCN
2000246966,5,0.5,10000,0.1,100,3,100000000000,DCQCN
2000247713,2,0.2,10000,0.1,100,3,100000000000,DCQCN
2000249045,2,0.2,10000,0.1,100,3,100000000000,DCQCN
2000249373,3,0.3,10000,0.1,100,3,100000000000,DCQCN
2000251946,4,0.4,10000,0.1,100,3,100000000000,DCQCN
2000252029,5,0.5,10000,0.1,100,3,100000000000,DCQCN
2000253357,3,0.3,10000,0.1,100,3,100000000000,DCQCN
2000255847,4,0.4,10000,0.1,100,3,100000000000,DCQCN
2000256013,5,0.5,10000,0.1,100,3,100000000000,DCQCN
2000257341,2,0.2,10000,0.1,100,3,100000000000,DCQCN
2000258673,3,0.3,10000,0.1,100,3,100000000000,DCQCN
2000259254,4,0.4,10000,0.1,100,3,100000000000,DCQCN
2000259337,5,0.5,10000,0.1,100,3,100000000000,DCQCN
2000259665,2,0.2,10000,0.1,100,3,100000000000,DCQCN
2000260993,3,0.3,10000,0.1,100,3,100000000000,DCQCN
2000262321,4,0.4,10000,0.1,100,3,100000000000,DCQCN
2000264230,5,0.5,10000,0.1,100,3,100000000000,DCQCN
2000264977,2,0.2,10000,0.1,100,3,100000000000,DCQCN
2000266309,2,0.2,10000,0.1,100,3,100000000000,DCQCN
2000266637,3,0.3,10000,0.1,100,3,100000000000,DCQCN
2000269210,4,0.4,10000,0.1,100,3,100000000000,DCQCN
2000269293,5,0.5,10000,0.1,100,3,100000000000,DCQCN
2000270621,3,0.3,10000,0.1,100,3,100000000000,DCQCN
2000273111,4,0.4,10000,0.1,100,3,100000000000,DCQCN
2000273277,5,0.5,10000,0.1,100,3,100000000000,DCQCN
2000274605,2,0.2,10000,0.1,100,3,100000000000,DCQCN
2000275937,3,0.3,10000,0.1,100,3,100000000000,DCQCN
2000276518,4,0.4,10000,0.1,100,3,100000000000,DCQCN
2000276601,5,0.5,10000,0.1,100,3,100000000000,DCQCN
2000276929,2,0.2,10000,0.1,100,3,100000000000,DCQCN
2000278257,3,0.3,10000,0.1,100,3,100000000000,DCQCN
2000279585,4,0.4,10000,0.1,100,3,100000000000,DCQCN
2000281494,5,0.5,10000,0.1,100,3,100000000000,DCQCN
2000282241,2,0.2,10000,0.1,100,3,100000000000,DCQCN
2000283573,2,0.2,10000,0.1,100,3,100000000000,DCQCN
2000283901,3,0.3,10000,0.1,100,3,100000000000,DCQCN
2000286474,4,0.4,10000,0.1,100,3,100000000000,DCQCN
2000286557,5,0.5,10000,0.1,100,3,100000000000,DCQCN
2000287885,3,0.3,10000,0.1,100,3,100000000000,DCQCN
2000290375,4,0.4,10000,0.1,100,3,100000000000,DCQCN
2000290541,5,0.5,10000,0.1,100,3,100000000000,DCQCN
2000291869,2,0.2,10000,0.1,100,3,100000000000,DCQCN
2000293201,3,0.3,10000,0.1,100,3,100000000000,DCQCN
2000293782,4,0.4,10000,0.1,100,3,100000000000,DCQCN
2000293865,5,0.5,10000,0.1,100,3,100000000000,DCQCN
2000294193,2,0.2,10000,0.1,100,3,100000000000,DCQCN
2000295521,3,0.3,10000,0.1,100,3,100000000000,DCQCN
2000296849,4,0.4,10000,0.1,100,3,100000000000,DCQCN
2000298758,5,0.5,10000,0.1,100,3,100000000000,DCQCN
2000299505,2,0.2,10000,0.1,100,3,100000000000,DCQCN
2000300837,2,0.2,10000,0.1,100,3,100000000000,DCQCN
2000301165,3,0.3,10000,0.1,100,3,100000000000,DCQCN
2000303738,4,0.4,10000,0.1,100,3,100000000000,DCQCN
2000303821,5,0.5,10000,0.1,100,3,100000000000,DCQCN
2000305149,3,0.3,10000,0.1,100,3,100000000000,DCQCN
2000307639,4,0.4,10000,0.1,100,3,100000000000,DCQCN
2000307805,5,0.5,10000,0.1,100,3,100000000000,DCQCN
2000309133,2,0.2,10000,0.1,100,3,100000000000,DCQCN
2000310465,3,0.3,10000,0.1,100,3,100000000000,DCQCN
2000311046,4,0.4,10000,0.1,100,3,100000000000,DCQCN
2000311129,5,0.5,10000,0.1,100,3,100000000000,DCQCN
2000311457,2,0.2,10000,0.1,100,3,100000000000,DCQCN
2000312785,3,0.3,10000,0.1,100,3,100000000000,DCQCN
2000314113,4,0.4,10000,0.1,100,3,100000000000,DCQCN
2000316022,5,0.5,10000,0.1,100,3,100000000000,DCQCN
2000316769,2,0.2,10000,0.1,100,3,100000000000,DCQCN
2000318101,2,0.2,10000,0.1,100,3,100000000000,DCQCN
2000318429,3,0.3,10000,0.1,100,3,100000000000,DCQCN
2000321002,4,0.4,10000,0.1,100,3,100000000000,DCQCN
2000321085,5,0.5,10000,0.1,100,3,100000000000,DCQCN
2000322413,3,0.3,10000,0.1,100,3,100000000000,DCQCN
2000324903,4,0.4,10000,0.1,100,3,100000000000,DCQCN
2000325069,5,0.5,10000,0.1,100,3,100000000000,DCQCN
2000326397,2,0.2,10000,0.1,100,3,100000000000,DCQCN
2000327729,3,0.3,10000,0.1,100,3,100000000000,DCQCN
2000328310,4,0.4,10000,0.1,100,3,100000000000,DCQCN
2000328393,5,0.5,10000,0.1,100,3,100000000000,DCQCN
2000328721,2,0.2,10000,0.1,100,3,100000000000,DCQCN
2000330049,3,0.3,10000,0.1,100,3,100000000000,DCQCN
2000331377,4,0.4,10000,0.1,100,3,100000000000,DCQCN
2000333286,5,0.5,10000,0.1,100,3,100000000000,DCQCN
2000334033,2,0.2,10000,0.1,100,3,100000000000,DCQCN
2000335365,2,0.2,10000,0.1,100,3,100000000000,DCQCN
2000335693,3,0.3,10000,0.1,100,3,100000000000,DCQCN
2000338266,4,0.4,10000,0.1,100,3,100000000000,DCQCN
2000338349,5,0.5,10000,0.1,100,3,100000000000,DCQCN
2000339677,3,0.3,10000,0.1,100,3,100000000000,DCQCN
2000342167,4,0.4,10000,0.1,100,3,100000000000,DCQCN
2000342333,5,0.5,10000,0.1,100,3,100000000000,DCQCN
2000343661,2,0.2,10000,0.1,100,3,100000000000,DCQCN
2000344993,3,0.3,10000,0.1,100,3,100000000000,DCQCN
2000345574,4,0.4,10000,0.1,100,3,100000000000,DCQCN
2000345657,5,0.5,10000,0.1,100,3,100000000000,DCQCN
2000345985,2,0.2,10000,0.1,100,3,100000000000,DCQCN
2000347313,3,0.3,10000,0.1,100,3,100000000000,DCQCN
2000348641,4,0.4,10000,0.1,100,3,100000000000,DCQCN
2000350550,5,0.5,10000,0.1,100,3,100000000000,DCQCN
2000351297,2,0.2,10000,0.1,100,3,100000000000,DCQCN
2000352629,2,0.2,10000,0.1,100,3,100000000000,DCQCN
2000352957,3,0.3,10000,0.1,100,3,100000000000,DCQCN
2000355530,4,0.4,10000,0.1,100,3,100000000000,DCQCN
2000355613,5,0.5,10000,0.1,100,3,100000000000,DCQCN
2000356941,3,0.3,10000,0.1,100,3,100000000000,DCQCN
2000359431,4,0.4,10000,0.1,100,3,100000000000,DCQCN
2000359597,5,0.5,10000,0.1,100,3,100000000000,DCQCN
2000360925,2,0.2,10000,0.1,100,3,100000000000,DCQCN
2000362257,3,0.3,10000,0.1,100,3,100000000000,DCQCN
2000362838,4,0.4,10000,0.1,100,3,100000000000,DCQCN
2000362921,5,0.5,10000,0.1,100,3,100000000000,DCQCN
2000363249,2,0.2,10000,0.1,100,3,100000000000,DCQCN
2000364577,3,0.3,10000,0.1,100,3,100000000000,DCQCN
2000365905,4,0.4,10000,0.1,100,3,100000000000,DCQCN
2000367814,5,0.5,10000,0.1,100,3,100000000000,DCQCN
2000368561,2,0.2,10000,0.1,100,3,100000000000,DCQCN
2000369893,2,0.2,10000,0.1,100,3,100000000000,DCQCN
2000370221,3,0.3,10000,0.1,100,3,100000000000,DCQCN
2000372794,4,0.4,10000,0.1,100,3,100000000000,DCQCN
2000372877,5,0.5,10000,0.1,100,3,100000000000,DCQCN
2000374205,3,0.3,10000,0.1,100,3,100000000000,DCQCN
2000376695,4,0.4,10000,0.1,100,3,100000000000,DCQCN
2000376861,5,0.5,10000,0.1,100,3,100000000000,DCQCN
2000378189,2,0.2,10000,0.1,100,3,100000000000,DCQCN
2000379521,3,0.3,10000,0.1,100,3,100000000000,DCQCN
2000380102,4,0.4,10000,0.1,100,3,100000000000,DCQCN
2000380185,5,0.5,10000,0.1,100,3,100000000000,DCQCN
2000380513,2,0.2,10000,0.1,100,3,100000000000,DCQCN
2000381841,3,0.3,10000,0.1,100,3,100000000000,DCQCN
2000383169,4,0.4,10000,0.1,100,3,100000000000,DCQCN
2000385078,5,0.5,10000,0.1,100,3,100000000000,DCQCN
2000385825,2,0.2,10000,0.1,100,3,100000000000,DCQCN
2000387157,2,0.2,10000,0.1,100,3,100000000000,DCQCN
2000387485,3,0.3,10000,0.1,100,3,100000000000,DCQCN
2000390058,4,0.4,10000,0.1,100,3,100000000000,DCQCN
2000390141,5,0.5,10000,0.1,100,3,100000000000,DCQCN
2000391469,3,0.3,10000,0.1,100,3,100000000000,DCQCN
2000393959,4,0.4,10000,0.1,100,3,100000000000,DCQCN
2000394125,5,0.5,10000,0.1,100,3,100000000000,DCQCN
2000395453,2,0.2,10000,0.1,100,3,100000000000,DCQCN
2000396785,3,0.3,10000,0.1,100,3,100000000000,DCQCN
2000397366,4,0.4,10000,0.1,100,3,100000000000,DCQCN
2000397449,5,0.5,10000,0.1,100,3,100000000000,DCQCN
2000397777,2,0.2,10000,0.1,100,3,100000000000,DCQCN
2000399105,3,0.3,10000,0.1,100,3,100000000000,DCQCN
2000400433,4,0.4,10000,0.1,100,3,100000000000,DCQCN
2000402342,5,0.5,10000,0.1,100,3,100000000000,DCQCN
2000403089,2,0.2,10000,0.1,100,3,100000000000,DCQCN
2000404421,2,0.2,10000,0.1,100,3,100000000000,DCQCN
2000404749,3,0.3,10000,0.1,100,3,100000000000,DCQCN
2000407322,4,0.4,10000,0.1,100,3,100000000000,DCQCN
2000407405,5,0.5,10000,0.1,100,3,100000000000,DCQCN
2000408733,3,0.3,10000,0.1,100,3,100000000000,DCQCN
2000411223,4,0.4,10000,0.1,100,3,100000000000,DCQCN
2000411389,5,0.5,10000,0.1,100,3,100000000000,DCQCN
2000412717,2,0.2,10000,0.1,100,3,100000000000,DCQCN
2000414049,3,0.3,10000,0.1,100,3,100000000000,DCQCN
2000414630,4,0.4,10000,0.1,100,3,100000000000,DCQCN
2000414713,5,0.5,10000,0.1,100,3,100000000000,DCQCN
2000415041,2,0.2,10000,0.1,100,3,100000000000,DCQCN
2000416369,3,0.3,10000,0.1,100,3,100000000000,DCQCN
2000417697,4,0.4,10000,0.1,100,3,100000000000,DCQCN
2000419606,5,0.5,10000,0.1,100,3,100000000000,DCQCN
2000420353,2,0.2,10000,0.1,100,3,100000000000,DCQCN
2000421685,2,0.2,10000,0.1,100,3,100000000000,DCQCN
2000422013,3,0.3,10000,0.1,100,3,100000000000,DCQCN
2000424586,4,0.4,10000,0.1,100,3,100000000000,DCQCN
2000424669,5,0.5,10000,0.1,100,3,100000000000,DCQCN
2000425997,3,0.3,10000,0.1,100,3,100000000000,DCQCN
2000428487,4,0.4,10000,0.1,100,3,100000000000,DCQCN
2000428653,5,0.5,10000,0.1,100,3,100000000000,DCQCN
2000429981,2,0.2,10000,0.1,100,3,100000000000,DCQCN
2000431313,3,0.3,10000,0.1,100,3,100000000000,DCQCN
2000431894,4,0.4,10000,0.1,100,3,100000000000,DCQCN
2000431977,5,0.5,10000,0.1,100,3,100000000000,DCQCN
2000432305,2,0.2,10000,0.1,100,3,100000000000,DCQCN
2000433633,3,0.3,10000,0.1,100,3,100000000000,DCQCN
2000434961,4,0.4,10000,0.1,100,3,100000000000,DCQCN
2000436870,5,0.5,10000,0.1,100,3,100000000000,DCQCN
2000437617,2,0.2,10000,0.1,100,3,100000000000,DCQCN
2000438949,2,0.2,10000,0.1,100,3,100000000000,DCQCN
2000439277,3,0.3,10000,0.1,100,3,100000000000,DCQCN
2000441850,4,0.4,10000,0.1,100,3,100000000000,DCQCN
2000441933,5,0.5,10000,0.1,100,3,100000000000,DCQCN
2000443261,3,0.3,10000,0.1,100,3,100000000000,DCQCN
2000445751,4,0.4,10000,0.1,100,3,100000000000,DCQCN
2000445917,5,0.5,10000,0.1,100,3,100000000000,DCQCN
2000447245,2,0.2,10000,0.1,100,3,100000000000,DCQCN
2000448577,3,0.3,10000,0.1,100,3,100000000000,DCQCN
2000449158,4,0.4,10000,0.1,100,3,100000000000,DCQCN
2000449241,5,0.5,10000,0.1,100,3,100000000000,DCQCN
2000449569,2,0.2,10000,0.1,100,3,100000000000,DCQCN
2000450897,3,0.3,10000,0.1,100,3,100000000000,DCQCN
2000452225,4,0.4,10000,0.1,100,3,100000000000,DCQCN
2000454134,5,0.5,10000,0.1,100,3,100000000000,DCQCN
2000454881,2,0.2,10000,0.1,100,3,100000000000,DCQCN
2000456213,2,0.2,10000,0.1,100,3,100000000000,DCQCN
2000456541,3,0.3,10000,0.1,100,3,100000000000,DCQCN
2000459114,4,0.4,10000,0.1,100,3,100000000000,DCQCN
2000459197,5,0.5,10000,0.1,100,3,100000000000,DCQCN
2000460525,3,0.3,10000,0.1,100,3,100000000000,DCQCN
2000463015,4,0.4,10000,0.1,100,3,100000000000,DCQCN
2000463181,5,0.5,10000,0.1,100,3,100000000000,DCQCN
2000464509,2,0.2,10000,0.1,100,3,100000000000,DCQCN
2000465841,3,0.3,10000,0.1,100,3,100000000000,DCQCN
2000466422,4,0.4,10000,0.1,100,3,100000000000,DCQCN
2000466505,5,0.5,10000,0.1,100,3,100000000000,DCQCN
2000466833,2,0.2,10000,0.1,100,3,100000000000,DCQCN
2000468161,3,0.3,10000,0.1,100,3,100000000000,DCQCN
2000469489,4,0.4,10000,0.1,100,3,100000000000,DCQCN
2000471398,5,0.5,10000,0.1,100,3,100000000000,DCQCN
2000472145,2,0.2,10000,0.1,100,3,100000000000,DCQCN
2000473477,2,0.2,10000,0.1,100,3,100000000000,DCQCN
2000473805,3,0.3,10000,0.1,100,3,100000000000,DCQCN
2000476378,4,0.4,10000,0.1,100,3,100000000000,DCQCN
2000476461,5,0.5,10000,0.1,100,3,100000000000,DCQCN
2000477789,3,0.3,10000,0.1,100,3,100000000000,DCQCN
2000480279,4,0.4,10000,0.1,100,3,100000000000,DCQCN
2000480445,5,0.5,10000,0.1,100,3,100000000000,DCQCN
2000481773,2,0.2,10000,0.1,100,3,100000000000,DCQCN
2000483105,3,0.3,10000,0.1,100,3,100000000000,DCQCN
2000483686,4,0.4,10000,0.1,100,3,100000000000,DCQCN
2000483769,5,0.5,10000,0.1,100,3,100000000000,DCQCN
2000484097,2,0.2,10000,0.1,100,3,100000000000,DCQCN
2000485425,3,0.3,10000,0.1,100,3,100000000000,DCQCN
2000486753,4,0.4,10000,0.1,100,3,100000000000,DCQCN
2000488662,5,0.5,10000,0.1,100,3,100000000000,DCQCN
2000489409,2,0.2,10000,0.1,100,3,100000000000,DCQCN
2000490741,2,0.2,10000,0.1,100,3,100000000000,DCQCN
2000491069,3,0.3,10000,0.1,100,3,100000000000,DCQCN
2000493642,4,0.4,10000,0.1,100,3,100000000000,DCQCN
2000493725,5,0.5,10000,0.1,100,3,100000000000,DCQCN
2000495053,3,0.3,10000,0.1,100,3,100000000000,DCQCN
2000497543,4,0.4,10000,0.1,100,3,100000000000,DCQCN
2000497709,5,0.5,10000,0.1,100,3,100000000000,DCQCN
2000499037,2,0.2,10000,0.1,100,3,100000000000,DCQCN
2000500369,3,0.3,10000,0.1,100,3,100000000000,DCQCN
2000500950,4,0.4,10000,0.1,100,3,100000000000,DCQCN
2000501033,5,0.5,10000,0.1,100,3,100000000000,DCQCN
2000501361,2,0.2,10000,0.1,100,3,100000000000,DCQCN
2000502689,3,0.3,10000,0.1,100,3,100000000000,DCQCN
2000504017,4,0.4,10000,0.1,100,3,100000000000,DCQCN
2000505926,5,0.5,10000,0.1,100,3,100000000000,DCQCN
2000506673,2,0.2,10000,0.1,100,3,100000000000,DCQCN
2000508005,2,0.2,10000,0.1,100,3,100000000000,DCQCN
2000508333,3,0.3,10000,0.1,100,3,100000000000,DCQCN
2000510906,4,0.4,10000,0.1,100,3,100000000000,DCQCN
2000510989,5,0.5,10000,0.1,100,3,100000000000,DCQCN
2000512317,3,0.3,10000,0.1,100,3,100000000000,DCQCN
2000514807,4,0.4,10000,0.1,100,3,100000000000,DCQCN
2000514973,5,0.5,10000,0.1,100,3,100000000000,DCQCN
2000516301,2,0.2,10000,0.1,100,3,100000000000,DCQCN
2000517633,3,0.3,10000,0.1,100,3,100000000000,DCQCN
2000518214,4,0.4,10000,0.1,100,3,100000000000,DCQCN
2000518297,5,0.5,10000,0.1,100,3,100000000000,DCQCN
2000518625,2,0.2,10000,0.1,100,3,100000000000,DCQCN
2000519953,3,0.3,10000,0.1,100,3,100000000000,DCQCN
2000521281,4,0.4,10000,0.1,100,3,100000000000,DCQCN
2000523190,5,0.5,10000,0.1,100,3,100000000000,DCQCN
2000523937,2,0.2,10000,0.1,100,3,100000000000,DCQCN
2000525269,2,0.2,10000,0.1,100,3,100000000000,DCQCN
2000525597,3,0.3,10000,0.1,100,3,100000000000,DCQCN
2000528170,4,0.4,10000,0.1,100,3,100000000000,DCQCN
2000528253,5,0.5,10000,0.1,100,3,100000000000,DCQCN
2000529581,3,0.3,10000,0.1,100,3,100000000000,DCQCN
2000532071,4,0.4,10000,0.1,100,3,100000000000,DCQCN
2000532237,5,0.5,10000,0.1,100,3,100000000000,DCQCN
2000533565,2,0.2,10000,0.1,100,3,100000000000,DCQCN
2000534897,3,0.3,10000,0.1,100,3,100000000000,DCQCN
2000535478,4,0.4,10000,0.1,100,3,100000000000,DCQCN
2000535561,5,0.5,10000,0.1,100,3,100000000000,DCQCN
2000535889,2,0.2,10000,0.1,100,3,100000000000,DCQCN
2000537217,3,0.3,10000,0.1,100,3,100000000000,DCQCN
2000538545,4,0.4,10000,0.1,100,3,100000000000,DCQCN
2000540454,5,0.5,10000,0.1,100,3,100000000000,DCQCN
2000541201,2,0.2,10000,0.1,100,3,100000000000,DCQCN
2000542533,2,0.2,10000,0.1,100,3,100000000000,DCQCN
2000542861,3,0.3,10000,0.1,100,3,100000000000,DCQCN
2000545434,4,0.4,10000,0.1,100,3,100000000000,DCQCN
2000545517,5,0.5,10000,0.1,100,3,100000000000,DCQCN
2000546845,3,0.3,10000,0.1,100,3,100000000000,DCQCN
2000549335,4,0.4,10000,0.1,100,3,100000000000,DCQCN
2000549501,5,0.5,10000,0.1,100,3,100000000000,DCQCN
2000550829,2,0.2,10000,0.1,100,3,100000000000,DCQCN
2000552161,3,0.3,10000,0.1,100,3,100000000000,DCQCN
2000552742,4,0.4,10000,0.1,100,3,100000000000,DCQCN
2000552825,5,0.5,10000,0.1,100,3,100000000000,DCQCN
2000553153,2,0.2,10000,0.1,100,3,100000000000,DCQCN
2000554481,3,0.3,10000,0.1,100,3,100000000000,DCQCN
2000555809,4,0.4,10000,0.1,100,3,100000000000,DCQCN
2000557718,5,0.5,10000,0.1,100,3,100000000000,DCQCN
2000558465,2,0.2,10000,0.1,100,3,100000000000,DCQCN
2000559797,2,0.2,10000,0.1,100,3,100000000000,DCQCN
2000560125,3,0.3,10000,0.1,100,3,100000000000,DCQCN
2000562698,4,0.4,10000,0.1,100,3,100000000000,DCQCN
2000562781,5,0.5,10000,0.1,100,3,100000000000,DCQCN
2000564109,3,0.3,10000,0.1,100,3,100000000000,DCQCN
2000566599,4,0.4,10000,0.1,100,3,100000000000,DCQCN
2000566765,5,0.5,10000,0.1,100,3,100000000000,DCQCN
2000568093,2,0.2,10000,0.1,100,3,100000000000,DCQCN
2000569425,3,0.3,10000,0.1,100,3,100000000000,DCQCN
2000570006,4,0.4,10000,0.1,100,3,100000000000,DCQCN
2000570089,5,0.5,10000,0.1,100,3,100000000000,DCQCN
2000570417,2,0.2,10000,0.1,100,3,100000000000,DCQCN
2000571745,3,0.3,10000,0.1,100,3,100000000000,DCQCN
2000573073,4,0.4,10000,0.1,100,3,100000000000,DCQCN
2000574982,5,0.5,10000,0.1,100,3,100000000000,DCQCN
2000575729,2,0.2,10000,0.1,100,3,100000000000,DCQCN
2000577061,2,0.2,10000,0.1,100,3,100000000000,DCQCN
2000577389,3,0.3,10000,0.1,100,3,100000000000,DCQCN
2000579962,4,0.4,10000,0.1,100,3,100000000000,DCQCN
2000580045,5,0.5,10000,0.1,100,3,100000000000,DCQCN
2000581373,3,0.3,10000,0.1,100,3,100000000000,DCQCN
2000583863,4,0.4,10000,0.1,100,3,100000000000,DCQCN
2000584029,5,0.5,10000,0.1,100,3,100000000000,DCQCN
2000585357,2,0.2,10000,0.1,100,3,100000000000,DCQCN
2000586689,3,0.3,10000,0.1,100,3,100000000000,DCQCN
2000587270,4,0.4,10000,0.1,100,3,100000000000,DCQCN
2000587353,5,0.5,10000,0.1,100,3,100000000000,DCQCN
2000587681,2,0.2,10000,0.1,100,3,100000000000,DCQCN
2000589009,3,0.3,10000,0.1,100,3,100000000000,DCQCN
2000590337,4,0.4,10000,0.1,100,3,100000000000,DCQCN
2000592246,5,0.5,10000,0.1,100,3,100000000000,DCQCN
2000592993,2,0.2,10000,0.1,100,3,100000000000,DCQCN
2000594325,2,0.2,10000,0.1,100,3,100000000000,DCQCN
2000594653,3,0.3,10000,0.1,100,3,100000000000,DCQCN
2000597226,4,0.4,10000,0.1,100,3,100000000000,DCQCN
2000597309,5,0.5,10000,0.1,100,3,100000000000,DCQCN
2000598637,3,0.3,10000,0.1,100,3,100000000000,DCQCN
2000601127,4,0.4,10000,0.1,100,3,100000000000,DCQCN
2000601293,5,0.5,10000,0.1,100,3,100000000000,DCQCN
2000602621,2,0.2,10000,0.1,100,3,100000000000,DCQCN
2000603953,3,0.3,10000,0.1,100,3,100000000000,DCQCN
2000604534,4,0.4,10000,0.1,100,3,100000000000,DCQCN
2000604617,5,0.5,10000,0.1,100,3,100000000000,DCQCN
2000604945,2,0.2,10000,0.1,100,3,100000000000,DCQCN
2000606273,3,0.3,10000,0.1,100,3,100000000000,DCQCN
2000607601,4,0.4,10000,0.1,100,3,100000000000,DCQCN
2000609510,5,0.5,10000,0.1,100,3,100000000000,DCQCN
2000610257,2,0.2,10000,0.1,100,3,100000000000,DCQCN
2000611589,2,0.2,10000,0.1,100,3,100000000000,DCQCN
2000611917,3,0.3,10000,0.1,100,3,100000000000,DCQCN
2000614490,4,0.4,10000,0.1,100,3,100000000000,DCQCN
2000614573,5,0.5,10000,0.1,100,3,100000000000,DCQCN
2000615901,3,0.3,10000,0.1,100,3,100000000000,DCQCN
2000618391,4,0.4,10000,0.1,100,3,100000000000,DCQCN
2000618557,5,0.5,10000,0.1,100,3,100000000000,DCQCN
2000619885,2,0.2,10000,0.1,100,3,100000000000,DCQCN
2000621217,3,0.3,10000,0.1,100,3,100000000000,DCQCN
2000621798,4,0.4,10000,0.1,100,3,100000000000,DCQCN
2000621881,5,0.5,10000,0.1,100,3,100000000000,DCQCN
2000622209,2,0.2,10000,0.1,100,3,100000000000,DCQCN
2000623537,3,0.3,10000,0.1,100,3,100000000000,DCQCN
2000624865,4,0.4,10000,0.1,100,3,100000000000,DCQCN
2000626774,5,0.5,10000,0.1,100,3,100000000000,DCQCN
2000627521,2,0.2,10000,0.1,100,3,100000000000,DCQCN
2000628853,2,0.2,10000,0.1,100,3,100000000000,DCQCN
2000629181,3,0.3,10000,0.1,100,3,100000000000,DCQCN
2000631754,4,0.4,10000,0.1,100,3,100000000000,DCQCN
2000631837,5,0.5,10000,0.1,100,3,100000000000,DCQCN
2000633165,3,0.3,10000,0.1,100,3,100000000000,DCQCN
2000635655,4,0.4,10000,0.1,100,3,100000000000,DCQCN
2000635821,5,0.5,10000,0.1,100,3,100000000000,DCQCN
2000637149,2,0.2,10000,0.1,100,3,100000000000,DCQCN
2000638481,3,0.3,10000,0.1,100,3,100000000000,DCQCN
2000639062,4,0.4,10000,0.1,100,3,100000000000,DCQCN
2000639145,5,0.5,10000,0.1,100,3,100000000000,DCQCN
2000639473,2,0.2,10000,0.1,100,3,100000000000,DCQCN
2000640801,3,0.3,10000,0.1,100,3,100000000000,DCQCN
2000642129,4,0.4,10000,0.1,100,3,100000000000,DCQCN
2000644038,5,0.5,10000,0.1,100,3,100000000000,DCQCN
2000644785,2,0.2,10000,0.1,100,3,100000000000,DCQCN
2000646117,2,0.2,10000,0.1,100,3,100000000000,DCQCN
2000646445,3,0.3,10000,0.1,100,3,100000000000,DCQCN
2000649018,4,0.4,10000,0.1,100,3,100000000000,DCQCN
2000649101,5,0.5,10000,0.1,100,3,100000000000,DCQCN
2000650429,3,0.3,10000,0.1,100,3,100000000000,DCQCN
2000652919,4,0.4,10000,0.1,100,3,100000000000,DCQCN
2000653085,5,0.5,10000,0.1,100,3,100000000000,DCQCN
2000654413,2,0.2,10000,0.1,100,3,100000000000,DCQCN
2000655745,3,0.3,10000,0.1,100,3,100000000000,DCQCN
2000656326,4,0.4,10000,0.1,100,3,100000000000,DCQCN
2000656409,5,0.5,10000,0.1,100,3,100000000000,DCQCN
2000656737,2,0.2,10000,0.1,100,3,100000000000,DCQCN
2000658065,3,0.3,10000,0.1,100,3,100000000000,DCQCN
2000659393,4,0.4,10000,0.1,100,3,100000000000,DCQCN
2000661302,5,0.5,10000,0.1,100,3,100000000000,DCQCN
2000662049,2,0.2,10000,0.1,100,3,100000000000,DCQCN
2000663381,2,0.2,10000,0.1,100,3,100000000000,DCQCN
2000663709,3,0.3,10000,0.1,100,3,100000000000,DCQCN
2000666282,4,0.4,10000,0.1,100,3,100000000000,DCQCN
2000666365,5,0.5,10000,0.1,100,3,100000000000,DCQCN
2000667693,3,0.3,10000,0.1,100,3,100000000000,DCQCN
2000670183,4,0.4,10000,0.1,100,3,100000000000,DCQCN
2000670349,5,0.5,10000,0.1,100,3,100000000000,DCQCN
2000671677,2,0.2,10000,0.1,100,3,100000000000,DCQCN
2000673009,3,0.3,10000,0.1,100,3,100000000000,DCQCN
2000673590,4,0.4,10000,0.1,100,3,100000000000,DCQCN
2000673673,5,0.5,10000,0.1,100,3,100000000000,DCQCN
2000674001,2,0.2,10000,0.1,100,3,100000000000,DCQCN
2000675329,3,0.3,10000,0.1,100,3,100000000000,DCQCN
2000676657,4,0.4,10000,0.1,100,3,100000000000,DCQCN
2000678566,5,0.5,10000,0.1,100,3,100000000000,DCQCN
2000679313,2,0.2,10000,0.1,100,3,100000000000,DCQCN
2000680645,2,0.2,10000,0.1,100,3,100000000000,DCQCN
2000680973,3,0.3,10000,0.1,100,3,100000000000,DCQCN
2000683546,4,0.4,10000,0.1,100,3,100000000000,DCQCN
2000683629,5,0.5,10000,0.1,100,3,100000000000,DCQCN
2000684957,3,0.3,10000,0.1,100,3,100000000000,DCQCN
2000687447,4,0.4,10000,0.1,100,3,100000000000,DCQCN
2000687613,5,0.5,10000,0.1,100,3,100000000000,DCQCN
2000688941,2,0.2,10000,0.1,100,3,100000000000,DCQCN
2000690273,3,0.3,10000,0.1,100,3,100000000000,DCQCN
2000690854,4,0.4,10000,0.1,100,3,100000000000,DCQCN
2000690937,5,0.5,10000,0.1,100,3,100000000000,DCQCN
2000691265,2,0.2,10000,0.1,100,3,100000000000,DCQCN
2000692593,3,0.3,10000,0.1,100,3,100000000000,DCQCN
2000693921,4,0.4,10000,0.1,100,3,100000000000,DCQCN
2000695830,5,0.5,10000,0.1,100,3,100000000000,DCQCN
2000696577,2,0.2,10000,0.1,100,3,100000000000,DCQCN
2000697909,2,0.2,10000,0.1,100,3,100000000000,DCQCN
2000698237,3,0.3,10000,0.1,100,3,100000000000,DCQCN
2000700810,4,0.4,10000,0.1,100,3,100000000000,DCQCN
2000700893,5,0.5,10000,0.1,100,3,100000000000,DCQCN
2000702221,3,0.3,10000,0.1,100,3,100000000000,DCQCN
2000704711,4,0.4,10000,0.1,100,3,100000000000,DCQCN
2000704877,5,0.5,10000,0.1,100,3,100000000000,DCQCN
2000706205,2,0.2,10000,0.1,100,3,100000000000,DCQCN
2000707537,3,0.3,10000,0.1,100,3,100000000000,DCQCN
2000708118,4,0.4,10000,0.1,100,3,100000000000,DCQCN
2000708201,5,0.5,10000,0.1,100,3,100000000000,DCQCN
2000708529,2,0.2,10000,0.1,100,3,100000000000,DCQCN
2000709857,3,0.3,10000,0.1,100,3,100000000000,DCQCN
2000711185,4,0.4,10000,0.1,100,3,100000000000,DCQCN
2000713094,5,0.5,10000,0.1,100,3,100000000000,DCQCN
2000713841,2,0.2,10000,0.1,100,3,100000000000,DCQCN
2000715173,2,0.2,10000,0.1,100,3,100000000000,DCQCN
2000715501,3,0.3,10000,0.1,100,3,100000000000,DCQCN
2000718074,4,0.4,10000,0.1,100,3,100000000000,DCQCN
2000718157,5,0.5,10000,0.1,100,3,100000000000,DCQCN
2000719485,3,0.3,10000,0.1,100,3,100000000000,DCQCN
2000721975,4,0.4,10000,0.1,100,3,100000000000,DCQCN
2000722141,5,0.5,10000,0.1,100,3,100000000000,DCQCN
2000723469,2,0.2,10000,0.1,100,3,100000000000,DCQCN
2000724801,3,0.3,10000,0.1,100,3,100000000000,DCQCN
2000725382,4,0.4,10000,0.1,100,3,100000000000,DCQCN
2000725465,5,0.5,10000,0.1,100,3,100000000000,DCQCN
2000725793,2,0.2,10000,0.1,100,3,100000000000,DCQCN
2000727121,3,0.3,10000,0.1,100,3,100000000000,DCQCN
2000728449,4,0.4,10000,0.1,100,3,100000000000,DCQCN
2000730358,5,0.5,10000,0.1,100,3,100000000000,DCQCN
2000731105,2,0.2,10000,0.1,100,3,100000000000,DCQCN
2000732437,2,0.2,10000,0.1,100,3,100000000000,DCQCN
2000732765,3,0.3,10000,0.1,100,3,100000000000,DCQCN
2000735338,4,0.4,10000,0.1,100,3,100000000000,DCQCN
2000735421,5,0.5,10000,0.1,100,3,100000000000,DCQCN
2000736749,3,0.3,10000,0.1,100,3,100000000000,DCQCN
2000739239,4,0.4,10000,0.1,100,3,100000000000,DCQCN
2000739405,5,0.5,10000,0.1,100,3,100000000000,DCQCN
2000740733,2,0.2,10000,0.1,100,3,100000000000,DCQCN
2000742065,3,0.3,10000,0.1,100,3,100000000000,DCQCN
2000742646,4,0.4,10000,0.1,100,3,100000000000,DCQCN
2000742729,5,0.5,10000,0.1,100,3,100000000000,DCQCN
2000743057,2,0.2,10000,0.1,100,3,100000000000,DCQCN
2000744385,3,0.3,10000,0.1,100,3,100000000000,DCQCN
2000745713,4,0.4,10000,0.1,100,3,100000000000,DCQCN
2000747622,5,0.5,10000,0.1,100,3,100000000000,DCQCN
2000748369,2,0.2,10000,0.1,100,3,100000000000,DCQCN
2000749701,2,0.2,10000,0.1,100,3,100000000000,DCQCN
2000750029,3,0.3,10000,0.1,100,3,100000000000,DCQCN
2000752602,4,0.4,10000,0.1,100,3,100000000000,DCQCN
2000752685,5,0.5,10000,0.1,100,3,100000000000,DCQCN
2000754013,3,0.3,10000,0.1,100,3,100000000000,DCQCN
2000756503,4,0.4,10000,0.1,100,3,100000000000,DCQCN
2000756669,5,0.5,10000,0.1,100,3,100000000000,DCQCN
2000757997,2,0.2,10000,0.1,100,3,100000000000,DCQCN
2000759329,3,0.3,10000,0.1,100,3,100000000000,DCQCN
2000759910,4,0.4,10000,0.1,100,3,100000000000,DCQCN
2000759993,5,0.5,10000,0.1,100,3,100000000000,DCQCN
2000760321,2,0.2,10000,0.1,100,3,100000000000,DCQCN
2000761649,3,0.3,10000,0.1,100,3,100000000000,DCQCN
2000762977,4,0.4,10000,0.1,100,3,100000000000,DCQCN
2000764886,5,0.5,10000,0.1,100,3,100000000000,DCQCN
2000765633,2,0.2,10000,0.1,100,3,100000000000,DCQCN
2000766965,2,0.2,10000,0.1,100,3,100000000000,DCQCN
2000767293,3,0.3,10000,0.1,100,3,100000000000,DCQCN
2000769866,4,0.4,10000,0.1,100,3,100000000000,DCQCN
2000769949,5,0.5,10000,0.1,100,3,100000000000,DCQCN
2000771277,3,0.3,10000,0.1,100,3,100000000000,DCQCN
2000773767,4,0.4,10000,0.1,100,3,100000000000,DCQCN
2000773933,5,0.5,10000,0.1,100,3,100000000000,DCQCN
2000775261,2,0.2,10000,0.1,100,3,100000000000,DCQCN
2000776593,3,0.3,10000,0.1,100,3,100000000000,DCQCN
2000777174,4,0.4,10000,0.1,100,3,100000000000,DCQCN
2000777257,5,0.5,10000,0.1,100,3,100000000000,DCQCN
2000777585,2,0.2,10000,0.1,100,3,100000000000,DCQCN
2000778913,3,0.3,10000,0.1,100,3,100000000000,DCQCN
2000780241,4,0.4,10000,0.1,100,3,100000000000,DCQCN
2000782150,5,0.5,10000,0.1,100,3,100000000000,DCQCN
2000782897,2,0.2,10000,0.1,100,3,100000000000,DCQCN
2000784229,2,0.2,10000,0.1,100,3,100000000000,DCQCN
2000784557,3,0.3,10000,0.1,100,3,100000000000,DCQCN
2000787130,4,0.4,10000,0.1,100,3,100000000000,DCQCN
2000787213,5,0.5,10000,0.1,100,3,100000000000,DCQCN
2000788541,3,0.3,10000,0.1,100,3,100000000000,DCQCN
2000791031,4,0.4,10000,0.1,100,3,100000000000,DCQCN
2000791197,5,0.5,10000,0.1,100,3,100000000000,DCQCN
2000792525,2,0.2,10000,0.1,100,3,100000000000,DCQCN
2000793857,3,0.3,10000,0.1,100,3,100000000000,DCQCN
2000794438,4,0.4,10000,0.1,100,3,100000000000,DCQCN
2000794521,5,0.5,10000,0.1,100,3,100000000000,DCQCN
2000794849,2,0.2,10000,0.1,100,3,100000000000,DCQCN
2000796177,3,0.3,10000,0.1,100,3,100000000000,DCQCN
2000797505,4,0.4,10000,0.1,100,3,100000000000,DCQCN
2000799414,5,0.5,10000,0.1,100,3,100000000000,DCQCN
2000800161,2,0.2,10000,0.1,100,3,100000000000,DCQCN
2000801493,2,0.2,10000,0.1,100,3,100000000000,DCQCN
2000801821,3,0.3,10000,0.1,100,3,100000000000,DCQCN
2000804394,4,0.4,10000,0.1,100,3,100000000000,DCQCN
2000804477,5,0.5,10000,0.1,100,3,100000000000,DCQCN
2000805805,3,0.3,10000,0.1,100,3,100000000000,DCQCN
2000808295,4,0.4,10000,0.1,100,3,100000000000,DCQCN
2000808461,5,0.5,10000,0.1,100,3,100000000000,DCQCN
2000809789,2,0.2,10000,0.1,100,3,100000000000,DCQCN
2000811121,3,0.3,10000,0.1,100,3,100000000000,DCQCN
2000811702,4,0.4,10000,0.1,100,3,100000000000,DCQCN
2000811785,5,0.5,10000,0.1,100,3,100000000000,DCQCN
2000812113,2,0.2,10000,0.1,100,3,100000000000,DCQCN
2000813441,3,0.3,10000,0.1,100,3,100000000000,DCQCN
2000814769,4,0.4,10000,0.1,100,3,100000000000,DCQCN
2000816678,5,0.5,10000,0.1,100,3,100000000000,DCQCN
2000817425,2,0.2,10000,0.1,100,3,100000000000,DCQCN
2000818757,2,0.2,10000,0.1,100,3,100000000000,DCQCN
2000819085,3,0.3,10000,0.1,100,3,100000000000,DCQCN
2000821658,4,0.4,10000,0.1,100,3,100000000000,DCQCN
2000821741,5,0.5,10000,0.1,100,3,100000000000,DCQCN
2000823069,3,0.3,10000,0.1,100,3,100000000000,DCQCN
2000825559,4,0.4,10000,0.1,100,3,100000000000,DCQCN
2000825725,5,0.5,10000,0.1,100,3,100000000000,DCQCN
2000827053,2,0.2,10000,0.1,100,3,100000000000,DCQCN
2000828385,3,0.3,10000,0.1,100,3,100000000000,DCQCN
2000828966,4,0.4,10000,0.1,100,3,100000000000,DCQCN
2000829049,5,0.5,10000,0.1,100,3,100000000000,DCQCN
2000829377,2,0.2,10000,0.1,100,3,100000000000,DCQCN
2000830705,3,0.3,10000,0.1,100,3,100000000000,DCQCN
2000832033,4,0.4,10000,0.1,100,3,100000000000,DCQCN
2000833942,5,0.5,10000,0.1,100,3,100000000000,DCQCN
2000834689,2,0.2,10000,0.1,100,3,100000000000,DCQCN
2000836021,2,0.2,10000,0.1,100,3,100000000000,DCQCN
2000836349,3,0.3,10000,0.1,100,3,100000000000,DCQCN
2000838922,4,0.4,10000,0.1,100,3,100000000000,DCQCN
2000839005,5,0.5,10000,0.1,100,3,100000000000,DCQCN
2000840333,3,0.3,10000,0.1,100,3,100000000000,DCQCN
2000842823,4,0.4,10000,0.1,100,3,100000000000,DCQCN
2000842989,5,0.5,10000,0.1,100,3,100000000000,DCQCN
2000844317,2,0.2,10000,0.1,100,3,100000000000,DCQCN
2000845649,3,0.3,10000,0.1,100,3,100000000000,DCQCN
2000846230,4,0.4,10000,0.1,100,3,100000000000,DCQCN
2000846313,5,0.5,10000,0.1,100,3,100000000000,DCQCN
2000846641,2,0.2,10000,0.1,100,3,100000000000,DCQCN
2000847969,3,0.3,10000,0.1,100,3,100000000000,DCQCN
2000849297,4,0.4,10000,0.1,100,3,100000000000,DCQCN
2000851206,5,0.5,10000,0.1,100,3,100000000000,DCQCN
2000851953,2,0.2,10000,0.1,100,3,100000000000,DCQCN
2000853285,2,0.2,10000,0.1,100,3,100000000000,DCQCN
2000853613,3,0.3,10000,0.1,100,3,100000000000,DCQCN
2000856186,4,0.4,10000,0.1,100,3,100000000000,DCQCN
2000856269,5,0.5,10000,0.1,100,3,100000000000,DCQCN
2000857597,3,0.3,10000,0.1,100,3,100000000000,DCQCN
2000860087,4,0.4,10000,0.1,100,3,100000000000,DCQCN
2000860253,5,0.5,10000,0.1,100,3,100000000000,DCQCN
2000861581,2,0.2,10000,0.1,100,3,100000000000,DCQCN
2000862913,3,0.3,10000,0.1,100,3,100000000000,DCQCN
2000863494,4,0.4,10000,0.1,100,3,100000000000,DCQCN
2000863577,5,0.5,10000,0.1,100,3,100000000000,DCQCN
2000863905,2,0.2,10000,0.1,100,3,100000000000,DCQCN
2000865233,3,0.3,10000,0.1,100,3,100000000000,DCQCN
2000866561,4,0.4,10000,0.1,100,3,100000000000,DCQCN
2000868470,5,0.5,10000,0.1,100,3,100000000000,DCQCN
2000869217,2,0.2,10000,0.1,100,3,100000000000,DCQCN
2000870549,2,0.2,10000,0.1,100,3,100000000000,DCQCN
2000870877,3,0.3,10000,0.1,100,3,100000000000,DCQCN
2000873450,4,0.4,10000,0.1,100,3,100000000000,DCQCN
2000873533,5,0.5,10000,0.1,100,3,100000000000,DCQCN
2000874861,3,0.3,10000,0.1,100,3,100000000000,DCQCN
2000877351,4,0.4,10000,0.1,100,3,100000000000,DCQCN
2000877517,5,0.5,10000,0.1,100,3,100000000000,DCQCN
2000878845,2,0.2,10000,0.1,100,3,100000000000,DCQCN
2000880177,3,0.3,10000,0.1,100,3,100000000000,DCQCN
2000880758,4,0.4,10000,0.1,100,3,100000000000,DCQCN
2000880841,5,0.5,10000,0.1,100,3,100000000000,DCQCN
2000881169,2,0.2,10000,0.1,100,3,100000000000,DCQCN
2000882497,3,0.3,10000,0.1,100,3,100000000000,DCQCN
2000883825,4,0.4,10000,0.1,100,3,100000000000,DCQCN
2000885734,5,0.5,10000,0.1,100,3,100000000000,DCQCN
2000886481,2,0.2,10000,0.1,100,3,100000000000,DCQCN
2000887813,2,0.2,10000,0.1,100,3,100000000000,DCQCN
2000888141,3,0.3,10000,0.1,100,3,100000000000,DCQCN
2000890714,4,0.4,10000,0.1,100,3,100000000000,DCQCN
2000890797,5,0.5,10000,0.1,100,3,100000000000,DCQCN
2000892125,3,0.3,10000,0.1,100,3,100000000000,DCQCN
2000894615,4,0.4,10000,0.1,100,3,100000000000,DCQCN
2000894781,5,0.5,10000,0.1,100,3,100000000000,DCQCN
2000896109,2,0.2,10000,0.1,100,3,100000000000,DCQCN
2000897441,3,0.3,10000,0.1,100,3,100000000000,DCQCN
2000898022,4,0.4,10000,0.1,100,3,100000000000,DCQCN
2000898105,5,0.5,10000,0.1,100,3,100000000000,DCQCN
2000898433,2,0.2,10000,0.1,100,3,100000000000,DCQCN
2000899761,3,0.3,10000,0.1,100,3,100000000000,DCQCN
2000901089,4,0.4,10000,0.1,100,3,100000000000,DCQCN
2000902998,5,0.5,10000,0.1,100,3,100000000000,DCQCN
2000903745,2,0.2,10000,0.1,100,3,100000000000,DCQCN
2000905077,2,0.2,10000,0.1,100,3,100000000000,DCQCN
2000905405,3,0.3,10000,0.1,100,3,100000000000,DCQCN
2000907978,4,0.4,10000,0.1,100,3,100000000000,DCQCN
2000908061,5,0.5,10000,0.1,100,3,100000000000,DCQCN
2000909389,3,0.3,10000,0.1,100,3,100000000000,DCQCN
2000911879,4,0.4,10000,0.1,100,3,100000000000,DCQCN
2000912045,5,0.5,10000,0.1,100,3,100000000000,DCQCN
2000913373,2,0.2,10000,0.1,100,3,100000000000,DCQCN
2000914705,3,0.3,10000,0.1,100,3,100000000000,DCQCN
2000915286,4,0.4,10000,0.1,100,3,100000000000,DCQCN
2000915369,5,0.5,10000,0.1,100,3,100000000000,DCQCN
2000915697,2,0.2,10000,0.1,100,3,100000000000,DCQCN
2000917025,3,0.3,10000,0.1,100,3,100000000000,DCQCN
2000918353,4,0.4,10000,0.1,100,3,100000000000,DCQCN
2000920262,5,0.5,10000,0.1,100,3,100000000000,DCQCN
2000921009,2,0.2,10000,0.1,100,3,100000000000,DCQCN
2000922341,2,0.2,10000,0.1,100,3,100000000000,DCQCN
2000922669,3,0.3,10000,0.1,100,3,100000000000,DCQCN
2000925242,4,0.4,10000,0.1,100,3,100000000000,DCQCN
2000925325,5,0.5,10000,0.1,100,3,100000000000,DCQCN
2000926653,3,0.3,10000,0.1,100,3,100000000000,DCQCN
2000929143,4,0.4,10000,0.1,100,3,100000000000,DCQCN
2000929309,5,0.5,10000,0.1,100,3,100000000000,DCQCN
2000930637,2,0.2,10000,0.1,100,3,100000000000,DCQCN
2000931969,3,0.3,10000,0.1,100,3,100000000000,DCQCN
2000932550,4,0.4,10000,0.1,100,3,100000000000,DCQCN
2000932633,5,0.5,10000,0.1,100,3,100000000000,DCQCN
2000932961,2,0.2,10000,0.1,100,3,100000000000,DCQCN
2000934289,3,0.3,10000,0.1,100,3,100000000000,DCQCN
2000935617,4,0.4,10000,0.1,100,3,100000000000,DCQCN
2000937526,5,0.5,10000,0.1,100,3,100000000000,DCQCN
2000938273,2,0.2,10000,0.1,100,3,100000000000,DCQCN
2000939605,2,0.2,10000,0.1,100,3,100000000000,DCQCN
2000939933,3,0.3,10000,0.1,100,3,100000000000,DCQCN
2000942506,4,0.4,10000,0.1,100,3,100000000000,DCQCN
2000942589,5,0.5,10000,0.1,100,3,100000000000,DCQCN
2000943917,3,0.3,10000,0.1,100,3,100000000000,DCQCN
2000946407,4,0.4,10000,0.1,100,3,100000000000,DCQCN
2000946573,5,0.5,10000,0.1,100,3,100000000000,DCQCN
2000947901,2,0.2,10000,0.1,100,3,100000000000,DCQCN
2000949233,3,0.3,10000,0.1,100,3,100000000000,DCQCN
2000949814,4,0.4,10000,0.1,100,3,100000000000,DCQCN
2000949897,5,0.5,10000,0.1,100,3,100000000000,DCQCN
2000950225,2,0.2,10000,0.1,100,3,100000000000,DCQCN
2000951553,3,0.3,10000,0.1,100,3,100000000000,DCQCN
2000952881,4,0.4,10000,0.1,100,3,100000000000,DCQCN
2000954790,5,0.5,10000,0.1,100,3,100000000000,DCQCN
2000955537,2,0.2,10000,0.1,100,3,100000000000,DCQCN
2000956869,2,0.2,10000,0.1,100,3,100000000000,DCQCN
2000957197,3,0.3,10000,0.1,100,3,100000000000,DCQCN
2000959770,4,0.4,10000,0.1,100,3,100000000000,DCQCN
2000959853,5,0.5,10000,0.1,100,3,100000000000,DCQCN
2000961181,3,0.3,10000,0.1,100,3,100000000000,DCQCN
2000963671,4,0.4,10000,0.1,100,3,100000000000,DCQCN
2000963837,5,0.5,10000,0.1,100,3,100000000000,DCQCN
2000965165,2,0.2,10000,0.1,100,3,100000000000,DCQCN
2000966497,3,0.3,10000,0.1,100,3,100000000000,DCQCN
2000967078,4,0.4,10000,0.1,100,3,100000000000,DCQCN
2000967161,5,0.5,10000,0.1,100,3,100000000000,DCQCN
2000967489,2,0.2,10000,0.1,100,3,100000000000,DCQCN
2000968817,3,0.3,10000,0.1,100,3,100000000000,DCQCN
2000970145,4,0.4,10000,0.1,100,3,100000000000,DCQCN
2000972054,5,0.5,10000,0.1,100,3,100000000000,DCQCN
2000972801,2,0.2,10000,0.1,100,3,100000000000,DCQCN
2000974133,2,0.2,10000,0.1,100,3,100000000000,DCQCN
2000974461,3,0.3,10000,0.1,100,3,100000000000,DCQCN
2000977034,4,0.4,10000,0.1,100,3,100000000000,DCQCN
2000977117,5,0.5,10000,0.1,100,3,100000000000,DCQCN
2000978445,3,0.3,10000,0.1,100,3,100000000000,DCQCN
2000980935,4,0.4,10000,0.1,100,3,100000000000,DCQCN
2000981101,5,0.5,10000,0.1,100,3,100000000000,DCQCN
2000982429,2,0.2,10000,0.1,100,3,100000000000,DCQCN
2000983761,3,0.3,10000,0.1,100,3,100000000000,DCQCN
2000984342,4,0.4,10000,0.1,100,3,100000000000,DCQCN
2000984425,5,0.5,10000,0.1,100,3,100000000000,DCQCN
2000984753,2,0.2,10000,0.1,100,3,100000000000,DCQCN
2000986081,3,0.3,10000,0.1,100,3,100000000000,DCQCN
2000987409,4,0.4,10000,0.1,100,3,100000000000,DCQCN
2000989318,5,0.5,10000,0.1,100,3,100000000000,DCQCN
2000990065,2,0.2,10000,0.1,100,3,100000000000,DCQCN
2000991397,2,0.2,10000,0.1,100,3,100000000000,DCQCN
2000991725,3,0.3,10000,0.1,100,3,100000000000,DCQCN
2000994298,4,0.4,10000,0.1,100,3,100000000000,DCQCN
2000994381,5,0.5,10000,0.1,100,3,100000000000,DCQCN
2000995709,3,0.3,10000,0.1,100,3,100000000000,DCQCN
2000998199,4,0.4,10000,0.1,100,3,100000000000,DCQCN
2000998365,5,0.5,10000,0.1,100,3,100000000000,DCQCN
2000999693,2,0.2,10000,0.1,100,3,100000000000,DCQCN
2001001025,3,0.3,10000,0.1,100,3,100000000000,DCQCN
2001001606,4,0.4,10000,0.1,100,3,100000000000,DCQCN
2001001689,5,0.5,10000,0.1,100,3,100000000000,DCQCN
2001002017,2,0.2,10000,0.1,100,3,100000000000,DCQCN
2001003345,3,0.3,10000,0.1,100,3,100000000000,DCQCN
2001004673,4,0.4,10000,0.1,100,3,100000000000,DCQCN
2001006582,5,0.5,10000,0.1,100,3,100000000000,DCQCN
2001007329,2,0.2,10000,0.1,100,3,100000000000,DCQCN
2001008661,2,0.2,10000,0.1,100,3,100000000000,DCQCN
2001008989,3,0.3,10000,0.1,100,3,100000000000,DCQCN
2001011562,4,0.4,10000,0.1,100,3,100000000000,DCQCN
2001011645,5,0.5,10000,0.1,100,3,100000000000,DCQCN
2001012973,3,0.3,10000,0.1,100,3,100000000000,DCQCN
2001015463,4,0.4,10000,0.1,100,3,100000000000,DCQCN
2001015629,5,0.5,10000,0.1,100,3,100000000000,DCQCN
2001016957,2,0.2,10000,0.1,100,3,100000000000,DCQCN
2001018289,3,0.3,10000,0.1,100,3,100000000000,DCQCN
2001018870,4,0.4,10000,0.1,100,3,100000000000,DCQCN
2001018953,5,0.5,10000,0.1,100,3,100000000000,DCQCN
2001019281,2,0.2,10000,0.1,100,3,100000000000,DCQCN
2001020609,3,0.3,10000,0.1,100,3,100000000000,DCQCN
2001021937,4,0.4,10000,0.1,100,3,100000000000,DCQCN
2001023846,5,0.5,10000,0.1,100,3,100000000000,DCQCN
2001024593,2,0.2,10000,0.1,100,3,100000000000,DCQCN
2001025925,2,0.2,10000,0.1,100,3,100000000000,DCQCN
2001026253,3,0.3,10000,0.1,100,3,100000000000,DCQCN
2001028826,4,0.4,10000,0.1,100,3,100000000000,DCQCN
2001028909,5,0.5,10000,0.1,100,3,100000000000,DCQCN
2001030237,3,0.3,10000,0.1,100,3,100000000000,DCQCN
2001032727,4,0.4,10000,0.1,100,3,100000000000,DCQCN
2001032893,5,0.5,10000,0.1,100,3,100000000000,DCQCN
2001034221,2,0.2,10000,0.1,100,3,100000000000,DCQCN
2001035553,3,0.3,10000,0.1,100,3,100000000000,DCQCN
2001036134,4,0.4,10000,0.1,100,3,100000000000,DCQCN
2001036217,5,0.5,10000,0.1,100,3,100000000000,DCQCN
2001036545,2,0.2,10000,0.1,100,3,100000000000,DCQCN
2001037873,3,0.3,10000,0.1,100,3,100000000000,DCQCN
2001039201,4,0.4,10000,0.1,100,3,100000000000,DCQCN
2001041110,5,0.5,10000,0.1,100,3,100000000000,DCQCN
2001041857,2,0.2,10000,0.1,100,3,100000000000,DCQCN
2001043189,2,0.2,10000,0.1,100,3,100000000000,DCQCN
2001043517,3,0.3,10000,0.1,100,3,100000000000,DCQCN
2001046090,4,0.4,10000,0.1,100,3,100000000000,DCQCN
2001046173,5,0.5,10000,0.1,100,3,100000000000,DCQCN
2001047501,3,0.3,10000,0.1,100,3,100000000000,DCQCN
2001049991,4,0.4,10000,0.1,100,3,100000000000,DCQCN
2001050157,5,0.5,10000,0.1,100,3,100000000000,DCQCN
2001051485,2,0.2,10000,0.1,100,3,100000000000,DCQCN
2001052817,3,0.3,10000,0.1,100,3,100000000000,DCQCN
2001053398,4,0.4,10000,0.1,100,3,100000000000,DCQCN
2001053481,5,0.5,10000,0.1,100,3,100000000000,DCQCN
2001053809,2,0.2,10000,0.1,100,3,100000000000,DCQCN
2001055137,3,0.3,10000,0.1,100,3,100000000000,DCQCN
2001056465,4,0.4,10000,0.1,100,3,100000000000,DCQCN
2001058374,5,0.5,10000,0.1,100,3,100000000000,DCQCN
2001059121,2,0.2,10000,0.1,100,3,100000000000,DCQCN
2001060453,2,0.2,10000,0.1,100,3,100000000000,DCQCN
2001060781,3,0.3,10000,0.1,100,3,100000000000,DCQCN
2001063354,4,0.4,10000,0.1,100,3,100000000000,DCQCN
2001063437,5,0.5,10000,0.1,100,3,100000000000,DCQCN
2001064765,3,0.3,10000,0.1,100,3,100000000000,DCQCN
2001067255,4,0.4,10000,0.1,100,3,100000000000,DCQCN
2001067421,5,0.5,10000,0.1,100,3,100000000000,DCQCN
2001068749,2,0.2,10000,0.1,100,3,100000000000,DCQCN
2001070081,3,0.3,10000,0.1,100,3,100000000000,DCQCN
2001070662,4,0.4,10000,0.1,100,3,100000000000,DCQCN
2001070745,5,0.5,10000,0.1,100,3,100000000000,DCQCN
2001071073,2,0.2,10000,0.1,100,3,100000000000,DCQCN
2001072401,3,0.3,10000,0.1,100,3,100000000000,DCQCN
2001073729,4,0.4,10000,0.1,100,3,100000000000,DCQCN
2001075638,5,0.5,10000,0.1,100,3,100000000000,DCQCN
2001076385,2,0.2,10000,0.1,100,3,100000000000,DCQCN
2001077717,2,0.2,10000,0.1,100,3,100000000000,DCQCN
2001078045,3,0.3,10000,0.1,100,3,100000000000,DCQCN
2001080618,4,0.4,10000,0.1,100,3,100000000000,DCQCN
2001080701,5,0.5,10000,0.1,100,3,100000000000,DCQCN
2001082029,3,0.3,10000,0.1,100,3,100000000000,DCQCN
2001084519,4,0.4,10000,0.1,100,3,100000000000,DCQCN
2001084685,5,0.5,10000,0.1,100,3,100000000000,DCQCN
2001086013,2,0.2,10000,0.1,100,3,100000000000,DCQCN
2001087345,3,0.3,10000,0.1,100,3,100000000000,DCQCN
2001087926,4,0.4,10000,0.1,100,3,100000000000,DCQCN
2001088009,5,0.5,10000,0.1,100,3,100000000000,DCQCN
2001088337,2,0.2,10000,0.1,100,3,100000000000,DCQCN
2001089665,3,0.3,10000,0.1,100,3,100000000000,DCQCN
2001090993,4,0.4,10000,0.1,100,3,100000000000,DCQCN
2001092902,5,0.5,10000,0.1,100,3,100000000000,DCQCN
2001093649,2,0.2,10000,0.1,100,3,100000000000,DCQCN
2001094981,2,0.2,10000,0.1,100,3,100000000000,DCQCN
2001095309,3,0.3,10000,0.1,100,3,100000000000,DCQCN
2001097882,4,0.4,10000,0.1,100,3,100000000000,DCQCN
2001097965,5,0.5,10000,0.1,100,3,100000000000,DCQCN
2001099293,3,0.3,10000,0.1,100,3,100000000000,DCQCN
2001101783,4,0.4,10000,0.1,100,3,100000000000,DCQCN
2001101949,5,0.5,10000,0.1,100,3,100000000000,DCQCN
2001103277,2,0.2,10000,0.1,100,3,100000000000,DCQCN
2001104609,3,0.3,10000,0.1,100,3,100000000000,DCQCN
2001105190,4,0.4,10000,0.1,100,3,100000000000,DCQCN
2001105273,5,0.5,10000,0.1,100,3,100000000000,DCQCN
2001105601,2,0.2,10000,0.1,100,3,100000000000,DCQCN
2001106929,3,0.3,10000,0.1,100,3,100000000000,DCQCN
2001108257,4,0.4,10000,0.1,100,3,100000000000,DCQCN
2001110166,5,0.5,10000,0.1,100,3,100000000000,DCQCN
2001110913,2,0.2,10000,0.1,100,3,100000000000,DCQCN
2001112245,2,0.2,10000,0.1,100,3,100000000000,DCQCN
2001112573,3,0.3,10000,0.1,100,3,100000000000,DCQCN
2001115146,4,0.4,10000,0.1,100,3,100000000000,DCQCN
2001115229,5,0.5,10000,0.1,100,3,100000000000,DCQCN
2001116557,3,0.3,10000,0.1,100,3,100000000000,DCQCN
2001119047,4,0.4,10000,0.1,100,3,100000000000,DCQCN
2001119213,5,0.5,10000,0.1,100,3,100000000000,DCQCN
2001120541,2,0.2,10000,0.1,100,3,100000000000,DCQCN
2001121873,3,0.3,10000,0.1,100,3,100000000000,DCQCN
2001122454,4,0.4,10000,0.1,100,3,100000000000,DCQCN
2001122537,5,0.5,10000,0.1,100,3,100000000000,DCQCN
2001122865,2,0.2,10000,0.1,100,3,100000000000,DCQCN
2001124193,3,0.3,10000,0.1,100,3,100000000000,DCQCN
2001125521,4,0.4,10000,0.1,100,3,100000000000,DCQCN
2001127430,5,0.5,10000,0.1,100,3,100000000000,DCQCN
2001128177,2,0.2,10000,0.1,100,3,100000000000,DCQCN
2001129509,2,0.2,10000,0.1,100,3,100000000000,DCQCN
2001129837,3,0.3,10000,0.1,100,3,100000000000,DCQCN
2001132410,4,0.4,10000,0.1,100,3,100000000000,DCQCN
2001132493,5,0.5,10000,0.1,100,3,100000000000,DCQCN
2001133821,3,0.3,10000,0.1,100,3,100000000000,DCQCN
2001136311,4,0.4,10000,0.1,100,3,100000000000,DCQCN
2001136477,5,0.5,10000,0.1,100,3,100000000000,DCQCN
2001137805,2,0.2,10000,0.1,100,3,100000000000,DCQCN
2001139137,3,0.3,10000,0.1,100,3,100000000000,DCQCN
2001139718,4,0.4,10000,0.1,100,3,100000000000,DCQCN
2001139801,5,0.5,10000,0.1,100,3,100000000000,DCQCN
2001140129,2,0.2,10000,0.1,100,3,100000000000,DCQCN
2001141457,3,0.3,10000,0.1,100,3,100000000000,DCQCN
2001142785,4,0.4,10000,0.1,100,3,100000000000,DCQCN
2001144694,5,0.5,10000,0.1,100,3,100000000000,DCQCN
2001145441,2,0.2,10000,0.1,100,3,100000000000,DCQCN
2001146773,2,0.2,10000,0.1,100,3,100000000000,DCQCN
2001147101,3,0.3,10000,0.1,100,3,100000000000,DCQCN
2001149674,4,0.4,10000,0.1,100,3,100000000000,DCQCN
2001149757,5,0.5,10000,0.1,100,3,100000000000,DCQCN
2001151085,3,0.3,10000,0.1,100,3,100000000000,DCQCN
2001153575,4,0.4,10000,0.1,100,3,100000000000,DCQCN
2001153741,5,0.5,10000,0.1,100,3,100000000000,DCQCN
2001155069,2,0.2,10000,0.1,100,3,100000000000,DCQCN
2001156401,3,0.3,10000,0.1,100,3,100000000000,DCQCN
2001156982,4,0.4,10000,0.1,100,3,100000000000,DCQCN
2001157065,5,0.5,10000,0.1,100,3,100000000000,DCQCN
2001157393,2,0.2,10000,0.1,100,3,100000000000,DCQCN
2001158721,3,0.3,10000,0.1,100,3,100000000000,DCQCN
2001160049,4,0.4,10000,0.1,100,3,100000000000,DCQCN
2001161958,5,0.5,10000,0.1,100,3,100000000000,DCQCN
2001162705,2,0.2,10000,0.1,100,3,100000000000,DCQCN
2001164037,2,0.2,10000,0.1,100,3,100000000000,DCQCN
2001164365,3,0.3,10000,0.1,100,3,100000000000,DCQCN
2001166938,4,0.4,10000,0.1,100,3,100000000000,DCQCN
2001167021,5,0.5,10000,0.1,100,3,100000000000,DCQCN
2001168349,3,0.3,10000,0.1,100,3,100000000000,DCQCN
2001170839,4,0.4,10000,0.1,100,3,100000000000,DCQCN
2001171005,5,0.5,10000,0.1,100,3,100000000000,DCQCN
2001172333,2,0.2,10000,0.1,100,3,100000000000,DCQCN
2001173665,3,0.3,10000,0.1,100,3,100000000000,DCQCN
2001174246,4,0.4,10000,0.1,100,3,100000000000,DCQCN
2001174329,5,0.5,10000,0.1,100,3,100000000000,DCQCN
2001174657,2,0.2,10000,0.1,100,3,100000000000,DCQCN
2001175985,3,0.3,10000,0.1,100,3,100000000000,DCQCN
2001177313,4,0.4,10000,0.1,100,3,100000000000,DCQCN
2001179222,5,0.5,10000,0.1,100,3,100000000000,DCQCN
2001179969,2,0.2,10000,0.1,100,3,100000000000,DCQCN
2001181301,2,0.2,10000,0.1,100,3,100000000000,DCQCN
2001181629,3,0.3,10000,0.1,100,3,100000000000,DCQCN
2001184202,4,0.4,10000,0.1,100,3,100000000000,DCQCN
2001184285,5,0.5,10000,0.1,100,3,100000000000,DCQCN
2001185613,3,0.3,10000,0.1,100,3,100000000000,DCQCN
2001188103,4,0.4,10000,0.1,100,3,100000000000,DCQCN
2001188269,5,0.5,10000,0.1,100,3,100000000000,DCQCN
2001189597,2,0.2,10000,0.1,100,3,100000000000,DCQCN
2001190929,3,0.3,10000,0.1,100,3,100000000000,DCQCN
2001191510,4,0.4,10000,0.1,100,3,100000000000,DCQCN
2001191593,5,0.5,10000,0.1,100,3,100000000000,DCQCN
2001191921,2,0.2,10000,0.1,100,3,100000000000,DCQCN
2001193249,3,0.3,10000,0.1,100,3,100000000000,DCQCN
2001194577,4,0.4,10000,0.1,100,3,100000000000,DCQCN
2001196486,5,0.5,10000,0.1,100,3,100000000000,DCQCN
2001197233,2,0.2,10000,0.1,100,3,100000000000,DCQCN
2001198565,2,0.2,10000,0.1,100,3,100000000000,DCQCN
2001198893,3,0.3,10000,0.1,100,3,100000000000,DCQCN
2001201466,4,0.4,10000,0.1,100,3,100000000000,DCQCN
2001201549,5,0.5,10000,0.1,100,3,100000000000,DCQCN
2001202877,3,0.3,10000,0.1,100,3,100000000000,DCQCN
2001205367,4,0.4,10000,0.1,100,3,100000000000,DCQCN
2001205533,5,0.5,10000,0.1,100,3,100000000000,DCQCN
2001206861,2,0.2,10000,0.1,100,3,100000000000,DCQCN
2001208193,3,0.3,10000,0.1,100,3,100000000000,DCQCN
2001208774,4,0.4,10000,0.1,100,3,100000000000,DCQCN
2001208857,5,0.5,10000,0.1,100,3,100000000000,DCQCN
2001209185,2,0.2,10000,0.1,100,3,100000000000,DCQCN
2001210513,3,0.3,10000,0.1,100,3,100000000000,DCQCN
2001211841,4,0.4,10000,0.1,100,3,100000000000,DCQCN
2001213750,5,0.5,10000,0.1,100,3,100000000000,DCQCN
2001214497,2,0.2,10000,0.1,100,3,100000000000,DCQCN
2001215829,2,0.2,10000,0.1,100,3,100000000000,DCQCN
2001216157,3,0.3,10000,0.1,100,3,100000000000,DCQCN
2001218730,4,0.4,10000,0.1,100,3,100000000000,DCQCN
2001218813,5,0.5,10000,0.1,100,3,100000000000,DCQCN
2001220141,3,0.3,10000,0.1,100,3,100000000000,DCQCN
2001222631,4,0.4,10000,0.1,100,3,100000000000,DCQCN
2001222797,5,0.5,10000,0.1,100,3,100000000000,DCQCN
2001224125,2,0.2,10000,0.1,100,3,100000000000,DCQCN
2001225457,3,0.3,10000,0.1,100,3,100000000000,DCQCN
2001226038,4,0.4,10000,0.1,100,3,100000000000,DCQCN
2001226121,5,0.5,10000,0.1,100,3,100000000000,DCQCN
2001226449,2,0.2,10000,0.1,100,3,100000000000,DCQCN
2001227777,3,0.3,10000,0.1,100,3,100000000000,DCQCN
2001229105,4,0.4,10000,0.1,100,3,100000000000,DCQCN
2001231014,5,0.5,10000,0.1,100,3,100000000000,DCQCN
2001231761,2,0.2,10000,0.1,100,3,100000000000,DCQCN
2001233093,2,0.2,10000,0.1,100,3,100000000000,DCQCN
2001233421,3,0.3,10000,0.1,100,3,100000000000,DCQCN
2001235994,4,0.4,10000,0.1,100,3,100000000000,DCQCN
2001236077,5,0.5,10000,0.1,100,3,100000000000,DCQCN
2001237405,3,0.3,10000,0.1,100,3,100000000000,DCQCN
2001239895,4,0.4,10000,0.1,100,3,100000000000,DCQCN
2001240061,5,0.5,10000,0.1,100,3,100000000000,DCQCN
2001241389,2,0.2,10000,0.1,100,3,100000000000,DCQCN
2001242721,3,0.3,10000,0.1,100,3,100000000000,DCQCN
2001243302,4,0.4,10000,0.1,100,3,100000000000,DCQCN
2001243385,5,0.5,10000,0.1,100,3,100000000000,DCQCN
2001243713,2,0.2,10000,0.1,100,3,100000000000,DCQCN
2001245041,3,0.3,10000,0.1,100,3,100000000000,DCQCN
2001246369,4,0.4,10000,0.1,100,3,100000000000,DCQCN
2001248278,5,0.5,10000,0.1,100,3,100000000000,DCQCN
2001249025,2,0.2,10000,0.1,100,3,100000000000,DCQCN
2001250357,2,0.2,10000,0.1,100,3,100000000000,DCQCN
2001250685,3,0.3,10000,0.1,100,3,100000000000,DCQCN
2001253258,4,0.4,10000,0.1,100,3,100000000000,DCQCN
2001253341,5,0.5,10000,0.1,100,3,100000000000,DCQCN
2001254669,3,0.3,10000,0.1,100,3,100000000000,DCQCN
2001257159,4,0.4,10000,0.1,100,3,100000000000,DCQCN
2001257325,5,0.5,10000,0.1,100,3,100000000000,DCQCN
2001258653,2,0.2,10000,0.1,100,3,100000000000,DCQCN
2001259985,3,0.3,10000,0.1,100,3,100000000000,DCQCN
2001260566,4,0.4,10000,0.1,100,3,100000000000,DCQCN
2001260649,5,0.5,10000,0.1,100,3,100000000000,DCQCN
2001260977,2,0.2,10000,0.1,100,3,100000000000,DCQCN
2001262305,3,0.3,10000,0.1,100,3,100000000000,DCQCN
2001263633,4,0.4,10000,0.1,100,3,100000000000,DCQCN
2001265542,5,0.5,10000,0.1,100,3,100000000000,DCQCN
2001266289,2,0.2,10000,0.1,100,3,100000000000,DCQCN
2001267621,2,0.2,10000,0.1,100,3,100000000000,DCQCN
2001267949,3,0.3,10000,0.1,100,3,100000000000,DCQCN
2001270522,4,0.4,10000,0.1,100,3,100000000000,DCQCN
2001270605,5,0.5,10000,0.1,100,3,100000000000,DCQCN
2001271933,3,0.3,10000,0.1,100,3,100000000000,DCQCN
2001274423,4,0.4,10000,0.1,100,3,100000000000,DCQCN
2001274589,5,0.5,10000,0.1,100,3,100000000000,DCQCN
2001275917,2,0.2,10000,0.1,100,3,100000000000,DCQCN
2001277249,3,0.3,10000,0.1,100,3,100000000000,DCQCN
2001277830,4,0.4,10000,0.1,100,3,100000000000,DCQCN
2001277913,5,0.5,10000,0.1,100,3,100000000000,DCQCN
2001278241,2,0.2,10000,0.1,100,3,100000000000,DCQCN
2001279569,3,0.3,10000,0.1,100,3,100000000000,DCQCN
2001280897,4,0.4,10000,0.1,100,3,100000000000,DCQCN
2001282806,5,0.5,10000,0.1,100,3,100000000000,DCQCN
2001283553,2,0.2,10000,0.1,100,3,100000000000,DCQCN
2001284885,2,0.2,10000,0.1,100,3,100000000000,DCQCN
2001285213,3,0.3,10000,0.1,100,3,100000000000,DCQCN
2001287786,4,0.4,10000,0.1,100,3,100000000000,DCQCN
2001287869,5,0.5,10000,0.1,100,3,100000000000,DCQCN
2001289197,3,0.3,10000,0.1,100,3,100000000000,DCQCN
2001291687,4,0.4,10000,0.1,100,3,100000000000,DCQCN
2001291853,5,0.5,10000,0.1,100,3,100000000000,DCQCN
2001293181,2,0.2,10000,0.1,100,3,100000000000,DCQCN
2001294513,3,0.3,10000,0.1,100,3,100000000000,DCQCN
2001295094,4,0.4,10000,0.1,100,3,100000000000,DCQCN
2001295177,5,0.5,10000,0.1,100,3,100000000000,DCQCN
2001295505,2,0.2,10000,0.1,100,3,100000000000,DCQCN
2001296833,3,0.3,10000,0.1,100,3,100000000000,DCQCN
2001298161,4,0.4,10000,0.1,100,3,100000000000,DCQCN
2001300070,5,0.5,10000,0.1,100,3,100000000000,DCQCN
2001300817,2,0.2,10000,0.1,100,3,100000000000,DCQCN
2001302149,2,0.2,10000,0.1,100,3,100000000000,DCQCN
2001302477,3,0.3,10000,0.1,100,3,100000000000,DCQCN
2001305050,4,0.4,10000,0.1,100,3,100000000000,DCQCN
2001305133,5,0.5,10000,0.1,100,3,100000000000,DCQCN
2001306461,3,0.3,10000,0.1,100,3,100000000000,DCQCN
2001308951,4,0.4,10000,0.1,100,3,100000000000,DCQCN
2001309117,5,0.5,10000,0.1,100,3,100000000000,DCQCN
2001310445,2,0.2,10000,0.1,100,3,100000000000,DCQCN
2001311777,3,0.3,10000,0.1,100,3,100000000000,DCQCN
2001312358,4,0.4,10000,0.1,100,3,100000000000,DCQCN
2001312441,5,0.5,10000,0.1,100,3,100000000000,DCQCN
2001312769,2,0.2,10000,0.1,100,3,100000000000,DCQCN
2001314097,3,0.3,10000,0.1,100,3,100000000000,DCQCN
2001315425,4,0.4,10000,0.1,100,3,100000000000,DCQCN
2001317334,5,0.5,10000,0.1,100,3,100000000000,DCQCN
2001318081,2,0.2,10000,0.1,100,3,100000000000,DCQCN
2001319413,2,0.2,10000,0.1,100,3,100000000000,DCQCN
2001319741,3,0.3,10000,0.1,100,3,100000000000,DCQCN
2001322314,4,0.4,10000,0.1,100,3,100000000000,DCQCN
2001322397,5,0.5,10000,0.1,100,3,100000000000,DCQCN
2001323725,3,0.3,10000,0.1,100,3,100000000000,DCQCN
2001326215,4,0.4,10000,0.1,100,3,100000000000,DCQCN
2001326381,5,0.5,10000,0.1,100,3,100000000000,DCQCN
2001327709,2,0.2,10000,0.1,100,3,100000000000,DCQCN
2001329041,3,0.3,10000,0.1,100,3,100000000000,DCQCN
2001329622,4,0.4,10000,0.1,100,3,100000000000,DCQCN
2001329705,5,0.5,10000,0.1,100,3,100000000000,DCQCN
2001330033,2,0.2,10000,0.1,100,3,100000000000,DCQCN
2001331361,3,0.3,10000,0.1,100,3,100000000000,DCQCN
2001332689,4,0.4,10000,0.1,100,3,100000000000,DCQCN
2001334598,5,0.5,10000,0.1,100,3,100000000000,DCQCN
2001335345,2,0.2,10000,0.1,100,3,100000000000,DCQCN
2001336677,2,0.2,10000,0.1,100,3,100000000000,DCQCN
2001337005,3,0.3,10000,0.1,100,3,100000000000,DCQCN
2001339578,4,0.4,10000,0.1,100,3,100000000000,DCQCN
2001339661,5,0.5,10000,0.1,100,3,100000000000,DCQCN
2001340989,3,0.3,10000,0.1,100,3,100000000000,DCQCN
2001343479,4,0.4,10000,0.1,100,3,100000000000,DCQCN
2001343645,5,0.5,10000,0.1,100,3,100000000000,DCQCN
2001344973,2,0.2,10000,0.1,100,3,100000000000,DCQCN
2001346305,3,0.3,10000,0.1,100,3,100000000000,DCQCN
2001346886,4,0.4,10000,0.1,100,3,100000000000,DCQCN
2001346969,5,0.5,10000,0.1,100,3,100000000000,DCQCN
2001347297,2,0.2,10000,0.1,100,3,100000000000,DCQCN
2001348625,3,0.3,10000,0.1,100,3,100000000000,DCQCN
2001349953,4,0.4,10000,0.1,100,3,100000000000,DCQCN
2001351862,5,0.5,10000,0.1,100,3,100000000000,DCQCN
2001352609,2,0.2,10000,0.1,100,3,100000000000,DCQCN
2001353941,2,0.2,10000,0.1,100,3,100000000000,DCQCN
2001354269,3,0.3,10000,0.1,100,3,100000000000,DCQCN
2001356842,4,0.4,10000,0.1,100,3,100000000000,DCQCN
2001356925,5,0.5,10000,0.1,100,3,100000000000,DCQCN
2001358253,3,0.3,10000,0.1,100,3,100000000000,DCQCN
2001360743,4,0.4,10000,0.1,100,3,100000000000,DCQCN
2001360909,5,0.5,10000,0.1,100,3,100000000000,DCQCN
2001362237,2,0.2,10000,0.1,100,3,100000000000,DCQCN
2001363569,3,0.3,10000,0.1,100,3,100000000000,DCQCN
2001364150,4,0.4,10000,0.1,100,3,100000000000,DCQCN
2001364233,5,0.5,10000,0.1,100,3,100000000000,DCQCN
2001364561,2,0.2,10000,0.1,100,3,100000000000,DCQCN
2001365889,3,0.3,10000,0.1,100,3,100000000000,DCQCN
2001367217,4,0.4,10000,0.1,100,3,100000000000,DCQCN
2001369126,5,0.5,10000,0.1,100,3,100000000000,DCQCN
2001369873,2,0.2,10000,0.1,100,3,100000000000,DCQCN
2001371205,2,0.2,10000,0.1,100,3,100000000000,DCQCN
2001371533,3,0.3,10000,0.1,100,3,100000000000,DCQCN
2001374106,4,0.4,10000,0.1,100,3,100000000000,DCQCN
2001374189,5,0.5,10000,0.1,100,3,100000000000,DCQCN
2001375517,3,0.3,10000,0.1,100,3,100000000000,DCQCN
2001378007,4,0.4,10000,0.1,100,3,100000000000,DCQCN
2001378173,5,0.5,10000,0.1,100,3,100000000000,DCQCN
2001379501,2,0.2,10000,0.1,100,3,100000000000,DCQCN
2001380833,3,0.3,10000,0.1,100,3,100000000000,DCQCN
2001381414,4,0.4,10000,0.1,100,3,100000000000,DCQCN
2001381497,5,0.5,10000,0.1,100,3,100000000000,DCQCN
2001381825,2,0.2,10000,0.1,100,3,100000000000,DCQCN
2001383153,3,0.3,10000,0.1,100,3,100000000000,DCQCN
2001384481,4,0.4,10000,0.1,100,3,100000000000,DCQCN
2001386390,5,0.5,10000,0.1,100,3,100000000000,DCQCN
2001387137,2,0.2,10000,0.1,100,3,100000000000,DCQCN
2001388469,2,0.2,10000,0.1,100,3,100000000000,DCQCN
2001388797,3,0.3,10000,0.1,100,3,100000000000,DCQCN
2001391370,4,0.4,10000,0.1,100,3,100000000000,DCQCN
2001391453,5,0.5,10000,0.1,100,3,100000000000,DCQCN
2001392781,3,0.3,10000,0.1,100,3,100000000000,DCQCN
2001395271,4,0.4,10000,0.1,100,3,100000000000,DCQCN
2001395437,5,0.5,10000,0.1,100,3,100000000000,DCQCN
2001396765,2,0.2,10000,0.1,100,3,100000000000,DCQCN
2001398097,3,0.3,10000,0.1,100,3,100000000000,DCQCN
2001398678,4,0.4,10000,0.1,100,3,100000000000,DCQCN
2001398761,5,0.5,10000,0.1,100,3,100000000000,DCQCN
2001399089,2,0.2,10000,0.1,100,3,100000000000,DCQCN
2001400417,3,0.3,10000,0.1,100,3,100000000000,DCQCN
2001401745,4,0.4,10000,0.1,100,3,100000000000,DCQCN
2001403654,5,0.5,10000,0.1,100,3,100000000000,DCQCN
2001404401,2,0.2,10000,0.1,100,3,100000000000,DCQCN
2001405733,2,0.2,10000,0.1,100,3,100000000000,DCQCN
2001406061,3,0.3,10000,0.1,100,3,100000000000,DCQCN
2001408634,4,0.4,10000,0.1,100,3,100000000000,DCQCN
2001408717,5,0.5,10000,0.1,100,3,100000000000,DCQCN
2001410045,3,0.3,10000,0.1,100,3,100000000000,DCQCN
2001412535,4,0.4,10000,0.1,100,3,100000000000,DCQCN
2001412701,5,0.5,10000,0.1,100,3,100000000000,DCQCN
2001414029,2,0.2,10000,0.1,100,3,100000000000,DCQCN
2001415361,3,0.3,10000,0.1,100,3,100000000000,DCQCN
2001415942,4,0.4,10000,0.1,100,3,100000000000,DCQCN
2001416025,5,0.5,10000,0.1,100,3,100000000000,DCQCN
2001416353,2,0.2,10000,0.1,100,3,100000000000,DCQCN
2001417681,3,0.3,10000,0.1,100,3,100000000000,DCQCN
2001419009,4,0.4,10000,0.1,100,3,100000000000,DCQCN
2001420918,5,0.5,10000,0.1,100,3,100000000000,DCQCN
2001421665,2,0.2,10000,0.1,100,3,100000000000,DCQCN
2001422997,2,0.2,10000,0.1,100,3,100000000000,DCQCN
2001423325,3,0.3,10000,0.1,100,3,100000000000,DCQCN
2001425898,4,0.4,10000,0.1,100,3,100000000000,DCQCN
2001425981,5,0.5,10000,0.1,100,3,100000000000,DCQCN
2001427309,3,0.3,10000,0.1,100,3,100000000000,DCQCN
2001429799,4,0.4,10000,0.1,100,3,100000000000,DCQCN
2001429965,5,0.5,10000,0.1,100,3,100000000000,DCQCN
2001431293,2,0.2,10000,0.1,100,3,100000000000,DCQCN
2001432625,3,0.3,10000,0.1,100,3,100000000000,DCQCN
2001433206,4,0.4,10000,0.1,100,3,100000000000,DCQCN
2001433289,5,0.5,10000,0.1,100,3,100000000000,DCQCN
2001433617,2,0.2,10000,0.1,100,3,100000000000,DCQCN
2001434945,3,0.3,10000,0.1,100,3,100000000000,DCQCN
2001436273,4,0.4,10000,0.1,100,3,100000000000,DCQCN
2001438182,5,0.5,10000,0.1,100,3,100000000000,DCQCN
2001438929,2,0.2,10000,0.1,100,3,100000000000,DCQCN
2001440261,2,0.2,10000,0.1,100,3,100000000000,DCQCN
2001440589,3,0.3,10000,0.1,100,3,100000000000,DCQCN
2001443162,4,0.4,10000,0.1,100,3,100000000000,DCQCN
2001443245,5,0.5,10000,0.1,100,3,100000000000,DCQCN
2001444573,3,0.3,10000,0.1,100,3,100000000000,DCQCN
2001447063,4,0.4,10000,0.1,100,3,100000000000,DCQCN
2001447229,5,0.5,10000,0.1,100,3,100000000000,DCQCN
2001448893,2,0.2,10000,0.1,100,3,100000000000,DCQCN
2001449806,4,0.4,10000,0.1,100,3,100000000000,DCQCN
2001449885,3,0.3,10000,0.1,100,3,100000000000,DCQCN
2001449889,5,0.5,10000,0.1,100,3,100000000000,DCQCN
2001451217,3,0.3,10000,0.1,100,3,100000000000,DCQCN
2001451545,4,0.4,10000,0.1,100,3,100000000000,DCQCN
2001452873,5,0.5,10000,0.1,100,3,100000000000,DCQCN
2001454201,3,0.3,10000,0.1,100,3,100000000000,DCQCN
2001456774,4,0.4,10000,0.1,100,3,100000000000,DCQCN
2001456857,5,0.5,10000,0.1,100,3,100000000000,DCQCN
2001458185,3,0.3,10000,0.1,100,3,100000000000,DCQCN
2001460675,4,0.4,10000,0.1,100,3,100000000000,DCQCN
2001460841,5,0.5,10000,0.1,100,3,100000000000,DCQCN
2001462671,4,0.4,10000,0.1,100,3,100000000000,DCQCN
2001462833,3,0.3,10000,0.1,100,3,100000000000,DCQCN
2001462837,5,0.5,10000,0.1,100,3,100000000000,DCQCN
2001464165,3,0.3,10000,0.1,100,3,100000000000,DCQCN
2001464493,4,0.4,10000,0.1,100,3,100000000000,DCQCN
2001465821,5,0.5,10000,0.1,100,3,100000000000,DCQCN
2001467149,3,0.3,10000,0.1,100,3,100000000000,DCQCN
2001469722,4,0.4,10000,0.1,100,3,100000000000,DCQCN
2001469805,5,0.5,10000,0.1,100,3,100000000000,DCQCN
2001471133,3,0.3,10000,0.1,100,3,100000000000,DCQCN
2001473623,4,0.4,10000,0.1,100,3,100000000000,DCQCN
2001473789,5,0.5,10000,0.1,100,3,100000000000,DCQCN
2001475453,4,0.4,10000,0.1,100,3,100000000000,DCQCN
2001475781,3,0.3,10000,0.1,100,3,100000000000,DCQCN
2001475785,5,0.5,10000,0.1,100,3,100000000000,DCQCN
2001477113,3,0.3,10000,0.1,100,3,100000000000,DCQCN
2001477441,4,0.4,10000,0.1,100,3,100000000000,DCQCN
2001478769,5,0.5,10000,0.1,100,3,100000000000,DCQCN
2001480097,3,0.3,10000,0.1,100,3,100000000000,DCQCN
2001482670,4,0.4,10000,0.1,100,3,100000000000,DCQCN
2001482753,5,0.5,10000,0.1,100,3,100000000000,DCQCN
2001484081,3,0.3,10000,0.1,100,3,100000000000,DCQCN
2001486571,4,0.4,10000,0.1,100,3,100000000000,DCQCN
2001486737,5,0.5,10000,0.1,100,3,100000000000,DCQCN
2001488069,4,0.4,10000,0.1,100,3,100000000000,DCQCN
2001488729,3,0.3,10000,0.1,100,3,100000000000,DCQCN
2001488733,5,0.5,10000,0.1,100,3,100000000000,DCQCN
2001490061,3,0.3,10000,0.1,100,3,100000000000,DCQCN
2001490389,4,0.4,10000,0.1,100,3,100000000000,DCQCN
2001491717,5,0.5,10000,0.1,100,3,100000000000,DCQCN
2001493045,3,0.3,10000,0.1,100,3,100000000000,DCQCN
2001495618,4,0.4,10000,0.1,100,3,100000000000,DCQCN
2001495701,5,0.5,10000,0.1,100,3,100000000000,DCQCN
2001497029,3,0.3,10000,0.1,100,3,100000000000,DCQCN
2001499519,4,0.4,10000,0.1,100,3,100000000000,DCQCN
2001499685,5,0.5,10000,0.1,100,3,100000000000,DCQCN
2001501017,4,0.4,10000,0.1,100,3,100000000000,DCQCN
2001501677,3,0.3,10000,0.1,100,3,100000000000,DCQCN
2001501681,5,0.5,10000,0.1,100,3,100000000000,DCQCN
2001503009,3,0.3,10000,0.1,100,3,100000000000,DCQCN
2001503337,4,0.4,10000,0.1,100,3,100000000000,DCQCN
2001504665,5,0.5,10000,0.1,100,3,100000000000,DCQCN
2001505993,3,0.3,10000,0.1,100,3,100000000000,DCQCN
2001508566,4,0.4,10000,0.1,100,3,100000000000,DCQCN
2001508649,5,0.5,10000,0.1,100,3,100000000000,DCQCN
2001509977,3,0.3,10000,0.1,100,3,100000000000,DCQCN
2001512467,4,0.4,10000,0.1,100,3,100000000000,DCQCN
2001512633,5,0.5,10000,0.1,100,3,100000000000,DCQCN
2001513965,4,0.4,10000,0.1,100,3,100000000000,DCQCN
2001514625,3,0.3,10000,0.1,100,3,100000000000,DCQCN
2001514629,5,0.5,10000,0.1,100,3,100000000000,DCQCN
2001515957,3,0.3,10000,0.1,100,3,100000000000,DCQCN
2001516285,4,0.4,10000,0.1,100,3,100000000000,DCQCN
2001517613,5,0.5,10000,0.1,100,3,100000000000,DCQCN
2001518941,3,0.3,10000,0.1,100,3,100000000000,DCQCN
2001521514,4,0.4,10000,0.1,100,3,100000000000,DCQCN
2001521597,5,0.5,10000,0.1,100,3,100000000000,DCQCN
2001522925,3,0.3,10000,0.1,100,3,100000000000,DCQCN
2001525415,4,0.4,10000,0.1,100,3,100000000000,DCQCN
2001525581,5,0.5,10000,0.1,100,3,100000000000,DCQCN
2001526913,4,0.4,10000,0.1,100,3,100000000000,DCQCN
2001527573,3,0.3,10000,0.1,100,3,100000000000,DCQCN
2001527577,5,0.5,10000,0.1,100,3,100000000000,DCQCN
2001528905,3,0.3,10000,0.1,100,3,100000000000,DCQCN
2001529233,4,0.4,10000,0.1,100,3,100000000000,DCQCN
2001530561,5,0.5,10000,0.1,100,3,100000000000,DCQCN
2001531889,3,0.3,10000,0.1,100,3,100000000000,DCQCN
2001534462,4,0.4,10000,0.1,100,3,100000000000,DCQCN
2001534545,5,0.5,10000,0.1,100,3,100000000000,DCQCN
2001535873,3,0.3,10000,0.1,100,3,100000000000,DCQCN
2001538363,4,0.4,10000,0.1,100,3,100000000000,DCQCN
2001538529,5,0.5,10000,0.1,100,3,100000000000,DCQCN
2001539861,4,0.4,10000,0.1,100,3,100000000000,DCQCN
2001540521,3,0.3,10000,0.1,100,3,100000000000,DCQCN
2001540525,5,0.5,10000,0.1,100,3,100000000000,DCQCN
2001541853,3,0.3,10000,0.1,100,3,100000000000,DCQCN
2001542181,4,0.4,10000,0.1,100,3,100000000000,DCQCN
2001543509,5,0.5,10000,0.1,100,3,100000000000,DCQCN
2001544837,3,0.3,10000,0.1,100,3,100000000000,DCQCN
2001547410,4,0.4,10000,0.1,100,3,100000000000,DCQCN
2001547493,5,0.5,10000,0.1,100,3,100000000000,DCQCN
2001548821,3,0.3,10000,0.1,100,3,100000000000,DCQCN
2001551311,4,0.4,10000,0.1,100,3,100000000000,DCQCN
2001551477,5,0.5,10000,0.1,100,3,100000000000,DCQCN
2001552809,4,0.4,10000,0.1,100,3,100000000000,DCQCN
2001553469,3,0.3,10000,0.1,100,3,100000000000,DCQCN
2001553473,5,0.5,10000,0.1,100,3,100000000000,DCQCN
2001554801,3,0.3,10000,0.1,100,3,100000000000,DCQCN
2001555129,4,0.4,10000,0.1,100,3,100000000000,DCQCN
2001556457,5,0.5,10000,0.1,100,3,100000000000,DCQCN
2001557785,3,0.3,10000,0.1,100,3,100000000000,DCQCN
2001560358,4,0.4,10000,0.1,100,3,100000000000,DCQCN
2001560441,5,0.5,10000,0.1,100,3,100000000000,DCQCN
2001561769,3,0.3,10000,0.1,100,3,100000000000,DCQCN
2001564259,4,0.4,10000,0.1,100,3,100000000000,DCQCN
2001564425,5,0.5,10000,0.1,100,3,100000000000,DCQCN
2001565757,4,0.4,10000,0.1,100,3,100000000000,DCQCN
2001566417,3,0.3,10000,0.1,100,3,100000000000,DCQCN
2001566421,5,0.5,10000,0.1,100,3,100000000000,DCQCN
2001567749,3,0.3,10000,0.1,100,3,100000000000,DCQCN
2001568077,4,0.4,10000,0.1,100,3,100000000000,DCQCN
2001569405,5,0.5,10000,0.1,100,3,100000000000,DCQCN
2001570733,3,0.3,10000,0.1,100,3,100000000000,DCQCN
2001573306,4,0.4,10000,0.1,100,3,100000000000,DCQCN
2001573389,5,0.5,10000,0.1,100,3,100000000000,DCQCN
2001574717,3,0.3,10000,0.1,100,3,100000000000,DCQCN
2001577207,4,0.4,10000,0.1,100,3,100000000000,DCQCN
2001577373,5,0.5,10000,0.1,100,3,100000000000,DCQCN
2001578705,4,0.4,10000,0.1,100,3,100000000000,DCQCN
2001579365,3,0.3,10000,0.1,100,3,100000000000,DCQCN
2001579369,5,0.5,10000,0.1,100,3,100000000000,DCQCN
2001580697,3,0.3,10000,0.1,100,3,100000000000,DCQCN
2001581025,4,0.4,10000,0.1,100,3,100000000000,DCQCN
2001582353,5,0.5,10000,0.1,100,3,100000000000,DCQCN
2001583681,3,0.3,10000,0.1,100,3,100000000000,DCQCN
2001586254,4,0.4,10000,0.1,100,3,100000000000,DCQCN
2001586337,5,0.5,10000,0.1,100,3,100000000000,DCQCN
2001587665,3,0.3,10000,0.1,100,3,100000000000,DCQCN
2001590155,4,0.4,10000,0.1,100,3,100000000000,DCQCN
2001590321,5,0.5,10000,0.1,100,3,100000000000,DCQCN
2001591653,4,0.4,10000,0.1,100,3,100000000000,DCQCN
2001592313,3,0.3,10000,0.1,100,3,100000000000,DCQCN
2001592317,5,0.5,10000,0.1,100,3,100000000000,DCQCN
2001593645,3,0.3,10000,0.1,100,3,100000000000,DCQCN
2001593973,4,0.4,10000,0.1,100,3,100000000000,DCQCN
2001595301,5,0.5,10000,0.1,100,3,100000000000,DCQCN
2001596629,3,0.3,10000,0.1,100,3,100000000000,DCQCN
2001599202,4,0.4,10000,0.1,100,3,100000000000,DCQCN
2001599285,5,0.5,10000,0.1,100,3,100000000000,DCQCN
2001600613,3,0.3,10000,0.1,100,3,100000000000,DCQCN
2001603103,4,0.4,10000,0.1,100,3,100000000000,DCQCN
2001603269,5,0.5,10000,0.1,100,3,100000000000,DCQCN
2001604601,4,0.4,10000,0.1,100,3,100000000000,DCQCN
2001605261,3,0.3,10000,0.1,100,3,100000000000,DCQCN
2001605265,5,0.5,10000,0.1,100,3,100000000000,DCQCN
2001606593,3,0.3,10000,0.1,100,3,100000000000,DCQCN
2001606921,4,0.4,10000,0.1,100,3,100000000000,DCQCN
2001608249,5,0.5,10000,0.1,100,3,100000000000,DCQCN
2001609577,3,0.3,10000,0.1,100,3,100000000000,DCQCN
2001612150,4,0.4,10000,0.1,100,3,100000000000,DCQCN
2001612233,5,0.5,10000,0.1,100,3,100000000000,DCQCN
2001613561,3,0.3,10000,0.1,100,3,100000000000,DCQCN
2001616051,4,0.4,10000,0.1,100,3,100000000000,DCQCN
2001616217,5,0.5,10000,0.1,100,3,100000000000,DCQCN
2001617549,4,0.4,10000,0.1,100,3,100000000000,DCQCN
2001618209,3,0.3,10000,0.1,100,3,100000000000,DCQCN
2001618213,5,0.5,10000,0.1,100,3,100000000000,DCQCN
2001619541,3,0.3,10000,0.1,100,3,100000000000,DCQCN
2001619869,4,0.4,10000,0.1,100,3,100000000000,DCQCN
2001621197,5,0.5,10000,0.1,100,3,100000000000,DCQCN
2001622525,3,0.3,10000,0.1,100,3,100000000000,DCQCN
2001625098,4,0.4,10000,0.1,100,3,100000000000,DCQCN
2001625181,5,0.5,10000,0.1,100,3,100000000000,DCQCN
2001626509,3,0.3,10000,0.1,100,3,100000000000,DCQCN
2001628999,4,0.4,10000,0.1,100,3,100000000000,DCQCN
2001629165,5,0.5,10000,0.1,100,3,100000000000,DCQCN
2001630497,4,0.4,10000,0.1,100,3,100000000000,DCQCN
2001631157,3,0.3,10000,0.1,100,3,100000000000,DCQCN
2001631161,5,0.5,10000,0.1,100,3,100000000000,DCQCN
2001632489,3,0.3,10000,0.1,100,3,100000000000,DCQCN
2001632817,4,0.4,10000,0.1,100,3,100000000000,DCQCN
2001634145,5,0.5,10000,0.1,100,3,100000000000,DCQCN
2001635473,3,0.3,10000,0.1,100,3,100000000000,DCQCN
2001638046,4,0.4,10000,0.1,100,3,100000000000,DCQCN
2001638129,5,0.5,10000,0.1,100,3,100000000000,DCQCN
2001639457,3,0.3,10000,0.1,100,3,100000000000,DCQCN
2001641947,4,0.4,10000,0.1,100,3,100000000000,DCQCN
2001642113,5,0.5,10000,0.1,100,3,100000000000,DCQCN
2001643445,4,0.4,10000,0.1,100,3,100000000000,DCQCN
2001644105,3,0.3,10000,0.1,100,3,100000000000,DCQCN
2001644109,5,0.5,10000,0.1,100,3,100000000000,DCQCN
2001645437,3,0.3,10000,0.1,100,3,100000000000,DCQCN
2001645765,4,0.4,10000,0.1,100,3,100000000000,DCQCN
2001647093,5,0.5,10000,0.1,100,3,100000000000,DCQCN
2001648421,3,0.3,10000,0.1,100,3,100000000000,DCQCN
2001650994,4,0.4,10000,0.1,100,3,100000000000,DCQCN
2001651077,5,0.5,10000,0.1,100,3,100000000000,DCQCN
2001652405,3,0.3,10000,0.1,100,3,100000000000,DCQCN
2001654895,4,0.4,10000,0.1,100,3,100000000000,DCQCN
2001655061,5,0.5,10000,0.1,100,3,100000000000,DCQCN
2001656393,4,0.4,10000,0.1,100,3,100000000000,DCQCN
2001657053,3,0.3,10000,0.1,100,3,100000000000,DCQCN
2001657057,5,0.5,10000,0.1,100,3,100000000000,DCQCN
2001658385,3,0.3,10000,0.1,100,3,100000000000,DCQCN
2001658713,4,0.4,10000,0.1,100,3,100000000000,DCQCN
2001660041,5,0.5,10000,0.1,100,3,100000000000,DCQCN
2001661369,3,0.3,10000,0.1,100,3,100000000000,DCQCN
2001663942,4,0.4,10000,0.1,100,3,100000000000,DCQCN
2001664025,5,0.5,10000,0.1,100,3,100000000000,DCQCN
2001665353,3,0.3,10000,0.1,100,3,100000000000,DCQCN
2001667843,4,0.4,10000,0.1,100,3,100000000000,DCQCN
2001668009,5,0.5,10000,0.1,100,3,100000000000,DCQCN
2001669341,4,0.4,10000,0.1,100,3,100000000000,DCQCN
2001670001,3,0.3,10000,0.1,100,3,100000000000,DCQCN
2001670005,5,0.5,10000,0.1,100,3,100000000000,DCQCN
2001671333,3,0.3,10000,0.1,100,3,100000000000,DCQCN
2001671661,4,0.4,10000,0.1,100,3,100000000000,DCQCN
2001672989,5,0.5,10000,0.1,100,3,100000000000,DCQCN
2001674317,3,0.3,10000,0.1,100,3,100000000000,DCQCN
2001676890,4,0.4,10000,0.1,100,3,100000000000,DCQCN
2001676973,5,0.5,10000,0.1,100,3,100000000000,DCQCN
2001678301,3,0.3,10000,0.1,100,3,100000000000,DCQCN
2001680791,4,0.4,10000,0.1,100,3,100000000000,DCQCN
2001680957,5,0.5,10000,0.1,100,3,100000000000,DCQCN
2001682289,4,0.4,10000,0.1,100,3,100000000000,DCQCN
2001682953,5,0.5,10000,0.1,100,3,100000000000,DCQCN
2001683617,3,0.3,10000,0.1,100,3,100000000000,DCQCN
2001684281,4,0.4,10000,0.1,100,3,100000000000,DCQCN
2001684945,5,0.5,10000,0.1,100,3,100000000000,DCQCN
2000005419,2,0.2,10000,0.1,100,3,100000000000,DCQCN
2000006747,2,0.2,10000,0.1,100,3,100000000000,DCQCN
2000008075,2,0.2,10000,0.1,100,3,100000000000,DCQCN
2000009407,2,0.2,10000,0.1,100,3,100000000000,DCQCN
2000010838,2,0.2,10000,0.1,100,3,100000000000,DCQCN
2000012166,2,0.2,10000,0.1,100,3,100000000000,DCQCN
2000013494,2,0.2,10000,0.1,100,3,100000000000,DCQCN
2000014830,2,0.2,10000,0.1,100,3,100000000000,DCQCN
2000016257,2,0.2,10000,0.1,100,3,100000000000,DCQCN
2000017585,2,0.2,10000,0.1,100,3,100000000000,DCQCN
2000018913,2,0.2,10000,0.1,100,3,100000000000,DCQCN
2000020253,2,0.2,10000,0.1,100,3,100000000000,DCQCN
2000021676,2,0.2,10000,0.1,100,3,100000000000,DCQCN
2000023004,2,0.2,10000,0.1,100,3,100000000000,DCQCN
2000024332,2,0.2,10000,0.1,100,3,100000000000,DCQCN
2000025676,2,0.2,10000,0.1,100,3,100000000000,DCQCN
2000027095,2,0.2,10000,0.1,100,3,100000000000,DCQCN
2000028423,2,0.2,10000,0.1,100,3,100000000000,DCQCN
2000029751,2,0.2,10000,0.1,100,3,100000000000,DCQCN
2000031099,2,0.2,10000,0.1,100,3,100000000000,DCQCN
2000032514,2,0.2,10000,0.1,100,3,100000000000,DCQCN
2000033842,2,0.2,10000,0.1,100,3,100000000000,DCQCN
2000035170,2,0.2,10000,0.1,100,3,100000000000,DCQCN
2000036522,2,0.2,10000,0.1,100,3,100000000000,DCQCN
2000037933,2,0.2,10000,0.1,100,3,100000000000,DCQCN
2000039261,2,0.2,10000,0.1,100,3,100000000000,DCQCN
2000040589,2,0.2,10000,0.1,100,3,100000000000,DCQCN
2000041945,2,0.2,10000,0.1,100,3,100000000000,DCQCN
2000043352,2,0.2,10000,0.1,100,3,100000000000,DCQCN
2000044680,2,0.2,10000,0.1,100,3,100000000000,DCQCN
2000046008,2,0.2,10000,0.1,100,3,100000000000,DCQCN
2000047368,2,0.2,10000,0.1,100,3,100000000000,DCQCN
2000048771,2,0.2,10000,0.1,100,3,100000000000,DCQCN
2000050099,2,0.2,10000,0.1,100,3,100000000000,DCQCN
2000051427,2,0.2,10000,0.1,100,3,100000000000,DCQCN
2000052791,2,0.2,10000,0.1,100,3,100000000000,DCQCN
2000054190,2,0.2,10000,0.1,100,3,100000000000,DCQCN
2000055518,2,0.2,10000,0.1,100,3,100000000000,DCQCN
2000056846,2,0.2,10000,0.1,100,3,100000000000,DCQCN
2000058214,2,0.2,10000,0.1,100,3,100000000000,DCQCN
2000059609,2,0.2,10000,0.1,100,3,100000000000,DCQCN
2000060937,2,0.2,10000,0.1,100,3,100000000000,DCQCN
2000062265,2,0.2,10000,0.1,100,3,100000000000,DCQCN
2000063637,2,0.2,10000,0.1,100,3,100000000000,DCQCN
2000065028,2,0.2,10000,0.1,100,3,100000000000,DCQCN
2000066356,2,0.2,10000,0.1,100,3,100000000000,DCQCN
2000067684,2,0.2,10000,0.1,100,3,100000000000,DCQCN
2000069060,2,0.2,10000,0.1,100,3,100000000000,DCQCN
2000070447,2,0.2,10000,0.1,100,3,100000000000,DCQCN
2000071775,2,0.2,10000,0.1,100,3,100000000000,DCQCN
2000073103,2,0.2,10000,0.1,100,3,100000000000,DCQCN
2000074483,2,0.2,10000,0.1,100,3,100000000000,DCQCN
2000075866,2,0.2,10000,0.1,100,3,100000000000,DCQCN
2000077194,2,0.2,10000,0.1,100,3,100000000000,DCQCN
2000078522,2,0.2,10000,0.1,100,3,100000000000,DCQCN
2000079906,2,0.2,10000,0.1,100,3,100000000000,DCQCN
2000081285,2,0.2,10000,0.1,100,3,100000000000,DCQCN
2000082613,2,0.2,10000,0.1,100,3,100000000000,DCQCN
2000083941,2,0.2,10000,0.1,100,3,100000000000,DCQCN
2000085329,2,0.2,10000,0.1,100,3,100000000000,DCQCN
2000086704,2,0.2,10000,0.1,100,3,100000000000,DCQCN
2000088032,2,0.2,10000,0.1,100,3,100000000000,DCQCN
2000089360,2,0.2,10000,0.1,100,3,100000000000,DCQCN
2000090752,2,0.2,10000,0.1,100,3,100000000000,DCQCN
2000092123,2,0.2,10000,0.1,100,3,100000000000,DCQCN
2000093451,2,0.2,10000,0.1,100,3,100000000000,DCQCN
2000094779,2,0.2,10000,0.1,100,3,100000000000,DCQCN
2000096175,2,0.2,10000,0.1,100,3,100000000000,DCQCN
2000097542,2,0.2,10000,0.1,100,3,100000000000,DCQCN
2000098870,2,0.2,10000,0.1,100,3,100000000000,DCQCN
2000100198,2,0.2,10000,0.1,100,3,100000000000,DCQCN
2000101598,2,0.2,10000,0.1,100,3,100000000000,DCQCN
2000102961,2,0.2,10000,0.1,100,3,100000000000,DCQCN
2000104787,2,0.2,10000,0.1,100,3,100000000000,DCQCN
2000109186,3,0.3,10000,0.1,100,3,100000000000,DCQCN
2000109269,4,0.4,10000,0.1,100,3,100000000000,DCQCN
2000109352,5,0.5,10000,0.1,100,3,100000000000,DCQCN
2000110099,2,0.2,10000,0.1,100,3,100000000000,DCQCN
2000112676,2,0.2,10000,0.1,100,3,100000000000,DCQCN
2000113751,3,0.3,10000,0.1,100,3,100000000000,DCQCN
2000113834,4,0.4,10000,0.1,100,3,100000000000,DCQCN
2000113917,5,0.5,10000,0.1,100,3,100000000000,DCQCN
2000118731,3,0.3,10000,0.1,100,3,100000000000,DCQCN
2000118814,4,0.4,10000,0.1,100,3,100000000000,DCQCN
2000118897,5,0.5,10000,0.1,100,3,100000000000,DCQCN
2000119976,2,0.2,10000,0.1,100,3,100000000000,DCQCN
2000121059,3,0.3,10000,0.1,100,3,100000000000,DCQCN
2000121142,4,0.4,10000,0.1,100,3,100000000000,DCQCN
2000121225,5,0.5,10000,0.1,100,3,100000000000,DCQCN
2000121553,2,0.2,10000,0.1,100,3,100000000000,DCQCN
2000125703,3,0.3,10000,0.1,100,3,100000000000,DCQCN
2000125952,4,0.4,10000,0.1,100,3,100000000000,DCQCN
2000126118,5,0.5,10000,0.1,100,3,100000000000,DCQCN
2000126865,2,0.2,10000,0.1,100,3,100000000000,DCQCN
2000128197,2,0.2,10000,0.1,100,3,100000000000,DCQCN
2000130932,3,0.3,10000,0.1,100,3,100000000000,DCQCN
2000131098,4,0.4,10000,0.1,100,3,100000000000,DCQCN
2000131181,5,0.5,10000,0.1,100,3,100000000000,DCQCN
2000134999,3,0.3,10000,0.1,100,3,100000000000,DCQCN
2000135248,4,0.4,10000,0.1,100,3,100000000000,DCQCN
2000135414,5,0.5,10000,0.1,100,3,100000000000,DCQCN
2000136742,2,0.2,10000,0.1,100,3,100000000000,DCQCN
2000138240,3,0.3,10000,0.1,100,3,100000000000,DCQCN
2000138406,4,0.4,10000,0.1,100,3,100000000000,DCQCN
2000138489,5,0.5,10000,0.1,100,3,100000000000,DCQCN
2000138817,2,0.2,10000,0.1,100,3,100000000000,DCQCN
2000142303,3,0.3,10000,0.1,100,3,100000000000,DCQCN
2000143050,4,0.4,10000,0.1,100,3,100000000000,DCQCN
2000143382,5,0.5,10000,0.1,100,3,100000000000,DCQCN
2000144129,2,0.2,10000,0.1,100,3,100000000000,DCQCN
2000145461,2,0.2,10000,0.1,100,3,100000000000,DCQCN
2000148030,3,0.3,10000,0.1,100,3,100000000000,DCQCN
2000148362,4,0.4,10000,0.1,100,3,100000000000,DCQCN
2000148445,5,0.5,10000,0.1,100,3,100000000000,DCQCN
2000151765,3,0.3,10000,0.1,100,3,100000000000,DCQCN
2000152263,4,0.4,10000,0.1,100,3,100000000000,DCQCN
2000152429,5,0.5,10000,0.1,100,3,100000000000,DCQCN
2000153757,2,0.2,10000,0.1,100,3,100000000000,DCQCN
2000155338,3,0.3,10000,0.1,100,3,100000000000,DCQCN
2000155670,4,0.4,10000,0.1,100,3,100000000000,DCQCN
2000155753,5,0.5,10000,0.1,100,3,100000000000,DCQCN
2000156081,2,0.2,10000,0.1,100,3,100000000000,DCQCN
2000158239,3,0.3,10000,0.1,100,3,100000000000,DCQCN
2000159982,4,0.4,10000,0.1,100,3,100000000000,DCQCN
2000160646,5,0.5,10000,0.1,100,3,100000000000,DCQCN
2000161393,2,0.2,10000,0.1,100,3,100000000000,DCQCN
2000162725,2,0.2,10000,0.1,100,3,100000000000,DCQCN
2000164962,3,0.3,10000,0.1,100,3,100000000000,DCQCN
2000165626,4,0.4,10000,0.1,100,3,100000000000,DCQCN
2000165709,5,0.5,10000,0.1,100,3,100000000000,DCQCN
2000168531,3,0.3,10000,0.1,100,3,100000000000,DCQCN
2000169527,4,0.4,10000,0.1,100,3,100000000000,DCQCN
2000169693,5,0.5,10000,0.1,100,3,100000000000,DCQCN
2000171021,2,0.2,10000,0.1,100,3,100000000000,DCQCN
2000172353,3,0.3,10000,0.1,100,3,100000000000,DCQCN
2000172934,4,0.4,10000,0.1,100,3,100000000000,DCQCN
2000173017,5,0.5,10000,0.1,100,3,100000000000,DCQCN
2000173345,2,0.2,10000,0.1,100,3,100000000000,DCQCN
2000174673,3,0.3,10000,0.1,100,3,100000000000,DCQCN
2000176665,4,0.4,10000,0.1,100,3,100000000000,DCQCN
2000177910,5,0.5,10000,0.1,100,3,100000000000,DCQCN
2000178657,2,0.2,10000,0.1,100,3,100000000000,DCQCN
2000179989,2,0.2,10000,0.1,100,3,100000000000,DCQCN
2000181562,3,0.3,10000,0.1,100,3,100000000000,DCQCN
2000182890,4,0.4,10000,0.1,100,3,100000000000,DCQCN
2000182973,5,0.5,10000,0.1,100,3,100000000000,DCQCN
2000184799,3,0.3,10000,0.1,100,3,100000000000,DCQCN
2000186791,4,0.4,10000,0.1,100,3,100000000000,DCQCN
2000186957,5,0.5,10000,0.1,100,3,100000000000,DCQCN
2000188285,2,0.2,10000,0.1,100,3,100000000000,DCQCN
2000189617,3,0.3,10000,0.1,100,3,100000000000,DCQCN
2000190198,4,0.4,10000,0.1,100,3,100000000000,DCQCN
2000190281,5,0.5,10000,0.1,100,3,100000000000,DCQCN
2000190609,2,0.2,10000,0.1,100,3,100000000000,DCQCN
2000191937,3,0.3,10000,0.1,100,3,100000000000,DCQCN
2000193348,4,0.4,10000,0.1,100,3,100000000000,DCQCN
2000195174,5,0.5,10000,0.1,100,3,100000000000,DCQCN
2000195921,2,0.2,10000,0.1,100,3,100000000000,DCQCN
2000197253,2,0.2,10000,0.1,100,3,100000000000,DCQCN
2000197581,3,0.3,10000,0.1,100,3,100000000000,DCQCN
2000200154,4,0.4,10000,0.1,100,3,100000000000,DCQCN
2000200237,5,0.5,10000,0.1,100,3,100000000000,DCQCN
2000201565,3,0.3,10000,0.1,100,3,100000000000,DCQCN
2000204055,4,0.4,10000,0.1,100,3,100000000000,DCQCN
2000204221,5,0.5,10000,0.1,100,3,100000000000,DCQCN
2000205549,2,0.2,10000,0.1,100,3,100000000000,DCQCN
2000206881,3,0.3,10000,0.1,100,3,100000000000,DCQCN
2000207462,4,0.4,10000,0.1,100,3,100000000000,DCQCN
2000207545,5,0.5,10000,0.1,100,3,100000000000,DCQCN
2000207873,2,0.2,10000,0.1,100,3,100000000000,DCQCN
2000209201,3,0.3,10000,0.1,100,3,100000000000,DCQCN
2000210529,4,0.4,10000,0.1,100,3,100000000000,DCQCN
2000212438,5,0.5,10000,0.1,100,3,100000000000,DCQCN
2000213185,2,0.2,10000,0.1,100,3,100000000000,DCQCN
2000214517,2,0.2,10000,0.1,100,3,100000000000,DCQCN
2000214845,3,0.3,10000,0.1,100,3,100000000000,DCQCN
2000217418,4,0.4,10000,0.1,100,3,100000000000,DCQCN
2000217501,5,0.5,10000,0.1,100,3,100000000000,DCQCN
2000218829,3,0.3,10000,0.1,100,3,100000000000,DCQCN
2000221319,4,0.4,10000,0.1,100,3,100000000000,DCQCN
2000221485,5,0.5,10000,0.1,100,3,100000000000,DCQCN
2000222813,2,0.2,10000,0.1,100,3,100000000000,DCQCN
2000224145,3,0.3,10000,0.1,100,3,100000000000,DCQCN
2000224726,4,0.4,10000,0.1,100,3,100000000000,DCQCN
2000224809,5,0.5,10000,0.1,100,3,100000000000,DCQCN
2000225137,2,0.2,10000,0.1,100,3,100000000000,DCQCN
2000226465,3,0.3,10000,0.1,100,3,100000000000,DCQCN
2000227793,4,0.4,10000,0.1,100,3,100000000000,DCQCN
2000229702,5,0.5,10000,0.1,100,3,100000000000,DCQCN
2000230449,2,0.2,10000,0.1,100,3,100000000000,DCQCN
2000231781,2,0.2,10000,0.1,100,3,100000000000,DCQCN
2000232109,3,0.3,10000,0.1,100,3,100000000000,DCQCN
2000234682,4,0.4,10000,0.1,100,3,100000000000,DCQCN
2000234765,5,0.5,10000,0.1,100,3,100000000000,DCQCN
2000236093,3,0.3,10000,0.1,100,3,100000000000,DCQCN
2000238583,4,0.4,10000,0.1,100,3,100000000000,DCQCN
2000238749,5,0.5,10000,0.1,100,3,100000000000,DCQCN
2000240077,2,0.2,10000,0.1,100,3,100000000000,DCQCN
2000241409,3,0.3,10000,0.1,100,3,100000000000,DCQCN
2000241990,4,0.4,10000,0.1,100,3,100000000000,DCQCN
2000242073,5,0.5,10000,0.1,100,3,100000000000,DCQCN
2000242401,2,0.2,10000,0.1,100,3,100000000000,DCQCN
2000243729,3,0.3,10000,0.1,100,3,100000000000,DCQCN
2000245057,4,0.4,10000,0.1,100,3,100000000000,DCQCN
2000246966,5,0.5,10000,0.1,100,3,100000000000,DCQCN
2000247713,2,0.2,10000,0.1,100,3,100000000000,DCQCN
2000249045,2,0.2,10000,0.1,100,3,100000000000,DCQCN
2000249373,3,0.3,10000,0.1,100,3,100000000000,DCQCN
2000251946,4,0.4,10000,0.1,100,3,100000000000,DCQCN
2000252029,5,0.5,10000,0.1,100,3,100000000000,DCQCN
2000253357,3,0.3,10000,0.1,100,3,100000000000,DCQCN
2000255847,4,0.4,10000,0.1,100,3,100000000000,DCQCN
2000256013,5,0.5,10000,0.1,100,3,100000000000,DCQCN
2000257341,2,0.2,10000,0.1,100,3,100000000000,DCQCN
2000258673,3,0.3,10000,0.1,100,3,100000000000,DCQCN
2000259254,4,0.4,10000,0.1,100,3,100000000000,DCQCN
2000259337,5,0.5,10000,0.1,100,3,100000000000,DCQCN
2000259665,2,0.2,10000,0.1,100,3,100000000000,DCQCN
2000260993,3,0.3,10000,0.1,100,3,100000000000,DCQCN
2000262321,4,0.4,10000,0.1,100,3,100000000000,DCQCN
2000264230,5,0.5,10000,0.1,100,3,100000000000,DCQCN
2000264977,2,0.2,10000,0.1,100,3,100000000000,DCQCN
2000266309,2,0.2,10000,0.1,100,3,100000000000,DCQCN
2000266637,3,0.3,10000,0.1,100,3,100000000000,DCQCN
2000269210,4,0.4,10000,0.1,100,3,100000000000,DCQCN
2000269293,5,0.5,10000,0.1,100,3,100000000000,DCQCN
2000270621,3,0.3,10000,0.1,100,3,100000000000,DCQCN
2000273111,4,0.4,10000,0.1,100,3,100000000000,DCQCN
2000273277,5,0.5,10000,0.1,100,3,100000000000,DCQCN
2000274605,2,0.2,10000,0.1,100,3,100000000000,DCQCN
2000275937,3,0.3,10000,0.1,100,3,100000000000,DCQCN
2000276518,4,0.4,10000,0.1,100,3,100000000000,DCQCN
2000276601,5,0.5,10000,0.1,100,3,100000000000,DCQCN
2000276929,2,0.2,10000,0.1,100,3,100000000000,DCQCN
2000278257,3,0.3,10000,0.1,100,3,100000000000,DCQCN
2000279585,4,0.4,10000,0.1,100,3,100000000000,DCQCN
2000281494,5,0.5,10000,0.1,100,3,100000000000,DCQCN
2000282241,2,0.2,10000,0.1,100,3,100000000000,DCQCN
2000283573,2,0.2,10000,0.1,100,3,100000000000,DCQCN
2000283901,3,0.3,10000,0.1,100,3,100000000000,DCQCN
2000286474,4,0.4,10000,0.1,100,3,100000000000,DCQCN
2000286557,5,0.5,10000,0.1,100,3,100000000000,DCQCN
2000287885,3,0.3,10000,0.1,100,3,100000000000,DCQCN
2000290375,4,0.4,10000,0.1,100,3,100000000000,DCQCN
2000290541,5,0.5,10000,0.1,100,3,100000000000,DCQCN
2000291869,2,0.2,10000,0.1,100,3,100000000000,DCQCN
2000293201,3,0.3,10000,0.1,100,3,100000000000,DCQCN
2000293782,4,0.4,10000,0.1,100,3,100000000000,DCQCN
2000293865,5,0.5,10000,0.1,100,3,100000000000,DCQCN
2000294193,2,0.2,10000,0.1,100,3,100000000000,DCQCN
2000295521,3,0.3,10000,0.1,100,3,100000000000,DCQCN
2000296849,4,0.4,10000,0.1,100,3,100000000000,DCQCN
2000298758,5,0.5,10000,0.1,100,3,100000000000,DCQCN
2000299505,2,0.2,10000,0.1,100,3,100000000000,DCQCN
2000300837,2,0.2,10000,0.1,100,3,100000000000,DCQCN
2000301165,3,0.3,10000,0.1,100,3,100000000000,DCQCN
2000303738,4,0.4,10000,0.1,100,3,100000000000,DCQCN
2000303821,5,0.5,10000,0.1,100,3,100000000000,DCQCN
2000305149,3,0.3,10000,0.1,100,3,100000000000,DCQCN
2000307639,4,0.4,10000,0.1,100,3,100000000000,DCQCN
2000307805,5,0.5,10000,0.1,100,3,100000000000,DCQCN
2000309133,2,0.2,10000,0.1,100,3,100000000000,DCQCN
2000310465,3,0.3,10000,0.1,100,3,100000000000,DCQCN
2000311046,4,0.4,10000,0.1,100,3,100000000000,DCQCN
2000311129,5,0.5,10000,0.1,100,3,100000000000,DCQCN
2000311457,2,0.2,10000,0.1,100,3,100000000000,DCQCN
2000312785,3,0.3,10000,0.1,100,3,100000000000,DCQCN
2000314113,4,0.4,10000,0.1,100,3,100000000000,DCQCN
2000316022,5,0.5,10000,0.1,100,3,100000000000,DCQCN
2000316769,2,0.2,10000,0.1,100,3,100000000000,DCQCN
2000318101,2,0.2,10000,0.1,100,3,100000000000,DCQCN
2000318429,3,0.3,10000,0.1,100,3,100000000000,DCQCN
2000321002,4,0.4,10000,0.1,100,3,100000000000,DCQCN
2000321085,5,0.5,10000,0.1,100,3,100000000000,DCQCN
2000322413,3,0.3,10000,0.1,100,3,100000000000,DCQCN
2000324903,4,0.4,10000,0.1,100,3,100000000000,DCQCN
2000325069,5,0.5,10000,0.1,100,3,100000000000,DCQCN
2000326397,2,0.2,10000,0.1,100,3,100000000000,DCQCN
2000327729,3,0.3,10000,0.1,100,3,100000000000,DCQCN
2000328310,4,0.4,10000,0.1,100,3,100000000000,DCQCN
2000328393,5,0.5,10000,0.1,100,3,100000000000,DCQCN
2000328721,2,0.2,10000,0.1,100,3,100000000000,DCQCN
2000330049,3,0.3,10000,0.1,100,3,100000000000,DCQCN
2000331377,4,0.4,10000,0.1,100,3,100000000000,DCQCN
2000333286,5,0.5,10000,0.1,100,3,100000000000,DCQCN
2000334033,2,0.2,10000,0.1,100,3,100000000000,DCQCN
2000335365,2,0.2,10000,0.1,100,3,100000000000,DCQCN
2000335693,3,0.3,10000,0.1,100,3,100000000000,DCQCN
2000338266,4,0.4,10000,0.1,100,3,100000000000,DCQCN
2000338349,5,0.5,10000,0.1,100,3,100000000000,DCQCN
2000339677,3,0.3,10000,0.1,100,3,100000000000,DCQCN
2000342167,4,0.4,10000,0.1,100,3,100000000000,DCQCN
2000342333,5,0.5,10000,0.1,100,3,100000000000,DCQCN
2000343661,2,0.2,10000,0.1,100,3,100000000000,DCQCN
2000344993,3,0.3,10000,0.1,100,3,100000000000,DCQCN
2000345574,4,0.4,10000,0.1,100,3,100000000000,DCQCN
2000345657,5,0.5,10000,0.1,100,3,100000000000,DCQCN
2000345985,2,0.2,10000,0.1,100,3,100000000000,DCQCN
2000347313,3,0.3,10000,0.1,100,3,100000000000,DCQCN
2000348641,4,0.4,10000,0.1,100,3,100000000000,DCQCN
2000350550,5,0.5,10000,0.1,100,3,100000000000,DCQCN
2000351297,2,0.2,10000,0.1,100,3,100000000000,DCQCN
2000352629,2,0.2,10000,0.1,100,3,100000000000,DCQCN
2000352957,3,0.3,10000,0.1,100,3,100000000000,DCQCN
2000355530,4,0.4,10000,0.1,100,3,100000000000,DCQCN
2000355613,5,0.5,10000,0.1,100,3,100000000000,DCQCN
2000356941,3,0.3,10000,0.1,100,3,100000000000,DCQCN
2000359431,4,0.4,10000,0.1,100,3,100000000000,DCQCN
2000359597,5,0.5,10000,0.1,100,3,100000000000,DCQCN
2000360925,2,0.2,10000,0.1,100,3,100000000000,DCQCN
2000362257,3,0.3,10000,0.1,100,3,100000000000,DCQCN
2000362838,4,0.4,10000,0.1,100,3,100000000000,DCQCN
2000362921,5,0.5,10000,0.1,100,3,100000000000,DCQCN
2000363249,2,0.2,10000,0.1,100,3,100000000000,DCQCN
2000364577,3,0.3,10000,0.1,100,3,100000000000,DCQCN
2000365905,4,0.4,10000,0.1,100,3,100000000000,DCQCN
2000367814,5,0.5,10000,0.1,100,3,100000000000,DCQCN
2000368561,2,0.2,10000,0.1,100,3,100000000000,DCQCN
2000369893,2,0.2,10000,0.1,100,3,100000000000,DCQCN
2000370221,3,0.3,10000,0.1,100,3,100000000000,DCQCN
2000372794,4,0.4,10000,0.1,100,3,100000000000,DCQCN
2000372877,5,0.5,10000,0.1,100,3,100000000000,DCQCN
2000374205,3,0.3,10000,0.1,100,3,100000000000,DCQCN
2000376695,4,0.4,10000,0.1,100,3,100000000000,DCQCN
2000376861,5,0.5,10000,0.1,100,3,100000000000,DCQCN
2000378189,2,0.2,10000,0.1,100,3,100000000000,DCQCN
2000379521,3,0.3,10000,0.1,100,3,100000000000,DCQCN
2000380102,4,0.4,10000,0.1,100,3,100000000000,DCQCN
2000380185,5,0.5,10000,0.1,100,3,100000000000,DCQCN
2000380513,2,0.2,10000,0.1,100,3,100000000000,DCQCN
2000381841,3,0.3,10000,0.1,100,3,100000000000,DCQCN
2000383169,4,0.4,10000,0.1,100,3,100000000000,DCQCN
2000385078,5,0.5,10000,0.1,100,3,100000000000,DCQCN
2000385825,2,0.2,10000,0.1,100,3,100000000000,DCQCN
2000387157,2,0.2,10000,0.1,100,3,100000000000,DCQCN
2000387485,3,0.3,10000,0.1,100,3,100000000000,DCQCN
2000390058,4,0.4,10000,0.1,100,3,100000000000,DCQCN
2000390141,5,0.5,10000,0.1,100,3,100000000000,DCQCN
2000391469,3,0.3,10000,0.1,100,3,100000000000,DCQCN
2000393959,4,0.4,10000,0.1,100,3,100000000000,DCQCN
2000394125,5,0.5,10000,0.1,100,3,100000000000,DCQCN
2000395453,2,0.2,10000,0.1,100,3,100000000000,DCQCN
2000396785,3,0.3,10000,0.1,100,3,100000000000,DCQCN
2000397366,4,0.4,10000,0.1,100,3,100000000000,DCQCN
2000397449,5,0.5,10000,0.1,100,3,100000000000,DCQCN
2000397777,2,0.2,10000,0.1,100,3,100000000000,DCQCN
2000399105,3,0.3,10000,0.1,100,3,100000000000,DCQCN
2000400433,4,0.4,10000,0.1,100,3,100000000000,DCQCN
2000402342,5,0.5,10000,0.1,100,3,100000000000,DCQCN
2000403089,2,0.2,10000,0.1,100,3,100000000000,DCQCN
2000404421,2,0.2,10000,0.1,100,3,100000000000,DCQCN
2000404749,3,0.3,10000,0.1,100,3,100000000000,DCQCN
2000407322,4,0.4,10000,0.1,100,3,100000000000,DCQCN
2000407405,5,0.5,10000,0.1,100,3,100000000000,DCQCN
2000408733,3,0.3,10000,0.1,100,3,100000000000,DCQCN
2000411223,4,0.4,10000,0.1,100,3,100000000000,DCQCN
2000411389,5,0.5,10000,0.1,100,3,100000000000,DCQCN
2000412717,2,0.2,10000,0.1,100,3,100000000000,DCQCN
2000414049,3,0.3,10000,0.1,100,3,100000000000,DCQCN
2000414630,4,0.4,10000,0.1,100,3,100000000000,DCQCN
2000414713,5,0.5,10000,0.1,100,3,100000000000,DCQCN
2000415041,2,0.2,10000,0.1,100,3,100000000000,DCQCN
2000416369,3,0.3,10000,0.1,100,3,100000000000,DCQCN
2000417697,4,0.4,10000,0.1,100,3,100000000000,DCQCN
2000419606,5,0.5,10000,0.1,100,3,100000000000,DCQCN
2000420353,2,0.2,10000,0.1,100,3,100000000000,DCQCN
2000421685,2,0.2,10000,0.1,100,3,100000000000,DCQCN
2000422013,3,0.3,10000,0.1,100,3,100000000000,DCQCN
2000424586,4,0.4,10000,0.1,100,3,100000000000,DCQCN
2000424669,5,0.5,10000,0.1,100,3,100000000000,DCQCN
2000425997,3,0.3,10000,0.1,100,3,100000000000,DCQCN
2000428487,4,0.4,10000,0.1,100,3,100000000000,DCQCN
2000428653,5,0.5,10000,0.1,100,3,100000000000,DCQCN
2000429981,2,0.2,10000,0.1,100,3,100000000000,DCQCN
2000431313,3,0.3,10000,0.1,100,3,100000000000,DCQCN
2000431894,4,0.4,10000,0.1,100,3,100000000000,DCQCN
2000431977,5,0.5,10000,0.1,100,3,100000000000,DCQCN
2000432305,2,0.2,10000,0.1,100,3,100000000000,DCQCN
2000433633,3,0.3,10000,0.1,100,3,100000000000,DCQCN
2000434961,4,0.4,10000,0.1,100,3,100000000000,DCQCN
2000436870,5,0.5,10000,0.1,100,3,100000000000,DCQCN
2000437617,2,0.2,10000,0.1,100,3,100000000000,DCQCN
2000438949,2,0.2,10000,0.1,100,3,100000000000,DCQCN
2000439277,3,0.3,10000,0.1,100,3,100000000000,DCQCN
2000441850,4,0.4,10000,0.1,100,3,100000000000,DCQCN
2000441933,5,0.5,10000,0.1,100,3,100000000000,DCQCN
2000443261,3,0.3,10000,0.1,100,3,100000000000,DCQCN
2000445751,4,0.4,10000,0.1,100,3,100000000000,DCQCN
2000445917,5,0.5,10000,0.1,100,3,100000000000,DCQCN
2000447245,2,0.2,10000,0.1,100,3,100000000000,DCQCN
2000448577,3,0.3,10000,0.1,100,3,100000000000,DCQCN
2000449158,4,0.4,10000,0.1,100,3,100000000000,DCQCN
2000449241,5,0.5,10000,0.1,100,3,100000000000,DCQCN
2000449569,2,0.2,10000,0.1,100,3,100000000000,DCQCN
2000450897,3,0.3,10000,0.1,100,3,100000000000,DCQCN
2000452225,4,0.4,10000,0.1,100,3,100000000000,DCQCN
2000454134,5,0.5,10000,0.1,100,3,100000000000,DCQCN
2000454881,2,0.2,10000,0.1,100,3,100000000000,DCQCN
2000456213,2,0.2,10000,0.1,100,3,100000000000,DCQCN
2000456541,3,0.3,10000,0.1,100,3,100000000000,DCQCN
2000459114,4,0.4,10000,0.1,100,3,100000000000,DCQCN
2000459197,5,0.5,10000,0.1,100,3,100000000000,DCQCN
2000460525,3,0.3,10000,0.1,100,3,100000000000,DCQCN
2000463015,4,0.4,10000,0.1,100,3,100000000000,DCQCN
2000463181,5,0.5,10000,0.1,100,3,100000000000,DCQCN
2000464509,2,0.2,10000,0.1,100,3,100000000000,DCQCN
2000465841,3,0.3,10000,0.1,100,3,100000000000,DCQCN
2000466422,4,0.4,10000,0.1,100,3,100000000000,DCQCN
2000466505,5,0.5,10000,0.1,100,3,100000000000,DCQCN
2000466833,2,0.2,10000,0.1,100,3,100000000000,DCQCN
2000468161,3,0.3,10000,0.1,100,3,100000000000,DCQCN
2000469489,4,0.4,10000,0.1,100,3,100000000000,DCQCN
2000471398,5,0.5,10000,0.1,100,3,100000000000,DCQCN
2000472145,2,0.2,10000,0.1,100,3,100000000000,DCQCN
2000473477,2,0.2,10000,0.1,100,3,100000000000,DCQCN
2000473805,3,0.3,10000,0.1,100,3,100000000000,DCQCN
2000476378,4,0.4,10000,0.1,100,3,100000000000,DCQCN
2000476461,5,0.5,10000,0.1,100,3,100000000000,DCQCN
2000477789,3,0.3,10000,0.1,100,3,100000000000,DCQCN
2000480279,4,0.4,10000,0.1,100,3,100000000000,DCQCN
2000480445,5,0.5,10000,0.1,100,3,100000000000,DCQCN
2000481773,2,0.2,10000,0.1,100,3,100000000000,DCQCN
2000483105,3,0.3,10000,0.1,100,3,100000000000,DCQCN
2000483686,4,0.4,10000,0.1,100,3,100000000000,DCQCN
2000483769,5,0.5,10000,0.1,100,3,100000000000,DCQCN
2000484097,2,0.2,10000,0.1,100,3,100000000000,DCQCN
2000485425,3,0.3,10000,0.1,100,3,100000000000,DCQCN
2000486753,4,0.4,10000,0.1,100,3,100000000000,DCQCN
2000488662,5,0.5,10000,0.1,100,3,100000000000,DCQCN
2000489409,2,0.2,10000,0.1,100,3,100000000000,DCQCN
2000490741,2,0.2,10000,0.1,100,3,100000000000,DCQCN
2000491069,3,0.3,10000,0.1,100,3,100000000000,DCQCN
2000493642,4,0.4,10000,0.1,100,3,100000000000,DCQCN
2000493725,5,0.5,10000,0.1,100,3,100000000000,DCQCN
2000495053,3,0.3,10000,0.1,100,3,100000000000,DCQCN
2000497543,4,0.4,10000,0.1,100,3,100000000000,DCQCN
2000497709,5,0.5,10000,0.1,100,3,100000000000,DCQCN
2000499037,2,0.2,10000,0.1,100,3,100000000000,DCQCN
2000500369,3,0.3,10000,0.1,100,3,100000000000,DCQCN
2000500950,4,0.4,10000,0.1,100,3,100000000000,DCQCN
2000501033,5,0.5,10000,0.1,100,3,100000000000,DCQCN
2000501361,2,0.2,10000,0.1,100,3,100000000000,DCQCN
2000502689,3,0.3,10000,0.1,100,3,100000000000,DCQCN
2000504017,4,0.4,10000,0.1,100,3,100000000000,DCQCN
2000505926,5,0.5,10000,0.1,100,3,100000000000,DCQCN
2000506673,2,0.2,10000,0.1,100,3,100000000000,DCQCN
2000508005,2,0.2,10000,0.1,100,3,100000000000,DCQCN
2000508333,3,0.3,10000,0.1,100,3,100000000000,DCQCN
2000510906,4,0.4,10000,0.1,100,3,100000000000,DCQCN
2000510989,5,0.5,10000,0.1,100,3,100000000000,DCQCN
2000512317,3,0.3,10000,0.1,100,3,100000000000,DCQCN
2000514807,4,0.4,10000,0.1,100,3,100000000000,DCQCN
2000514973,5,0.5,10000,0.1,100,3,100000000000,DCQCN
2000516301,2,0.2,10000,0.1,100,3,100000000000,DCQCN
2000517633,3,0.3,10000,0.1,100,3,100000000000,DCQCN
2000518214,4,0.4,10000,0.1,100,3,100000000000,DCQCN
2000518297,5,0.5,10000,0.1,100,3,100000000000,DCQCN
2000518625,2,0.2,10000,0.1,100,3,100000000000,DCQCN
2000519953,3,0.3,10000,0.1,100,3,100000000000,DCQCN
2000521281,4,0.4,10000,0.1,100,3,100000000000,DCQCN
2000523190,5,0.5,10000,0.1,100,3,100000000000,DCQCN
2000523937,2,0.2,10000,0.1,100,3,100000000000,DCQCN
2000525269,2,0.2,10000,0.1,100,3,100000000000,DCQCN
2000525597,3,0.3,10000,0.1,100,3,100000000000,DCQCN
2000528170,4,0.4,10000,0.1,100,3,100000000000,DCQCN
2000528253,5,0.5,10000,0.1,100,3,100000000000,DCQCN
2000529581,3,0.3,10000,0.1,100,3,100000000000,DCQCN
2000532071,4,0.4,10000,0.1,100,3,100000000000,DCQCN
2000532237,5,0.5,10000,0.1,100,3,100000000000,DCQCN
2000533565,2,0.2,10000,0.1,100,3,100000000000,DCQCN
2000534897,3,0.3,10000,0.1,100,3,100000000000,DCQCN
2000535478,4,0.4,10000,0.1,100,3,100000000000,DCQCN
2000535561,5,0.5,10000,0.1,100,3,100000000000,DCQCN
2000535889,2,0.2,10000,0.1,100,3,100000000000,DCQCN
2000537217,3,0.3,10000,0.1,100,3,100000000000,DCQCN
2000538545,4,0.4,10000,0.1,100,3,100000000000,DCQCN
2000540454,5,0.5,10000,0.1,100,3,100000000000,DCQCN
2000541201,2,0.2,10000,0.1,100,3,100000000000,DCQCN
2000542533,2,0.2,10000,0.1,100,3,100000000000,DCQCN
2000542861,3,0.3,10000,0.1,100,3,100000000000,DCQCN
2000545434,4,0.4,10000,0.1,100,3,100000000000,DCQCN
2000545517,5,0.5,10000,0.1,100,3,100000000000,DCQCN
2000546845,3,0.3,10000,0.1,100,3,100000000000,DCQCN
2000549335,4,0.4,10000,0.1,100,3,100000000000,DCQCN
2000549501,5,0.5,10000,0.1,100,3,100000000000,DCQCN
2000550829,2,0.2,10000,0.1,100,3,100000000000,DCQCN
2000552161,3,0.3,10000,0.1,100,3,100000000000,DCQCN
2000552742,4,0.4,10000,0.1,100,3,100000000000,DCQCN
2000552825,5,0.5,10000,0.1,100,3,100000000000,DCQCN
2000553153,2,0.2,10000,0.1,100,3,100000000000,DCQCN
2000554481,3,0.3,10000,0.1,100,3,100000000000,DCQCN
2000555809,4,0.4,10000,0.1,100,3,100000000000,DCQCN
2000557718,5,0.5,10000,0.1,100,3,100000000000,DCQCN
2000558465,2,0.2,10000,0.1,100,3,100000000000,DCQCN
2000559797,2,0.2,10000,0.1,100,3,100000000000,DCQCN
2000560125,3,0.3,10000,0.1,100,3,100000000000,DCQCN
2000562698,4,0.4,10000,0.1,100,3,100000000000,DCQCN
2000562781,5,0.5,10000,0.1,100,3,100000000000,DCQCN
2000564109,3,0.3,10000,0.1,100,3,100000000000,DCQCN
2000566599,4,0.4,10000,0.1,100,3,100000000000,DCQCN
2000566765,5,0.5,10000,0.1,100,3,100000000000,DCQCN
2000568093,2,0.2,10000,0.1,100,3,100000000000,DCQCN
2000569425,3,0.3,10000,0.1,100,3,100000000000,DCQCN
2000570006,4,0.4,10000,0.1,100,3,100000000000,DCQCN
2000570089,5,0.5,10000,0.1,100,3,100000000000,DCQCN
2000570417,2,0.2,10000,0.1,100,3,100000000000,DCQCN
2000571745,3,0.3,10000,0.1,100,3,100000000000,DCQCN
2000573073,4,0.4,10000,0.1,100,3,100000000000,DCQCN
2000574982,5,0.5,10000,0.1,100,3,100000000000,DCQCN
2000575729,2,0.2,10000,0.1,100,3,100000000000,DCQCN
2000577061,2,0.2,10000,0.1,100,3,100000000000,DCQCN
2000577389,3,0.3,10000,0.1,100,3,100000000000,DCQCN
2000579962,4,0.4,10000,0.1,100,3,100000000000,DCQCN
2000580045,5,0.5,10000,0.1,100,3,100000000000,DCQCN
2000581373,3,0.3,10000,0.1,100,3,100000000000,DCQCN
2000583863,4,0.4,10000,0.1,100,3,100000000000,DCQCN
2000584029,5,0.5,10000,0.1,100,3,100000000000,DCQCN
2000585357,2,0.2,10000,0.1,100,3,100000000000,DCQCN
2000586689,3,0.3,10000,0.1,100,3,100000000000,DCQCN
2000587270,4,0.4,10000,0.1,100,3,100000000000,DCQCN
2000587353,5,0.5,10000,0.1,100,3,100000000000,DCQCN
2000587681,2,0.2,10000,0.1,100,3,100000000000,DCQCN
2000589009,3,0.3,10000,0.1,100,3,100000000000,DCQCN
2000590337,4,0.4,10000,0.1,100,3,100000000000,DCQCN
2000592246,5,0.5,10000,0.1,100,3,100000000000,DCQCN
2000592993,2,0.2,10000,0.1,100,3,100000000000,DCQCN
2000594325,2,0.2,10000,0.1,100,3,100000000000,DCQCN
2000594653,3,0.3,10000,0.1,100,3,100000000000,DCQCN
2000597226,4,0.4,10000,0.1,100,3,100000000000,DCQCN
2000597309,5,0.5,10000,0.1,100,3,100000000000,DCQCN
2000598637,3,0.3,10000,0.1,100,3,100000000000,DCQCN
2000601127,4,0.4,10000,0.1,100,3,100000000000,DCQCN
2000601293,5,0.5,10000,0.1,100,3,100000000000,DCQCN
2000602621,2,0.2,10000,0.1,100,3,100000000000,DCQCN
2000603953,3,0.3,10000,0.1,100,3,100000000000,DCQCN
2000604534,4,0.4,10000,0.1,100,3,100000000000,DCQCN
2000604617,5,0.5,10000,0.1,100,3,100000000000,DCQCN
2000604945,2,0.2,10000,0.1,100,3,100000000000,DCQCN
2000606273,3,0.3,10000,0.1,100,3,100000000000,DCQCN
2000607601,4,0.4,10000,0.1,100,3,100000000000,DCQCN
2000609510,5,0.5,10000,0.1,100,3,100000000000,DCQCN
2000610257,2,0.2,10000,0.1,100,3,100000000000,DCQCN
2000611589,2,0.2,10000,0.1,100,3,100000000000,DCQCN
2000611917,3,0.3,10000,0.1,100,3,100000000000,DCQCN
2000614490,4,0.4,10000,0.1,100,3,100000000000,DCQCN
2000614573,5,0.5,10000,0.1,100,3,100000000000,DCQCN
2000615901,3,0.3,10000,0.1,100,3,100000000000,DCQCN
2000618391,4,0.4,10000,0.1,100,3,100000000000,DCQCN
2000618557,5,0.5,10000,0.1,100,3,100000000000,DCQCN
2000619885,2,0.2,10000,0.1,100,3,100000000000,DCQCN
2000621217,3,0.3,10000,0.1,100,3,100000000000,DCQCN
2000621798,4,0.4,10000,0.1,100,3,100000000000,DCQCN
2000621881,5,0.5,10000,0.1,100,3,100000000000,DCQCN
2000622209,2,0.2,10000,0.1,100,3,100000000000,DCQCN
2000623537,3,0.3,10000,0.1,100,3,100000000000,DCQCN
2000624865,4,0.4,10000,0.1,100,3,100000000000,DCQCN
2000626774,5,0.5,10000,0.1,100,3,100000000000,DCQCN
2000627521,2,0.2,10000,0.1,100,3,100000000000,DCQCN
2000628853,2,0.2,10000,0.1,100,3,100000000000,DCQCN
2000629181,3,0.3,10000,0.1,100,3,100000000000,DCQCN
2000631754,4,0.4,10000,0.1,100,3,100000000000,DCQCN
2000631837,5,0.5,10000,0.1,100,3,100000000000,DCQCN
2000633165,3,0.3,10000,0.1,100,3,100000000000,DCQCN
2000635655,4,0.4,10000,0.1,100,3,100000000000,DCQCN
2000635821,5,0.5,10000,0.1,100,3,100000000000,DCQCN
2000637149,2,0.2,10000,0.1,100,3,100000000000,DCQCN
2000638481,3,0.3,10000,0.1,100,3,100000000000,DCQCN
2000639062,4,0.4,10000,0.1,100,3,100000000000,DCQCN
2000639145,5,0.5,10000,0.1,100,3,100000000000,DCQCN
2000639473,2,0.2,10000,0.1,100,3,100000000000,DCQCN
2000640801,3,0.3,10000,0.1,100,3,100000000000,DCQCN
2000642129,4,0.4,10000,0.1,100,3,100000000000,DCQCN
2000644038,5,0.5,10000,0.1,100,3,100000000000,DCQCN
2000644785,2,0.2,10000,0.1,100,3,100000000000,DCQCN
2000646117,2,0.2,10000,0.1,100,3,100000000000,DCQCN
2000646445,3,0.3,10000,0.1,100,3,100000000000,DCQCN
2000649018,4,0.4,10000,0.1,100,3,100000000000,DCQCN
2000649101,5,0.5,10000,0.1,100,3,100000000000,DCQCN
2000650429,3,0.3,10000,0.1,100,3,100000000000,DCQCN
2000652919,4,0.4,10000,0.1,100,3,100000000000,DCQCN
2000653085,5,0.5,10000,0.1,100,3,100000000000,DCQCN
2000654413,2,0.2,10000,0.1,100,3,100000000000,DCQCN
2000655745,3,0.3,10000,0.1,100,3,100000000000,DCQCN
2000656326,4,0.4,10000,0.1,100,3,100000000000,DCQCN
2000656409,5,0.5,10000,0.1,100,3,100000000000,DCQCN
2000656737,2,0.2,10000,0.1,100,3,100000000000,DCQCN
2000658065,3,0.3,10000,0.1,100,3,100000000000,DCQCN
2000659393,4,0.4,10000,0.1,100,3,100000000000,DCQCN
2000661302,5,0.5,10000,0.1,100,3,100000000000,DCQCN
2000662049,2,0.2,10000,0.1,100,3,100000000000,DCQCN
2000663381,2,0.2,10000,0.1,100,3,100000000000,DCQCN
2000663709,3,0.3,10000,0.1,100,3,100000000000,DCQCN
2000666282,4,0.4,10000,0.1,100,3,100000000000,DCQCN
2000666365,5,0.5,10000,0.1,100,3,100000000000,DCQCN
2000667693,3,0.3,10000,0.1,100,3,100000000000,DCQCN
2000670183,4,0.4,10000,0.1,100,3,100000000000,DCQCN
2000670349,5,0.5,10000,0.1,100,3,100000000000,DCQCN
2000671677,2,0.2,10000,0.1,100,3,100000000000,DCQCN
2000673009,3,0.3,10000,0.1,100,3,100000000000,DCQCN
2000673590,4,0.4,10000,0.1,100,3,100000000000,DCQCN
2000673673,5,0.5,10000,0.1,100,3,100000000000,DCQCN
2000674001,2,0.2,10000,0.1,100,3,100000000000,DCQCN
2000675329,3,0.3,10000,0.1,100,3,100000000000,DCQCN
2000676657,4,0.4,10000,0.1,100,3,100000000000,DCQCN
2000678566,5,0.5,10000,0.1,100,3,100000000000,DCQCN
2000679313,2,0.2,10000,0.1,100,3,100000000000,DCQCN
2000680645,2,0.2,10000,0.1,100,3,100000000000,DCQCN
2000680973,3,0.3,10000,0.1,100,3,100000000000,DCQCN
2000683546,4,0.4,10000,0.1,100,3,100000000000,DCQCN
2000683629,5,0.5,10000,0.1,100,3,100000000000,DCQCN
2000684957,3,0.3,10000,0.1,100,3,100000000000,DCQCN
2000687447,4,0.4,10000,0.1,100,3,100000000000,DCQCN
2000687613,5,0.5,10000,0.1,100,3,100000000000,DCQCN
2000688941,2,0.2,10000,0.1,100,3,100000000000,DCQCN
2000690273,3,0.3,10000,0.1,100,3,100000000000,DCQCN
2000690854,4,0.4,10000,0.1,100,3,100000000000,DCQCN
2000690937,5,0.5,10000,0.1,100,3,100000000000,DCQCN
2000691265,2,0.2,10000,0.1,100,3,100000000000,DCQCN
2000692593,3,0.3,10000,0.1,100,3,100000000000,DCQCN
2000693921,4,0.4,10000,0.1,100,3,100000000000,DCQCN
2000695830,5,0.5,10000,0.1,100,3,100000000000,DCQCN
2000696577,2,0.2,10000,0.1,100,3,100000000000,DCQCN
2000697909,2,0.2,10000,0.1,100,3,100000000000,DCQCN
2000698237,3,0.3,10000,0.1,100,3,100000000000,DCQCN
2000700810,4,0.4,10000,0.1,100,3,100000000000,DCQCN
2000700893,5,0.5,10000,0.1,100,3,100000000000,DCQCN
2000702221,3,0.3,10000,0.1,100,3,100000000000,DCQCN
2000704711,4,0.4,10000,0.1,100,3,100000000000,DCQCN
2000704877,5,0.5,10000,0.1,100,3,100000000000,DCQCN
2000706205,2,0.2,10000,0.1,100,3,100000000000,DCQCN
2000707537,3,0.3,10000,0.1,100,3,100000000000,DCQCN
2000708118,4,0.4,10000,0.1,100,3,100000000000,DCQCN
2000708201,5,0.5,10000,0.1,100,3,100000000000,DCQCN
2000708529,2,0.2,10000,0.1,100,3,100000000000,DCQCN
2000709857,3,0.3,10000,0.1,100,3,100000000000,DCQCN
2000711185,4,0.4,10000,0.1,100,3,100000000000,DCQCN
2000713094,5,0.5,10000,0.1,100,3,100000000000,DCQCN
2000713841,2,0.2,10000,0.1,100,3,100000000000,DCQCN
2000715173,2,0.2,10000,0.1,100,3,100000000000,DCQCN
2000715501,3,0.3,10000,0.1,100,3,100000000000,DCQCN
2000718074,4,0.4,10000,0.1,100,3,100000000000,DCQCN
2000718157,5,0.5,10000,0.1,100,3,100000000000,DCQCN
2000719485,3,0.3,10000,0.1,100,3,100000000000,DCQCN
2000721975,4,0.4,10000,0.1,100,3,100000000000,DCQCN
2000722141,5,0.5,10000,0.1,100,3,100000000000,DCQCN
2000723469,2,0.2,10000,0.1,100,3,100000000000,DCQCN
2000724801,3,0.3,10000,0.1,100,3,100000000000,DCQCN
2000725382,4,0.4,10000,0.1,100,3,100000000000,DCQCN
2000725465,5,0.5,10000,0.1,100,3,100000000000,DCQCN
2000725793,2,0.2,10000,0.1,100,3,100000000000,DCQCN
2000727121,3,0.3,10000,0.1,100,3,100000000000,DCQCN
2000728449,4,0.4,10000,0.1,100,3,100000000000,DCQCN
2000730358,5,0.5,10000,0.1,100,3,100000000000,DCQCN
2000731105,2,0.2,10000,0.1,100,3,100000000000,DCQCN
2000732437,2,0.2,10000,0.1,100,3,100000000000,DCQCN
2000732765,3,0.3,10000,0.1,100,3,100000000000,DCQCN
2000735338,4,0.4,10000,0.1,100,3,100000000000,DCQCN
2000735421,5,0.5,10000,0.1,100,3,100000000000,DCQCN
2000736749,3,0.3,10000,0.1,100,3,100000000000,DCQCN
2000739239,4,0.4,10000,0.1,100,3,100000000000,DCQCN
2000739405,5,0.5,10000,0.1,100,3,100000000000,DCQCN
2000740733,2,0.2,10000,0.1,100,3,100000000000,DCQCN
2000742065,3,0.3,10000,0.1,100,3,100000000000,DCQCN
2000742646,4,0.4,10000,0.1,100,3,100000000000,DCQCN
2000742729,5,0.5,10000,0.1,100,3,100000000000,DCQCN
2000743057,2,0.2,10000,0.1,100,3,100000000000,DCQCN
2000744385,3,0.3,10000,0.1,100,3,100000000000,DCQCN
2000745713,4,0.4,10000,0.1,100,3,100000000000,DCQCN
2000747622,5,0.5,10000,0.1,100,3,100000000000,DCQCN
2000748369,2,0.2,10000,0.1,100,3,100000000000,DCQCN
2000749701,2,0.2,10000,0.1,100,3,100000000000,DCQCN
2000750029,3,0.3,10000,0.1,100,3,100000000000,DCQCN
2000752602,4,0.4,10000,0.1,100,3,100000000000,DCQCN
2000752685,5,0.5,10000,0.1,100,3,100000000000,DCQCN
2000754013,3,0.3,10000,0.1,100,3,100000000000,DCQCN
2000756503,4,0.4,10000,0.1,100,3,100000000000,DCQCN
2000756669,5,0.5,10000,0.1,100,3,100000000000,DCQCN
2000757997,2,0.2,10000,0.1,100,3,100000000000,DCQCN
2000759329,3,0.3,10000,0.1,100,3,100000000000,DCQCN
2000759910,4,0.4,10000,0.1,100,3,100000000000,DCQCN
2000759993,5,0.5,10000,0.1,100,3,100000000000,DCQCN
2000760321,2,0.2,10000,0.1,100,3,100000000000,DCQCN
2000761649,3,0.3,10000,0.1,100,3,100000000000,DCQCN
2000762977,4,0.4,10000,0.1,100,3,100000000000,DCQCN
2000764886,5,0.5,10000,0.1,100,3,100000000000,DCQCN
2000765633,2,0.2,10000,0.1,100,3,100000000000,DCQCN
2000766965,2,0.2,10000,0.1,100,3,100000000000,DCQCN
2000767293,3,0.3,10000,0.1,100,3,100000000000,DCQCN
2000769866,4,0.4,10000,0.1,100,3,100000000000,DCQCN
2000769949,5,0.5,10000,0.1,100,3,100000000000,DCQCN
2000771277,3,0.3,10000,0.1,100,3,100000000000,DCQCN
2000773767,4,0.4,10000,0.1,100,3,100000000000,DCQCN
2000773933,5,0.5,10000,0.1,100,3,100000000000,DCQCN
2000775261,2,0.2,10000,0.1,100,3,100000000000,DCQCN
2000776593,3,0.3,10000,0.1,100,3,100000000000,DCQCN
2000777174,4,0.4,10000,0.1,100,3,100000000000,DCQCN
2000777257,5,0.5,10000,0.1,100,3,100000000000,DCQCN
2000777585,2,0.2,10000,0.1,100,3,100000000000,DCQCN
2000778913,3,0.3,10000,0.1,100,3,100000000000,DCQCN
2000780241,4,0.4,10000,0.1,100,3,100000000000,DCQCN
2000782150,5,0.5,10000,0.1,100,3,100000000000,DCQCN
2000782897,2,0.2,10000,0.1,100,3,100000000000,DCQCN
2000784229,2,0.2,10000,0.1,100,3,100000000000,DCQCN
2000784557,3,0.3,10000,0.1,100,3,100000000000,DCQCN
2000787130,4,0.4,10000,0.1,100,3,100000000000,DCQCN
2000787213,5,0.5,10000,0.1,100,3,100000000000,DCQCN
2000788541,3,0.3,10000,0.1,100,3,100000000000,DCQCN
2000791031,4,0.4,10000,0.1,100,3,100000000000,DCQCN
2000791197,5,0.5,10000,0.1,100,3,100000000000,DCQCN
2000792525,2,0.2,10000,0.1,100,3,100000000000,DCQCN
2000793857,3,0.3,10000,0.1,100,3,100000000000,DCQCN
2000794438,4,0.4,10000,0.1,100,3,100000000000,DCQCN
2000794521,5,0.5,10000,0.1,100,3,100000000000,DCQCN
2000794849,2,0.2,10000,0.1,100,3,100000000000,DCQCN
2000796177,3,0.3,10000,0.1,100,3,100000000000,DCQCN
2000797505,4,0.4,10000,0.1,100,3,100000000000,DCQCN
2000799414,5,0.5,10000,0.1,100,3,100000000000,DCQCN
2000800161,2,0.2,10000,0.1,100,3,100000000000,DCQCN
2000801493,2,0.2,10000,0.1,100,3,100000000000,DCQCN
2000801821,3,0.3,10000,0.1,100,3,100000000000,DCQCN
2000804394,4,0.4,10000,0.1,100,3,100000000000,DCQCN
2000804477,5,0.5,10000,0.1,100,3,100000000000,DCQCN
2000805805,3,0.3,10000,0.1,100,3,100000000000,DCQCN
2000808295,4,0.4,10000,0.1,100,3,100000000000,DCQCN
2000808461,5,0.5,10000,0.1,100,3,100000000000,DCQCN
2000809789,2,0.2,10000,0.1,100,3,100000000000,DCQCN
2000811121,3,0.3,10000,0.1,100,3,100000000000,DCQCN
2000811702,4,0.4,10000,0.1,100,3,100000000000,DCQCN
2000811785,5,0.5,10000,0.1,100,3,100000000000,DCQCN
2000812113,2,0.2,10000,0.1,100,3,100000000000,DCQCN
2000813441,3,0.3,10000,0.1,100,3,100000000000,DCQCN
2000814769,4,0.4,10000,0.1,100,3,100000000000,DCQCN
2000816678,5,0.5,10000,0.1,100,3,100000000000,DCQCN
2000817425,2,0.2,10000,0.1,100,3,100000000000,DCQCN
2000818757,2,0.2,10000,0.1,100,3,100000000000,DCQCN
2000819085,3,0.3,10000,0.1,100,3,100000000000,DCQCN
2000821658,4,0.4,10000,0.1,100,3,100000000000,DCQCN
2000821741,5,0.5,10000,0.1,100,3,100000000000,DCQCN
2000823069,3,0.3,10000,0.1,100,3,100000000000,DCQCN
2000825559,4,0.4,10000,0.1,100,3,100000000000,DCQCN
2000825725,5,0.5,10000,0.1,100,3,100000000000,DCQCN
2000827053,2,0.2,10000,0.1,100,3,100000000000,DCQCN
2000828385,3,0.3,10000,0.1,100,3,100000000000,DCQCN
2000828966,4,0.4,10000,0.1,100,3,100000000000,DCQCN
2000829049,5,0.5,10000,0.1,100,3,100000000000,DCQCN
2000829377,2,0.2,10000,0.1,100,3,100000000000,DCQCN
2000830705,3,0.3,10000,0.1,100,3,100000000000,DCQCN
2000832033,4,0.4,10000,0.1,100,3,100000000000,DCQCN
2000833942,5,0.5,10000,0.1,100,3,100000000000,DCQCN
2000834689,2,0.2,10000,0.1,100,3,100000000000,DCQCN
2000836021,2,0.2,10000,0.1,100,3,100000000000,DCQCN
2000836349,3,0.3,10000,0.1,100,3,100000000000,DCQCN
2000838922,4,0.4,10000,0.1,100,3,100000000000,DCQCN
2000839005,5,0.5,10000,0.1,100,3,100000000000,DCQCN
2000840333,3,0.3,10000,0.1,100,3,100000000000,DCQCN
2000842823,4,0.4,10000,0.1,100,3,100000000000,DCQCN
2000842989,5,0.5,10000,0.1,100,3,100000000000,DCQCN
2000844317,2,0.2,10000,0.1,100,3,100000000000,DCQCN
2000845649,3,0.3,10000,0.1,100,3,100000000000,DCQCN
2000846230,4,0.4,10000,0.1,100,3,100000000000,DCQCN
2000846313,5,0.5,10000,0.1,100,3,100000000000,DCQCN
2000846641,2,0.2,10000,0.1,100,3,100000000000,DCQCN
2000847969,3,0.3,10000,0.1,100,3,100000000000,DCQCN
2000849297,4,0.4,10000,0.1,100,3,100000000000,DCQCN
2000851206,5,0.5,10000,0.1,100,3,100000000000,DCQCN
2000851953,2,0.2,10000,0.1,100,3,100000000000,DCQCN
2000853285,2,0.2,10000,0.1,100,3,100000000000,DCQCN
2000853613,3,0.3,10000,0.1,100,3,100000000000,DCQCN
2000856186,4,0.4,10000,0.1,100,3,100000000000,DCQCN
2000856269,5,0.5,10000,0.1,100,3,100000000000,DCQCN
2000857597,3,0.3,10000,0.1,100,3,100000000000,DCQCN
2000860087,4,0.4,10000,0.1,100,3,100000000000,DCQCN
2000860253,5,0.5,10000,0.1,100,3,100000000000,DCQCN
2000861581,2,0.2,10000,0.1,100,3,100000000000,DCQCN
2000862913,3,0.3,10000,0.1,100,3,100000000000,DCQCN
2000863494,4,0.4,10000,0.1,100,3,100000000000,DCQCN
2000863577,5,0.5,10000,0.1,100,3,100000000000,DCQCN
2000863905,2,0.2,10000,0.1,100,3,100000000000,DCQCN
2000865233,3,0.3,10000,0.1,100,3,100000000000,DCQCN
2000866561,4,0.4,10000,0.1,100,3,100000000000,DCQCN
2000868470,5,0.5,10000,0.1,100,3,100000000000,DCQCN
2000869217,2,0.2,10000,0.1,100,3,100000000000,DCQCN
2000870549,2,0.2,10000,0.1,100,3,100000000000,DCQCN
2000870877,3,0.3,10000,0.1,100,3,100000000000,DCQCN
2000873450,4,0.4,10000,0.1,100,3,100000000000,DCQCN
2000873533,5,0.5,10000,0.1,100,3,100000000000,DCQCN
2000874861,3,0.3,10000,0.1,100,3,100000000000,DCQCN
2000877351,4,0.4,10000,0.1,100,3,100000000000,DCQCN
2000877517,5,0.5,10000,0.1,100,3,100000000000,DCQCN
2000878845,2,0.2,10000,0.1,100,3,100000000000,DCQCN
2000880177,3,0.3,10000,0.1,100,3,100000000000,DCQCN
2000880758,4,0.4,10000,0.1,100,3,100000000000,DCQCN
2000880841,5,0.5,10000,0.1,100,3,100000000000,DCQCN
2000881169,2,0.2,10000,0.1,100,3,100000000000,DCQCN
2000882497,3,0.3,10000,0.1,100,3,100000000000,DCQCN
2000883825,4,0.4,10000,0.1,100,3,100000000000,DCQCN
2000885734,5,0.5,10000,0.1,100,3,100000000000,DCQCN
2000886481,2,0.2,10000,0.1,100,3,100000000000,DCQCN
2000887813,2,0.2,10000,0.1,100,3,100000000000,DCQCN
2000888141,3,0.3,10000,0.1,100,3,100000000000,DCQCN
2000890714,4,0.4,10000,0.1,100,3,100000000000,DCQCN
2000890797,5,0.5,10000,0.1,100,3,100000000000,DCQCN
2000892125,3,0.3,10000,0.1,100,3,100000000000,DCQCN
2000894615,4,0.4,10000,0.1,100,3,100000000000,DCQCN
2000894781,5,0.5,10000,0.1,100,3,100000000000,DCQCN
2000896109,2,0.2,10000,0.1,100,3,100000000000,DCQCN
2000897441,3,0.3,10000,0.1,100,3,100000000000,DCQCN
2000898022,4,0.4,10000,0.1,100,3,100000000000,DCQCN
2000898105,5,0.5,10000,0.1,100,3,100000000000,DCQCN
2000898433,2,0.2,10000,0.1,100,3,100000000000,DCQCN
2000899761,3,0.3,10000,0.1,100,3,100000000000,DCQCN
2000901089,4,0.4,10000,0.1,100,3,100000000000,DCQCN
2000902998,5,0.5,10000,0.1,100,3,100000000000,DCQCN
2000903745,2,0.2,10000,0.1,100,3,100000000000,DCQCN
2000905077,2,0.2,10000,0.1,100,3,100000000000,DCQCN
2000905405,3,0.3,10000,0.1,100,3,100000000000,DCQCN
2000907978,4,0.4,10000,0.1,100,3,100000000000,DCQCN
2000908061,5,0.5,10000,0.1,100,3,100000000000,DCQCN
2000909389,3,0.3,10000,0.1,100,3,100000000000,DCQCN
2000911879,4,0.4,10000,0.1,100,3,100000000000,DCQCN
2000912045,5,0.5,10000,0.1,100,3,100000000000,DCQCN
2000913373,2,0.2,10000,0.1,100,3,100000000000,DCQCN
2000914705,3,0.3,10000,0.1,100,3,100000000000,DCQCN
2000915286,4,0.4,10000,0.1,100,3,100000000000,DCQCN
2000915369,5,0.5,10000,0.1,100,3,100000000000,DCQCN
2000915697,2,0.2,10000,0.1,100,3,100000000000,DCQCN
2000917025,3,0.3,10000,0.1,100,3,100000000000,DCQCN
2000918353,4,0.4,10000,0.1,100,3,100000000000,DCQCN
2000920262,5,0.5,10000,0.1,100,3,100000000000,DCQCN
2000921009,2,0.2,10000,0.1,100,3,100000000000,DCQCN
2000922341,2,0.2,10000,0.1,100,3,100000000000,DCQCN
2000922669,3,0.3,10000,0.1,100,3,100000000000,DCQCN
2000925242,4,0.4,10000,0.1,100,3,100000000000,DCQCN
2000925325,5,0.5,10000,0.1,100,3,100000000000,DCQCN
2000926653,3,0.3,10000,0.1,100,3,100000000000,DCQCN
2000929143,4,0.4,10000,0.1,100,3,100000000000,DCQCN
2000929309,5,0.5,10000,0.1,100,3,100000000000,DCQCN
2000930637,2,0.2,10000,0.1,100,3,100000000000,DCQCN
2000931969,3,0.3,10000,0.1,100,3,100000000000,DCQCN
2000932550,4,0.4,10000,0.1,100,3,100000000000,DCQCN
2000932633,5,0.5,10000,0.1,100,3,100000000000,DCQCN
2000932961,2,0.2,10000,0.1,100,3,100000000000,DCQCN
2000934289,3,0.3,10000,0.1,100,3,100000000000,DCQCN
2000935617,4,0.4,10000,0.1,100,3,100000000000,DCQCN
2000937526,5,0.5,10000,0.1,100,3,100000000000,DCQCN
2000938273,2,0.2,10000,0.1,100,3,100000000000,DCQCN
2000939605,2,0.2,10000,0.1,100,3,100000000000,DCQCN
2000939933,3,0.3,10000,0.1,100,3,100000000000,DCQCN
2000942506,4,0.4,10000,0.1,100,3,100000000000,DCQCN
2000942589,5,0.5,10000,0.1,100,3,100000000000,DCQCN
2000943917,3,0.3,10000,0.1,100,3,100000000000,DCQCN
2000946407,4,0.4,10000,0.1,100,3,100000000000,DCQCN
2000946573,5,0.5,10000,0.1,100,3,100000000000,DCQCN
2000947901,2,0.2,10000,0.1,100,3,100000000000,DCQCN
2000949233,3,0.3,10000,0.1,100,3,100000000000,DCQCN
2000949814,4,0.4,10000,0.1,100,3,100000000000,DCQCN
2000949897,5,0.5,10000,0.1,100,3,100000000000,DCQCN
2000950225,2,0.2,10000,0.1,100,3,100000000000,DCQCN
2000951553,3,0.3,10000,0.1,100,3,100000000000,DCQCN
2000952881,4,0.4,10000,0.1,100,3,100000000000,DCQCN
2000954790,5,0.5,10000,0.1,100,3,100000000000,DCQCN
2000955537,2,0.2,10000,0.1,100,3,100000000000,DCQCN
2000956869,2,0.2,10000,0.1,100,3,100000000000,DCQCN
2000957197,3,0.3,10000,0.1,100,3,100000000000,DCQCN
2000959770,4,0.4,10000,0.1,100,3,100000000000,DCQCN
2000959853,5,0.5,10000,0.1,100,3,100000000000,DCQCN
2000961181,3,0.3,10000,0.1,100,3,100000000000,DCQCN
2000963671,4,0.4,10000,0.1,100,3,100000000000,DCQCN
2000963837,5,0.5,10000,0.1,100,3,100000000000,DCQCN
2000965165,2,0.2,10000,0.1,100,3,100000000000,DCQCN
2000966497,3,0.3,10000,0.1,100,3,100000000000,DCQCN
2000967078,4,0.4,10000,0.1,100,3,100000000000,DCQCN
2000967161,5,0.5,10000,0.1,100,3,100000000000,DCQCN
2000967489,2,0.2,10000,0.1,100,3,100000000000,DCQCN
2000968817,3,0.3,10000,0.1,100,3,100000000000,DCQCN
2000970145,4,0.4,10000,0.1,100,3,100000000000,DCQCN
2000972054,5,0.5,10000,0.1,100,3,100000000000,DCQCN
2000972801,2,0.2,10000,0.1,100,3,100000000000,DCQCN
2000974133,2,0.2,10000,0.1,100,3,100000000000,DCQCN
2000974461,3,0.3,10000,0.1,100,3,100000000000,DCQCN
2000977034,4,0.4,10000,0.1,100,3,100000000000,DCQCN
2000977117,5,0.5,10000,0.1,100,3,100000000000,DCQCN
2000978445,3,0.3,10000,0.1,100,3,100000000000,DCQCN
2000980935,4,0.4,10000,0.1,100,3,100000000000,DCQCN
2000981101,5,0.5,10000,0.1,100,3,100000000000,DCQCN
2000982429,2,0.2,10000,0.1,100,3,100000000000,DCQCN
2000983761,3,0.3,10000,0.1,100,3,100000000000,DCQCN
2000984342,4,0.4,10000,0.1,100,3,100000000000,DCQCN
2000984425,5,0.5,10000,0.1,100,3,100000000000,DCQCN
2000984753,2,0.2,10000,0.1,100,3,100000000000,DCQCN
2000986081,3,0.3,10000,0.1,100,3,100000000000,DCQCN
2000987409,4,0.4,10000,0.1,100,3,100000000000,DCQCN
2000989318,5,0.5,10000,0.1,100,3,100000000000,DCQCN
2000990065,2,0.2,10000,0.1,100,3,100000000000,DCQCN
2000991397,2,0.2,10000,0.1,100,3,100000000000,DCQCN
2000991725,3,0.3,10000,0.1,100,3,100000000000,DCQCN
2000994298,4,0.4,10000,0.1,100,3,100000000000,DCQCN
2000994381,5,0.5,10000,0.1,100,3,100000000000,DCQCN
2000995709,3,0.3,10000,0.1,100,3,100000000000,DCQCN
2000998199,4,0.4,10000,0.1,100,3,100000000000,DCQCN
2000998365,5,0.5,10000,0.1,100,3,100000000000,DCQCN
2000999693,2,0.2,10000,0.1,100,3,100000000000,DCQCN
2001001025,3,0.3,10000,0.1,100,3,100000000000,DCQCN
2001001606,4,0.4,10000,0.1,100,3,100000000000,DCQCN
2001001689,5,0.5,10000,0.1,100,3,100000000000,DCQCN
2001002017,2,0.2,10000,0.1,100,3,100000000000,DCQCN
2001003345,3,0.3,10000,0.1,100,3,100000000000,DCQCN
2001004673,4,0.4,10000,0.1,100,3,100000000000,DCQCN
2001006582,5,0.5,10000,0.1,100,3,100000000000,DCQCN
2001007329,2,0.2,10000,0.1,100,3,100000000000,DCQCN
2001008661,2,0.2,10000,0.1,100,3,100000000000,DCQCN
2001008989,3,0.3,10000,0.1,100,3,100000000000,DCQCN
2001011562,4,0.4,10000,0.1,100,3,100000000000,DCQCN
2001011645,5,0.5,10000,0.1,100,3,100000000000,DCQCN
2001012973,3,0.3,10000,0.1,100,3,100000000000,DCQCN
2001015463,4,0.4,10000,0.1,100,3,100000000000,DCQCN
2001015629,5,0.5,10000,0.1,100,3,100000000000,DCQCN
2001016957,2,0.2,10000,0.1,100,3,100000000000,DCQCN
2001018289,3,0.3,10000,0.1,100,3,100000000000,DCQCN
2001018870,4,0.4,10000,0.1,100,3,100000000000,DCQCN
2001018953,5,0.5,10000,0.1,100,3,100000000000,DCQCN
2001019281,2,0.2,10000,0.1,100,3,100000000000,DCQCN
2001020609,3,0.3,10000,0.1,100,3,100000000000,DCQCN
2001021937,4,0.4,10000,0.1,100,3,100000000000,DCQCN
2001023846,5,0.5,10000,0.1,100,3,100000000000,DCQCN
2001024593,2,0.2,10000,0.1,100,3,100000000000,DCQCN
2001025925,2,0.2,10000,0.1,100,3,100000000000,DCQCN
2001026253,3,0.3,10000,0.1,100,3,100000000000,DCQCN
2001028826,4,0.4,10000,0.1,100,3,100000000000,DCQCN
2001028909,5,0.5,10000,0.1,100,3,100000000000,DCQCN
2001030237,3,0.3,10000,0.1,100,3,100000000000,DCQCN
2001032727,4,0.4,10000,0.1,100,3,100000000000,DCQCN
2001032893,5,0.5,10000,0.1,100,3,100000000000,DCQCN
2001034221,2,0.2,10000,0.1,100,3,100000000000,DCQCN
2001035553,3,0.3,10000,0.1,100,3,100000000000,DCQCN
2001036134,4,0.4,10000,0.1,100,3,100000000000,DCQCN
2001036217,5,0.5,10000,0.1,100,3,100000000000,DCQCN
2001036545,2,0.2,10000,0.1,100,3,100000000000,DCQCN
2001037873,3,0.3,10000,0.1,100,3,100000000000,DCQCN
2001039201,4,0.4,10000,0.1,100,3,100000000000,DCQCN
2001041110,5,0.5,10000,0.1,100,3,100000000000,DCQCN
2001041857,2,0.2,10000,0.1,100,3,100000000000,DCQCN
2001043189,2,0.2,10000,0.1,100,3,100000000000,DCQCN
2001043517,3,0.3,10000,0.1,100,3,100000000000,DCQCN
2001046090,4,0.4,10000,0.1,100,3,100000000000,DCQCN
2001046173,5,0.5,10000,0.1,100,3,100000000000,DCQCN
2001047501,3,0.3,10000,0.1,100,3,100000000000,DCQCN
2001049991,4,0.4,10000,0.1,100,3,100000000000,DCQCN
2001050157,5,0.5,10000,0.1,100,3,100000000000,DCQCN
2001051485,2,0.2,10000,0.1,100,3,100000000000,DCQCN
2001052817,3,0.3,10000,0.1,100,3,100000000000,DCQCN
2001053398,4,0.4,10000,0.1,100,3,100000000000,DCQCN
2001053481,5,0.5,10000,0.1,100,3,100000000000,DCQCN
2001053809,2,0.2,10000,0.1,100,3,100000000000,DCQCN
2001055137,3,0.3,10000,0.1,100,3,100000000000,DCQCN
2001056465,4,0.4,10000,0.1,100,3,100000000000,DCQCN
2001058374,5,0.5,10000,0.1,100,3,100000000000,DCQCN
2001059121,2,0.2,10000,0.1,100,3,100000000000,DCQCN
2001060453,2,0.2,10000,0.1,100,3,100000000000,DCQCN
2001060781,3,0.3,10000,0.1,100,3,100000000000,DCQCN
2001063354,4,0.4,10000,0.1,100,3,100000000000,DCQCN
2001063437,5,0.5,10000,0.1,100,3,100000000000,DCQCN
2001064765,3,0.3,10000,0.1,100,3,100000000000,DCQCN
2001067255,4,0.4,10000,0.1,100,3,100000000000,DCQCN
2001067421,5,0.5,10000,0.1,100,3,100000000000,DCQCN
2001068749,2,0.2,10000,0.1,100,3,100000000000,DCQCN
2001070081,3,0.3,10000,0.1,100,3,100000000000,DCQCN
2001070662,4,0.4,10000,0.1,100,3,100000000000,DCQCN
2001070745,5,0.5,10000,0.1,100,3,100000000000,DCQCN
2001071073,2,0.2,10000,0.1,100,3,100000000000,DCQCN
2001072401,3,0.3,10000,0.1,100,3,100000000000,DCQCN
2001073729,4,0.4,10000,0.1,100,3,100000000000,DCQCN
2001075638,5,0.5,10000,0.1,100,3,100000000000,DCQCN
2001076385,2,0.2,10000,0.1,100,3,100000000000,DCQCN
2001077717,2,0.2,10000,0.1,100,3,100000000000,DCQCN
2001078045,3,0.3,10000,0.1,100,3,100000000000,DCQCN
2001080618,4,0.4,10000,0.1,100,3,100000000000,DCQCN
2001080701,5,0.5,10000,0.1,100,3,100000000000,DCQCN
2001082029,3,0.3,10000,0.1,100,3,100000000000,DCQCN
2001084519,4,0.4,10000,0.1,100,3,100000000000,DCQCN
2001084685,5,0.5,10000,0.1,100,3,100000000000,DCQCN
2001086013,2,0.2,10000,0.1,100,3,100000000000,DCQCN
2001087345,3,0.3,10000,0.1,100,3,100000000000,DCQCN
2001087926,4,0.4,10000,0.1,100,3,100000000000,DCQCN
2001088009,5,0.5,10000,0.1,100,3,100000000000,DCQCN
2001088337,2,0.2,10000,0.1,100,3,100000000000,DCQCN
2001089665,3,0.3,10000,0.1,100,3,100000000000,DCQCN
2001090993,4,0.4,10000,0.1,100,3,100000000000,DCQCN
2001092902,5,0.5,10000,0.1,100,3,100000000000,DCQCN
2001093649,2,0.2,10000,0.1,100,3,100000000000,DCQCN
2001094981,2,0.2,10000,0.1,100,3,100000000000,DCQCN
2001095309,3,0.3,10000,0.1,100,3,100000000000,DCQCN
2001097882,4,0.4,10000,0.1,100,3,100000000000,DCQCN
2001097965,5,0.5,10000,0.1,100,3,100000000000,DCQCN
2001099293,3,0.3,10000,0.1,100,3,100000000000,DCQCN
2001101783,4,0.4,10000,0.1,100,3,100000000000,DCQCN
2001101949,5,0.5,10000,0.1,100,3,100000000000,DCQCN
2001103277,2,0.2,10000,0.1,100,3,100000000000,DCQCN
2001104609,3,0.3,10000,0.1,100,3,100000000000,DCQCN
2001105190,4,0.4,10000,0.1,100,3,100000000000,DCQCN
2001105273,5,0.5,10000,0.1,100,3,100000000000,DCQCN
2001105601,2,0.2,10000,0.1,100,3,100000000000,DCQCN
2001106929,3,0.3,10000,0.1,100,3,100000000000,DCQCN
2001108257,4,0.4,10000,0.1,100,3,100000000000,DCQCN
2001110166,5,0.5,10000,0.1,100,3,100000000000,DCQCN
2001110913,2,0.2,10000,0.1,100,3,100000000000,DCQCN
2001112245,2,0.2,10000,0.1,100,3,100000000000,DCQCN
2001112573,3,0.3,10000,0.1,100,3,100000000000,DCQCN
2001115146,4,0.4,10000,0.1,100,3,100000000000,DCQCN
2001115229,5,0.5,10000,0.1,100,3,100000000000,DCQCN
2001116557,3,0.3,10000,0.1,100,3,100000000000,DCQCN
2001119047,4,0.4,10000,0.1,100,3,100000000000,DCQCN
2001119213,5,0.5,10000,0.1,100,3,100000000000,DCQCN
2001120541,2,0.2,10000,0.1,100,3,100000000000,DCQCN
2001121873,3,0.3,10000,0.1,100,3,100000000000,DCQCN
2001122454,4,0.4,10000,0.1,100,3,100000000000,DCQCN
2001122537,5,0.5,10000,0.1,100,3,100000000000,DCQCN
2001122865,2,0.2,10000,0.1,100,3,100000000000,DCQCN
2001124193,3,0.3,10000,0.1,100,3,100000000000,DCQCN
2001125521,4,0.4,10000,0.1,100,3,100000000000,DCQCN
2001127430,5,0.5,10000,0.1,100,3,100000000000,DCQCN
2001128177,2,0.2,10000,0.1,100,3,100000000000,DCQCN
2001129509,2,0.2,10000,0.1,100,3,100000000000,DCQCN
2001129837,3,0.3,10000,0.1,100,3,100000000000,DCQCN
2001132410,4,0.4,10000,0.1,100,3,100000000000,DCQCN
2001132493,5,0.5,10000,0.1,100,3,100000000000,DCQCN
2001133821,3,0.3,10000,0.1,100,3,100000000000,DCQCN
2001136311,4,0.4,10000,0.1,100,3,100000000000,DCQCN
2001136477,5,0.5,10000,0.1,100,3,100000000000,DCQCN
2001137805,2,0.2,10000,0.1,100,3,100000000000,DCQCN
2001139137,3,0.3,10000,0.1,100,3,100000000000,DCQCN
2001139718,4,0.4,10000,0.1,100,3,100000000000,DCQCN
2001139801,5,0.5,10000,0.1,100,3,100000000000,DCQCN
2001140129,2,0.2,10000,0.1,100,3,100000000000,DCQCN
2001141457,3,0.3,10000,0.1,100,3,100000000000,DCQCN
2001142785,4,0.4,10000,0.1,100,3,100000000000,DCQCN
2001144694,5,0.5,10000,0.1,100,3,100000000000,DCQCN
2001145441,2,0.2,10000,0.1,100,3,100000000000,DCQCN
2001146773,2,0.2,10000,0.1,100,3,100000000000,DCQCN
2001147101,3,0.3,10000,0.1,100,3,100000000000,DCQCN
2001149674,4,0.4,10000,0.1,100,3,100000000000,DCQCN
2001149757,5,0.5,10000,0.1,100,3,100000000000,DCQCN
2001151085,3,0.3,10000,0.1,100,3,100000000000,DCQCN
2001153575,4,0.4,10000,0.1,100,3,100000000000,DCQCN
2001153741,5,0.5,10000,0.1,100,3,100000000000,DCQCN
2001155069,2,0.2,10000,0.1,100,3,100000000000,DCQCN
2001156401,3,0.3,10000,0.1,100,3,100000000000,DCQCN
2001156982,4,0.4,10000,0.1,100,3,100000000000,DCQCN
2001157065,5,0.5,10000,0.1,100,3,100000000000,DCQCN
2001157393,2,0.2,10000,0.1,100,3,100000000000,DCQCN
2001158721,3,0.3,10000,0.1,100,3,100000000000,DCQCN
2001160049,4,0.4,10000,0.1,100,3,100000000000,DCQCN
2001161958,5,0.5,10000,0.1,100,3,100000000000,DCQCN
2001162705,2,0.2,10000,0.1,100,3,100000000000,DCQCN
2001164037,2,0.2,10000,0.1,100,3,100000000000,DCQCN
2001164365,3,0.3,10000,0.1,100,3,100000000000,DCQCN
2001166938,4,0.4,10000,0.1,100,3,100000000000,DCQCN
2001167021,5,0.5,10000,0.1,100,3,100000000000,DCQCN
2001168349,3,0.3,10000,0.1,100,3,100000000000,DCQCN
2001170839,4,0.4,10000,0.1,100,3,100000000000,DCQCN
2001171005,5,0.5,10000,0.1,100,3,100000000000,DCQCN
2001172333,2,0.2,10000,0.1,100,3,100000000000,DCQCN
2001173665,3,0.3,10000,0.1,100,3,100000000000,DCQCN
2001174246,4,0.4,10000,0.1,100,3,100000000000,DCQCN
2001174329,5,0.5,10000,0.1,100,3,100000000000,DCQCN
2001174657,2,0.2,10000,0.1,100,3,100000000000,DCQCN
2001175985,3,0.3,10000,0.1,100,3,100000000000,DCQCN
2001177313,4,0.4,10000,0.1,100,3,100000000000,DCQCN
2001179222,5,0.5,10000,0.1,100,3,100000000000,DCQCN
2001179969,2,0.2,10000,0.1,100,3,100000000000,DCQCN
2001181301,2,0.2,10000,0.1,100,3,100000000000,DCQCN
2001181629,3,0.3,10000,0.1,100,3,100000000000,DCQCN
2001184202,4,0.4,10000,0.1,100,3,100000000000,DCQCN
2001184285,5,0.5,10000,0.1,100,3,100000000000,DCQCN
2001185613,3,0.3,10000,0.1,100,3,100000000000,DCQCN
2001188103,4,0.4,10000,0.1,100,3,100000000000,DCQCN
2001188269,5,0.5,10000,0.1,100,3,100000000000,DCQCN
2001189597,2,0.2,10000,0.1,100,3,100000000000,DCQCN
2001190929,3,0.3,10000,0.1,100,3,100000000000,DCQCN
2001191510,4,0.4,10000,0.1,100,3,100000000000,DCQCN
2001191593,5,0.5,10000,0.1,100,3,100000000000,DCQCN
2001191921,2,0.2,10000,0.1,100,3,100000000000,DCQCN
2001193249,3,0.3,10000,0.1,100,3,100000000000,DCQCN
2001194577,4,0.4,10000,0.1,100,3,100000000000,DCQCN
2001196486,5,0.5,10000,0.1,100,3,100000000000,DCQCN
2001197233,2,0.2,10000,0.1,100,3,100000000000,DCQCN
2001198565,2,0.2,10000,0.1,100,3,100000000000,DCQCN
2001198893,3,0.3,10000,0.1,100,3,100000000000,DCQCN
2001201466,4,0.4,10000,0.1,100,3,100000000000,DCQCN
2001201549,5,0.5,10000,0.1,100,3,100000000000,DCQCN
2001202877,3,0.3,10000,0.1,100,3,100000000000,DCQCN
2001205367,4,0.4,10000,0.1,100,3,100000000000,DCQCN
2001205533,5,0.5,10000,0.1,100,3,100000000000,DCQCN
2001206861,2,0.2,10000,0.1,100,3,100000000000,DCQCN
2001208193,3,0.3,10000,0.1,100,3,100000000000,DCQCN
2001208774,4,0.4,10000,0.1,100,3,100000000000,DCQCN
2001208857,5,0.5,10000,0.1,100,3,100000000000,DCQCN
2001209185,2,0.2,10000,0.1,100,3,100000000000,DCQCN
2001210513,3,0.3,10000,0.1,100,3,100000000000,DCQCN
2001211841,4,0.4,10000,0.1,100,3,100000000000,DCQCN
2001213750,5,0.5,10000,0.1,100,3,100000000000,DCQCN
2001214497,2,0.2,10000,0.1,100,3,100000000000,DCQCN
2001215829,2,0.2,10000,0.1,100,3,100000000000,DCQCN
2001216157,3,0.3,10000,0.1,100,3,100000000000,DCQCN
2001218730,4,0.4,10000,0.1,100,3,100000000000,DCQCN
2001218813,5,0.5,10000,0.1,100,3,100000000000,DCQCN
2001220141,3,0.3,10000,0.1,100,3,100000000000,DCQCN
2001222631,4,0.4,10000,0.1,100,3,100000000000,DCQCN
2001222797,5,0.5,10000,0.1,100,3,100000000000,DCQCN
2001224125,2,0.2,10000,0.1,100,3,100000000000,DCQCN
2001225457,3,0.3,10000,0.1,100,3,100000000000,DCQCN
2001226038,4,0.4,10000,0.1,100,3,100000000000,DCQCN
2001226121,5,0.5,10000,0.1,100,3,100000000000,DCQCN
2001226449,2,0.2,10000,0.1,100,3,100000000000,DCQCN
2001227777,3,0.3,10000,0.1,100,3,100000000000,DCQCN
2001229105,4,0.4,10000,0.1,100,3,100000000000,DCQCN
2001231014,5,0.5,10000,0.1,100,3,100000000000,DCQCN
2001231761,2,0.2,10000,0.1,100,3,100000000000,DCQCN
2001233093,2,0.2,10000,0.1,100,3,100000000000,DCQCN
2001233421,3,0.3,10000,0.1,100,3,100000000000,DCQCN
2001235994,4,0.4,10000,0.1,100,3,100000000000,DCQCN
2001236077,5,0.5,10000,0.1,100,3,100000000000,DCQCN
2001237405,3,0.3,10000,0.1,100,3,100000000000,DCQCN
2001239895,4,0.4,10000,0.1,100,3,100000000000,DCQCN
2001240061,5,0.5,10000,0.1,100,3,100000000000,DCQCN
2001241389,2,0.2,10000,0.1,100,3,100000000000,DCQCN
2001242721,3,0.3,10000,0.1,100,3,100000000000,DCQCN
2001243302,4,0.4,10000,0.1,100,3,100000000000,DCQCN
2001243385,5,0.5,10000,0.1,100,3,100000000000,DCQCN
2001243713,2,0.2,10000,0.1,100,3,100000000000,DCQCN
2001245041,3,0.3,10000,0.1,100,3,100000000000,DCQCN
2001246369,4,0.4,10000,0.1,100,3,100000000000,DCQCN
2001248278,5,0.5,10000,0.1,100,3,100000000000,DCQCN
2001249025,2,0.2,10000,0.1,100,3,100000000000,DCQCN
2001250357,2,0.2,10000,0.1,100,3,100000000000,DCQCN
2001250685,3,0.3,10000,0.1,100,3,100000000000,DCQCN
2001253258,4,0.4,10000,0.1,100,3,100000000000,DCQCN
2001253341,5,0.5,10000,0.1,100,3,100000000000,DCQCN
2001254669,3,0.3,10000,0.1,100,3,100000000000,DCQCN
2001257159,4,0.4,10000,0.1,100,3,100000000000,DCQCN
2001257325,5,0.5,10000,0.1,100,3,100000000000,DCQCN
2001258653,2,0.2,10000,0.1,100,3,100000000000,DCQCN
2001259985,3,0.3,10000,0.1,100,3,100000000000,DCQCN
2001260566,4,0.4,10000,0.1,100,3,100000000000,DCQCN
2001260649,5,0.5,10000,0.1,100,3,100000000000,DCQCN
2001260977,2,0.2,10000,0.1,100,3,100000000000,DCQCN
2001262305,3,0.3,10000,0.1,100,3,100000000000,DCQCN
2001263633,4,0.4,10000,0.1,100,3,100000000000,DCQCN
2001265542,5,0.5,10000,0.1,100,3,100000000000,DCQCN
2001266289,2,0.2,10000,0.1,100,3,100000000000,DCQCN
2001267621,2,0.2,10000,0.1,100,3,100000000000,DCQCN
2001267949,3,0.3,10000,0.1,100,3,100000000000,DCQCN
2001270522,4,0.4,10000,0.1,100,3,100000000000,DCQCN
2001270605,5,0.5,10000,0.1,100,3,100000000000,DCQCN
2001271933,3,0.3,10000,0.1,100,3,100000000000,DCQCN
2001274423,4,0.4,10000,0.1,100,3,100000000000,DCQCN
2001274589,5,0.5,10000,0.1,100,3,100000000000,DCQCN
2001275917,2,0.2,10000,0.1,100,3,100000000000,DCQCN
2001277249,3,0.3,10000,0.1,100,3,100000000000,DCQCN
2001277830,4,0.4,10000,0.1,100,3,100000000000,DCQCN
2001277913,5,0.5,10000,0.1,100,3,100000000000,DCQCN
2001278241,2,0.2,10000,0.1,100,3,100000000000,DCQCN
2001279569,3,0.3,10000,0.1,100,3,100000000000,DCQCN
2001280897,4,0.4,10000,0.1,100,3,100000000000,DCQCN
2001282806,5,0.5,10000,0.1,100,3,100000000000,DCQCN
2001283553,2,0.2,10000,0.1,100,3,100000000000,DCQCN
2001284885,2,0.2,10000,0.1,100,3,100000000000,DCQCN
2001285213,3,0.3,10000,0.1,100,3,100000000000,DCQCN
2001287786,4,0.4,10000,0.1,100,3,100000000000,DCQCN
2001287869,5,0.5,10000,0.1,100,3,100000000000,DCQCN
2001289197,3,0.3,10000,0.1,100,3,100000000000,DCQCN
2001291687,4,0.4,10000,0.1,100,3,100000000000,DCQCN
2001291853,5,0.5,10000,0.1,100,3,100000000000,DCQCN
2001293181,2,0.2,10000,0.1,100,3,100000000000,DCQCN
2001294513,3,0.3,10000,0.1,100,3,100000000000,DCQCN
2001295094,4,0.4,10000,0.1,100,3,100000000000,DCQCN
2001295177,5,0.5,10000,0.1,100,3,100000000000,DCQCN
2001295505,2,0.2,10000,0.1,100,3,100000000000,DCQCN
2001296833,3,0.3,10000,0.1,100,3,100000000000,DCQCN
2001298161,4,0.4,10000,0.1,100,3,100000000000,DCQCN
2001300070,5,0.5,10000,0.1,100,3,100000000000,DCQCN
2001300817,2,0.2,10000,0.1,100,3,100000000000,DCQCN
2001302149,2,0.2,10000,0.1,100,3,100000000000,DCQCN
2001302477,3,0.3,10000,0.1,100,3,100000000000,DCQCN
2001305050,4,0.4,10000,0.1,100,3,100000000000,DCQCN
2001305133,5,0.5,10000,0.1,100,3,100000000000,DCQCN
2001306461,3,0.3,10000,0.1,100,3,100000000000,DCQCN
2001308951,4,0.4,10000,0.1,100,3,100000000000,DCQCN
2001309117,5,0.5,10000,0.1,100,3,100000000000,DCQCN
2001310445,2,0.2,10000,0.1,100,3,100000000000,DCQCN
2001311777,3,0.3,10000,0.1,100,3,100000000000,DCQCN
2001312358,4,0.4,10000,0.1,100,3,100000000000,DCQCN
2001312441,5,0.5,10000,0.1,100,3,100000000000,DCQCN
2001312769,2,0.2,10000,0.1,100,3,100000000000,DCQCN
2001314097,3,0.3,10000,0.1,100,3,100000000000,DCQCN
2001315425,4,0.4,10000,0.1,100,3,100000000000,DCQCN
2001317334,5,0.5,10000,0.1,100,3,100000000000,DCQCN
2001318081,2,0.2,10000,0.1,100,3,100000000000,DCQCN
2001319413,2,0.2,10000,0.1,100,3,100000000000,DCQCN
2001319741,3,0.3,10000,0.1,100,3,100000000000,DCQCN
2001322314,4,0.4,10000,0.1,100,3,100000000000,DCQCN
2001322397,5,0.5,10000,0.1,100,3,100000000000,DCQCN
2001323725,3,0.3,10000,0.1,100,3,100000000000,DCQCN
2001326215,4,0.4,10000,0.1,100,3,100000000000,DCQCN
2001326381,5,0.5,10000,0.1,100,3,100000000000,DCQCN
2001327709,2,0.2,10000,0.1,100,3,100000000000,DCQCN
2001329041,3,0.3,10000,0.1,100,3,100000000000,DCQCN
2001329622,4,0.4,10000,0.1,100,3,100000000000,DCQCN
2001329705,5,0.5,10000,0.1,100,3,100000000000,DCQCN
2001330033,2,0.2,10000,0.1,100,3,100000000000,DCQCN
2001331361,3,0.3,10000,0.1,100,3,100000000000,DCQCN
2001332689,4,0.4,10000,0.1,100,3,100000000000,DCQCN
2001334598,5,0.5,10000,0.1,100,3,100000000000,DCQCN
2001335345,2,0.2,10000,0.1,100,3,100000000000,DCQCN
2001336677,2,0.2,10000,0.1,100,3,100000000000,DCQCN
2001337005,3,0.3,10000,0.1,100,3,100000000000,DCQCN
2001339578,4,0.4,10000,0.1,100,3,100000000000,DCQCN
2001339661,5,0.5,10000,0.1,100,3,100000000000,DCQCN
2001340989,3,0.3,10000,0.1,100,3,100000000000,DCQCN
2001343479,4,0.4,10000,0.1,100,3,100000000000,DCQCN
2001343645,5,0.5,10000,0.1,100,3,100000000000,DCQCN
2001344973,2,0.2,10000,0.1,100,3,100000000000,DCQCN
2001346305,3,0.3,10000,0.1,100,3,100000000000,DCQCN
2001346886,4,0.4,10000,0.1,100,3,100000000000,DCQCN
2001346969,5,0.5,10000,0.1,100,3,100000000000,DCQCN
2001347297,2,0.2,10000,0.1,100,3,100000000000,DCQCN
2001348625,3,0.3,10000,0.1,100,3,100000000000,DCQCN
2001349953,4,0.4,10000,0.1,100,3,100000000000,DCQCN
2001351862,5,0.5,10000,0.1,100,3,100000000000,DCQCN
2001352609,2,0.2,10000,0.1,100,3,100000000000,DCQCN
2001353941,2,0.2,10000,0.1,100,3,100000000000,DCQCN
2001354269,3,0.3,10000,0.1,100,3,100000000000,DCQCN
2001356842,4,0.4,10000,0.1,100,3,100000000000,DCQCN
2001356925,5,0.5,10000,0.1,100,3,100000000000,DCQCN
2001358253,3,0.3,10000,0.1,100,3,100000000000,DCQCN
2001360743,4,0.4,10000,0.1,100,3,100000000000,DCQCN
2001360909,5,0.5,10000,0.1,100,3,100000000000,DCQCN
2001362237,2,0.2,10000,0.1,100,3,100000000000,DCQCN
2001363569,3,0.3,10000,0.1,100,3,100000000000,DCQCN
2001364150,4,0.4,10000,0.1,100,3,100000000000,DCQCN
2001364233,5,0.5,10000,0.1,100,3,100000000000,DCQCN
2001364561,2,0.2,10000,0.1,100,3,100000000000,DCQCN
2001365889,3,0.3,10000,0.1,100,3,100000000000,DCQCN
2001367217,4,0.4,10000,0.1,100,3,100000000000,DCQCN
2001369126,5,0.5,10000,0.1,100,3,100000000000,DCQCN
2001369873,2,0.2,10000,0.1,100,3,100000000000,DCQCN
2001371205,2,0.2,10000,0.1,100,3,100000000000,DCQCN
2001371533,3,0.3,10000,0.1,100,3,100000000000,DCQCN
2001374106,4,0.4,10000,0.1,100,3,100000000000,DCQCN
2001374189,5,0.5,10000,0.1,100,3,100000000000,DCQCN
2001375517,3,0.3,10000,0.1,100,3,100000000000,DCQCN
2001378007,4,0.4,10000,0.1,100,3,100000000000,DCQCN
2001378173,5,0.5,10000,0.1,100,3,100000000000,DCQCN
2001379501,2,0.2,10000,0.1,100,3,100000000000,DCQCN
2001380833,3,0.3,10000,0.1,100,3,100000000000,DCQCN
2001381414,4,0.4,10000,0.1,100,3,100000000000,DCQCN
2001381497,5,0.5,10000,0.1,100,3,100000000000,DCQCN
2001381825,2,0.2,10000,0.1,100,3,100000000000,DCQCN
2001383153,3,0.3,10000,0.1,100,3,100000000000,DCQCN
2001384481,4,0.4,10000,0.1,100,3,100000000000,DCQCN
2001386390,5,0.5,10000,0.1,100,3,100000000000,DCQCN
2001387137,2,0.2,10000,0.1,100,3,100000000000,DCQCN
2001388469,2,0.2,10000,0.1,100,3,100000000000,DCQCN
2001388797,3,0.3,10000,0.1,100,3,100000000000,DCQCN
2001391370,4,0.4,10000,0.1,100,3,100000000000,DCQCN
2001391453,5,0.5,10000,0.1,100,3,100000000000,DCQCN
2001392781,3,0.3,10000,0.1,100,3,100000000000,DCQCN
2001395271,4,0.4,10000,0.1,100,3,100000000000,DCQCN
2001395437,5,0.5,10000,0.1,100,3,100000000000,DCQCN
2001396765,2,0.2,10000,0.1,100,3,100000000000,DCQCN
2001398097,3,0.3,10000,0.1,100,3,100000000000,DCQCN
2001398678,4,0.4,10000,0.1,100,3,100000000000,DCQCN
2001398761,5,0.5,10000,0.1,100,3,100000000000,DCQCN
2001399089,2,0.2,10000,0.1,100,3,100000000000,DCQCN
2001400417,3,0.3,10000,0.1,100,3,100000000000,DCQCN
2001401745,4,0.4,10000,0.1,100,3,100000000000,DCQCN
2001403654,5,0.5,10000,0.1,100,3,100000000000,DCQCN
2001404401,2,0.2,10000,0.1,100,3,100000000000,DCQCN
2001405733,2,0.2,10000,0.1,100,3,100000000000,DCQCN
2001406061,3,0.3,10000,0.1,100,3,100000000000,DCQCN
2001408634,4,0.4,10000,0.1,100,3,100000000000,DCQCN
2001408717,5,0.5,10000,0.1,100,3,100000000000,DCQCN
2001410045,3,0.3,10000,0.1,100,3,100000000000,DCQCN
2001412535,4,0.4,10000,0.1,100,3,100000000000,DCQCN
2001412701,5,0.5,10000,0.1,100,3,100000000000,DCQCN
2001414029,2,0.2,10000,0.1,100,3,100000000000,DCQCN
2001415361,3,0.3,10000,0.1,100,3,100000000000,DCQCN
2001415942,4,0.4,10000,0.1,100,3,100000000000,DCQCN
2001416025,5,0.5,10000,0.1,100,3,100000000000,DCQCN
2001416353,2,0.2,10000,0.1,100,3,100000000000,DCQCN
2001417681,3,0.3,10000,0.1,100,3,100000000000,DCQCN
2001419009,4,0.4,10000,0.1,100,3,100000000000,DCQCN
2001420918,5,0.5,10000,0.1,100,3,100000000000,DCQCN
2001421665,2,0.2,10000,0.1,100,3,100000000000,DCQCN
2001422997,2,0.2,10000,0.1,100,3,100000000000,DCQCN
2001423325,3,0.3,10000,0.1,100,3,100000000000,DCQCN
2001425898,4,0.4,10000,0.1,100,3,100000000000,DCQCN
2001425981,5,0.5,10000,0.1,100,3,100000000000,DCQCN
2001427309,3,0.3,10000,0.1,100,3,100000000000,DCQCN
2001429799,4,0.4,10000,0.1,100,3,100000000000,DCQCN
2001429965,5,0.5,10000,0.1,100,3,100000000000,DCQCN
2001431293,2,0.2,10000,0.1,100,3,100000000000,DCQCN
2001432625,3,0.3,10000,0.1,100,3,100000000000,DCQCN
2001433206,4,0.4,10000,0.1,100,3,100000000000,DCQCN
2001433289,5,0.5,10000,0.1,100,3,100000000000,DCQCN
2001433617,2,0.2,10000,0.1,100,3,100000000000,DCQCN
2001434945,3,0.3,10000,0.1,100,3,100000000000,DCQCN
2001436273,4,0.4,10000,0.1,100,3,100000000000,DCQCN
2001438182,5,0.5,10000,0.1,100,3,100000000000,DCQCN
2001438929,2,0.2,10000,0.1,100,3,100000000000,DCQCN
2001440261,2,0.2,10000,0.1,100,3,100000000000,DCQCN
2001440589,3,0.3,10000,0.1,100,3,100000000000,DCQCN
2001443162,4,0.4,10000,0.1,100,3,100000000000,DCQCN
2001443245,5,0.5,10000,0.1,100,3,100000000000,DCQCN
2001444573,3,0.3,10000,0.1,100,3,100000000000,DCQCN
2001447063,4,0.4,10000,0.1,100,3,100000000000,DCQCN
2001447229,5,0.5,10000,0.1,100,3,100000000000,DCQCN
2001448893,2,0.2,10000,0.1,100,3,100000000000,DCQCN
2001449806,4,0.4,10000,0.1,100,3,100000000000,DCQCN
2001449885,3,0.3,10000,0.1,100,3,100000000000,DCQCN
2001449889,5,0.5,10000,0.1,100,3,100000000000,DCQCN
2001451217,3,0.3,10000,0.1,100,3,100000000000,DCQCN
2001451545,4,0.4,10000,0.1,100,3,100000000000,DCQCN
2001452873,5,0.5,10000,0.1,100,3,100000000000,DCQCN
2001454201,3,0.3,10000,0.1,100,3,100000000000,DCQCN
2001456774,4,0.4,10000,0.1,100,3,100000000000,DCQCN
2001456857,5,0.5,10000,0.1,100,3,100000000000,DCQCN
2001458185,3,0.3,10000,0.1,100,3,100000000000,DCQCN
2001460675,4,0.4,10000,0.1,100,3,100000000000,DCQCN
2001460841,5,0.5,10000,0.1,100,3,100000000000,DCQCN
2001462671,4,0.4,10000,0.1,100,3,100000000000,DCQCN
2001462833,3,0.3,10000,0.1,100,3,100000000000,DCQCN
2001462837,5,0.5,10000,0.1,100,3,100000000000,DCQCN
2001464165,3,0.3,10000,0.1,100,3,100000000000,DCQCN
2001464493,4,0.4,10000,0.1,100,3,100000000000,DCQCN
2001465821,5,0.5,10000,0.1,100,3,100000000000,DCQCN
2001467149,3,0.3,10000,0.1,100,3,100000000000,DCQCN
2001469722,4,0.4,10000,0.1,100,3,100000000000,DCQCN
2001469805,5,0.5,10000,0.1,100,3,100000000000,DCQCN
2001471133,3,0.3,10000,0.1,100,3,100000000000,DCQCN
2001473623,4,0.4,10000,0.1,100,3,100000000000,DCQCN
2001473789,5,0.5,10000,0.1,100,3,100000000000,DCQCN
2001475453,4,0.4,10000,0.1,100,3,100000000000,DCQCN
2001475781,3,0.3,10000,0.1,100,3,100000000000,DCQCN
2001475785,5,0.5,10000,0.1,100,3,100000000000,DCQCN
2001477113,3,0.3,10000,0.1,100,3,100000000000,DCQCN
2001477441,4,0.4,10000,0.1,100,3,100000000000,DCQCN
2001478769,5,0.5,10000,0.1,100,3,100000000000,DCQCN
2001480097,3,0.3,10000,0.1,100,3,100000000000,DCQCN
2001482670,4,0.4,10000,0.1,100,3,100000000000,DCQCN
2001482753,5,0.5,10000,0.1,100,3,100000000000,DCQCN
2001484081,3,0.3,10000,0.1,100,3,100000000000,DCQCN
2001486571,4,0.4,10000,0.1,100,3,100000000000,DCQCN
2001486737,5,0.5,10000,0.1,100,3,100000000000,DCQCN
2001488069,4,0.4,10000,0.1,100,3,100000000000,DCQCN
2001488729,3,0.3,10000,0.1,100,3,100000000000,DCQCN
2001488733,5,0.5,10000,0.1,100,3,100000000000,DCQCN
2001490061,3,0.3,10000,0.1,100,3,100000000000,DCQCN
2001490389,4,0.4,10000,0.1,100,3,100000000000,DCQCN
2001491717,5,0.5,10000,0.1,100,3,100000000000,DCQCN
2001493045,3,0.3,10000,0.1,100,3,100000000000,DCQCN
2001495618,4,0.4,10000,0.1,100,3,100000000000,DCQCN
2001495701,5,0.5,10000,0.1,100,3,100000000000,DCQCN
2001497029,3,0.3,10000,0.1,100,3,100000000000,DCQCN
2001499519,4,0.4,10000,0.1,100,3,100000000000,DCQCN
2001499685,5,0.5,10000,0.1,100,3,100000000000,DCQCN
2001501017,4,0.4,10000,0.1,100,3,100000000000,DCQCN
2001501677,3,0.3,10000,0.1,100,3,100000000000,DCQCN
2001501681,5,0.5,10000,0.1,100,3,100000000000,DCQCN
2001503009,3,0.3,10000,0.1,100,3,100000000000,DCQCN
2001503337,4,0.4,10000,0.1,100,3,100000000000,DCQCN
2001504665,5,0.5,10000,0.1,100,3,100000000000,DCQCN
2001505993,3,0.3,10000,0.1,100,3,100000000000,DCQCN
2001508566,4,0.4,10000,0.1,100,3,100000000000,DCQCN
2001508649,5,0.5,10000,0.1,100,3,100000000000,DCQCN
2001509977,3,0.3,10000,0.1,100,3,100000000000,DCQCN
2001512467,4,0.4,10000,0.1,100,3,100000000000,DCQCN
2001512633,5,0.5,10000,0.1,100,3,100000000000,DCQCN
2001513965,4,0.4,10000,0.1,100,3,100000000000,DCQCN
2001514625,3,0.3,10000,0.1,100,3,100000000000,DCQCN
2001514629,5,0.5,10000,0.1,100,3,100000000000,DCQCN
2001515957,3,0.3,10000,0.1,100,3,100000000000,DCQCN
2001516285,4,0.4,10000,0.1,100,3,100000000000,DCQCN
2001517613,5,0.5,10000,0.1,100,3,100000000000,DCQCN
2001518941,3,0.3,10000,0.1,100,3,100000000000,DCQCN
2001521514,4,0.4,10000,0.1,100,3,100000000000,DCQCN
2001521597,5,0.5,10000,0.1,100,3,100000000000,DCQCN
2001522925,3,0.3,10000,0.1,100,3,100000000000,DCQCN
2001525415,4,0.4,10000,0.1,100,3,100000000000,DCQCN
2001525581,5,0.5,10000,0.1,100,3,100000000000,DCQCN
2001526913,4,0.4,10000,0.1,100,3,100000000000,DCQCN
2001527573,3,0.3,10000,0.1,100,3,100000000000,DCQCN
2001527577,5,0.5,10000,0.1,100,3,100000000000,DCQCN
2001528905,3,0.3,10000,0.1,100,3,100000000000,DCQCN
2001529233,4,0.4,10000,0.1,100,3,100000000000,DCQCN
2001530561,5,0.5,10000,0.1,100,3,100000000000,DCQCN
2001531889,3,0.3,10000,0.1,100,3,100000000000,DCQCN
2001534462,4,0.4,10000,0.1,100,3,100000000000,DCQCN
2001534545,5,0.5,10000,0.1,100,3,100000000000,DCQCN
2001535873,3,0.3,10000,0.1,100,3,100000000000,DCQCN
2001538363,4,0.4,10000,0.1,100,3,100000000000,DCQCN
2001538529,5,0.5,10000,0.1,100,3,100000000000,DCQCN
2001539861,4,0.4,10000,0.1,100,3,100000000000,DCQCN
2001540521,3,0.3,10000,0.1,100,3,100000000000,DCQCN
2001540525,5,0.5,10000,0.1,100,3,100000000000,DCQCN
2001541853,3,0.3,10000,0.1,100,3,100000000000,DCQCN
2001542181,4,0.4,10000,0.1,100,3,100000000000,DCQCN
2001543509,5,0.5,10000,0.1,100,3,100000000000,DCQCN
2001544837,3,0.3,10000,0.1,100,3,100000000000,DCQCN
2001547410,4,0.4,10000,0.1,100,3,100000000000,DCQCN
2001547493,5,0.5,10000,0.1,100,3,100000000000,DCQCN
2001548821,3,0.3,10000,0.1,100,3,100000000000,DCQCN
2001551311,4,0.4,10000,0.1,100,3,100000000000,DCQCN
2001551477,5,0.5,10000,0.1,100,3,100000000000,DCQCN
2001552809,4,0.4,10000,0.1,100,3,100000000000,DCQCN
2001553469,3,0.3,10000,0.1,100,3,100000000000,DCQCN
2001553473,5,0.5,10000,0.1,100,3,100000000000,DCQCN
2001554801,3,0.3,10000,0.1,100,3,100000000000,DCQCN
2001555129,4,0.4,10000,0.1,100,3,100000000000,DCQCN
2001556457,5,0.5,10000,0.1,100,3,100000000000,DCQCN
2001557785,3,0.3,10000,0.1,100,3,100000000000,DCQCN
2001560358,4,0.4,10000,0.1,100,3,100000000000,DCQCN
2001560441,5,0.5,10000,0.1,100,3,100000000000,DCQCN
2001561769,3,0.3,10000,0.1,100,3,100000000000,DCQCN
2001564259,4,0.4,10000,0.1,100,3,100000000000,DCQCN
2001564425,5,0.5,10000,0.1,100,3,100000000000,DCQCN
2001565757,4,0.4,10000,0.1,100,3,100000000000,DCQCN
2001566417,3,0.3,10000,0.1,100,3,100000000000,DCQCN
2001566421,5,0.5,10000,0.1,100,3,100000000000,DCQCN
2001567749,3,0.3,10000,0.1,100,3,100000000000,DCQCN
2001568077,4,0.4,10000,0.1,100,3,100000000000,DCQCN
2001569405,5,0.5,10000,0.1,100,3,100000000000,DCQCN
2001570733,3,0.3,10000,0.1,100,3,100000000000,DCQCN
2001573306,4,0.4,10000,0.1,100,3,100000000000,DCQCN
2001573389,5,0.5,10000,0.1,100,3,100000000000,DCQCN
2001574717,3,0.3,10000,0.1,100,3,100000000000,DCQCN
2001577207,4,0.4,10000,0.1,100,3,100000000000,DCQCN
2001577373,5,0.5,10000,0.1,100,3,100000000000,DCQCN
2001578705,4,0.4,10000,0.1,100,3,100000000000,DCQCN
2001579365,3,0.3,10000,0.1,100,3,100000000000,DCQCN
2001579369,5,0.5,10000,0.1,100,3,100000000000,DCQCN
2001580697,3,0.3,10000,0.1,100,3,100000000000,DCQCN
2001581025,4,0.4,10000,0.1,100,3,100000000000,DCQCN
2001582353,5,0.5,10000,0.1,100,3,100000000000,DCQCN
2001583681,3,0.3,10000,0.1,100,3,100000000000,DCQCN
2001586254,4,0.4,10000,0.1,100,3,100000000000,DCQCN
2001586337,5,0.5,10000,0.1,100,3,100000000000,DCQCN
2001587665,3,0.3,10000,0.1,100,3,100000000000,DCQCN
2001590155,4,0.4,10000,0.1,100,3,100000000000,DCQCN
2001590321,5,0.5,10000,0.1,100,3,100000000000,DCQCN
2001591653,4,0.4,10000,0.1,100,3,100000000000,DCQCN
2001592313,3,0.3,10000,0.1,100,3,100000000000,DCQCN
2001592317,5,0.5,10000,0.1,100,3,100000000000,DCQCN
2001593645,3,0.3,10000,0.1,100,3,100000000000,DCQCN
2001593973,4,0.4,10000,0.1,100,3,100000000000,DCQCN
2001595301,5,0.5,10000,0.1,100,3,100000000000,DCQCN
2001596629,3,0.3,10000,0.1,100,3,100000000000,DCQCN
2001599202,4,0.4,10000,0.1,100,3,100000000000,DCQCN
2001599285,5,0.5,10000,0.1,100,3,100000000000,DCQCN
2001600613,3,0.3,10000,0.1,100,3,100000000000,DCQCN
2001603103,4,0.4,10000,0.1,100,3,100000000000,DCQCN
2001603269,5,0.5,10000,0.1,100,3,100000000000,DCQCN
2001604601,4,0.4,10000,0.1,100,3,100000000000,DCQCN
2001605261,3,0.3,10000,0.1,100,3,100000000000,DCQCN
2001605265,5,0.5,10000,0.1,100,3,100000000000,DCQCN
2001606593,3,0.3,10000,0.1,100,3,100000000000,DCQCN
2001606921,4,0.4,10000,0.1,100,3,100000000000,DCQCN
2001608249,5,0.5,10000,0.1,100,3,100000000000,DCQCN
2001609577,3,0.3,10000,0.1,100,3,100000000000,DCQCN
2001612150,4,0.4,10000,0.1,100,3,100000000000,DCQCN
2001612233,5,0.5,10000,0.1,100,3,100000000000,DCQCN
2001613561,3,0.3,10000,0.1,100,3,100000000000,DCQCN
2001616051,4,0.4,10000,0.1,100,3,100000000000,DCQCN
2001616217,5,0.5,10000,0.1,100,3,100000000000,DCQCN
2001617549,4,0.4,10000,0.1,100,3,100000000000,DCQCN
2001618209,3,0.3,10000,0.1,100,3,100000000000,DCQCN
2001618213,5,0.5,10000,0.1,100,3,100000000000,DCQCN
2001619541,3,0.3,10000,0.1,100,3,100000000000,DCQCN
2001619869,4,0.4,10000,0.1,100,3,100000000000,DCQCN
2001621197,5,0.5,10000,0.1,100,3,100000000000,DCQCN
2001622525,3,0.3,10000,0.1,100,3,100000000000,DCQCN
2001625098,4,0.4,10000,0.1,100,3,100000000000,DCQCN
2001625181,5,0.5,10000,0.1,100,3,100000000000,DCQCN
2001626509,3,0.3,10000,0.1,100,3,100000000000,DCQCN
2001628999,4,0.4,10000,0.1,100,3,100000000000,DCQCN
2001629165,5,0.5,10000,0.1,100,3,100000000000,DCQCN
2001630497,4,0.4,10000,0.1,100,3,100000000000,DCQCN
2001631157,3,0.3,10000,0.1,100,3,100000000000,DCQCN
2001631161,5,0.5,10000,0.1,100,3,100000000000,DCQCN
2001632489,3,0.3,10000,0.1,100,3,100000000000,DCQCN
2001632817,4,0.4,10000,0.1,100,3,100000000000,DCQCN
2001634145,5,0.5,10000,0.1,100,3,100000000000,DCQCN
2001635473,3,0.3,10000,0.1,100,3,100000000000,DCQCN
2001638046,4,0.4,10000,0.1,100,3,100000000000,DCQCN
2001638129,5,0.5,10000,0.1,100,3,100000000000,DCQCN
2001639457,3,0.3,10000,0.1,100,3,100000000000,DCQCN
2001641947,4,0.4,10000,0.1,100,3,100000000000,DCQCN
2001642113,5,0.5,10000,0.1,100,3,100000000000,DCQCN
2001643445,4,0.4,10000,0.1,100,3,100000000000,DCQCN
2001644105,3,0.3,10000,0.1,100,3,100000000000,DCQCN
2001644109,5,0.5,10000,0.1,100,3,100000000000,DCQCN
2001645437,3,0.3,10000,0.1,100,3,100000000000,DCQCN
2001645765,4,0.4,10000,0.1,100,3,100000000000,DCQCN
2001647093,5,0.5,10000,0.1,100,3,100000000000,DCQCN
2001648421,3,0.3,10000,0.1,100,3,100000000000,DCQCN
2001650994,4,0.4,10000,0.1,100,3,100000000000,DCQCN
2001651077,5,0.5,10000,0.1,100,3,100000000000,DCQCN
2001652405,3,0.3,10000,0.1,100,3,100000000000,DCQCN
2001654895,4,0.4,10000,0.1,100,3,100000000000,DCQCN
2001655061,5,0.5,10000,0.1,100,3,100000000000,DCQCN
2001656393,4,0.4,10000,0.1,100,3,100000000000,DCQCN
2001657053,3,0.3,10000,0.1,100,3,100000000000,DCQCN
2001657057,5,0.5,10000,0.1,100,3,100000000000,DCQCN
2001658385,3,0.3,10000,0.1,100,3,100000000000,DCQCN
2001658713,4,0.4,10000,0.1,100,3,100000000000,DCQCN
2001660041,5,0.5,10000,0.1,100,3,100000000000,DCQCN
2001661369,3,0.3,10000,0.1,100,3,100000000000,DCQCN
2001663942,4,0.4,10000,0.1,100,3,100000000000,DCQCN
2001664025,5,0.5,10000,0.1,100,3,100000000000,DCQCN
2001665353,3,0.3,10000,0.1,100,3,100000000000,DCQCN
2001667843,4,0.4,10000,0.1,100,3,100000000000,DCQCN
2001668009,5,0.5,10000,0.1,100,3,100000000000,DCQCN
2001669341,4,0.4,10000,0.1,100,3,100000000000,DCQCN
2001670001,3,0.3,10000,0.1,100,3,100000000000,DCQCN
2001670005,5,0.5,10000,0.1,100,3,100000000000,DCQCN
2001671333,3,0.3,10000,0.1,100,3,100000000000,DCQCN
2001671661,4,0.4,10000,0.1,100,3,100000000000,DCQCN
2001672989,5,0.5,10000,0.1,100,3,100000000000,DCQCN
2001674317,3,0.3,10000,0.1,100,3,100000000000,DCQCN
2001676890,4,0.4,10000,0.1,100,3,100000000000,DCQCN
2001676973,5,0.5,10000,0.1,100,3,100000000000,DCQCN
2001678301,3,0.3,10000,0.1,100,3,100000000000,DCQCN
2001680791,4,0.4,10000,0.1,100,3,100000000000,DCQCN
2001680957,5,0.5,10000,0.1,100,3,100000000000,DCQCN
2001682289,4,0.4,10000,0.1,100,3,100000000000,DCQCN
2001682953,5,0.5,10000,0.1,100,3,100000000000,DCQCN
2001683617,3,0.3,10000,0.1,100,3,100000000000,DCQCN
2001684281,4,0.4,10000,0.1,100,3,100000000000,DCQCN
2001684945,5,0.5,10000,0.1,100,3,100000000000,DCQCN
2000005436,2,0.2,10000,0.1,100,3,100000000000,TIMELY
2000006780,2,0.2,10000,0.1,100,3,100000000000,TIMELY
2000008124,2,0.2,10000,0.1,100,3,100000000000,TIMELY
2000009460,2,0.2,10000,0.1,100,3,100000000000,TIMELY
2000010872,2,0.2,10000,0.1,100,3,100000000000,TIMELY
2000012216,2,0.2,10000,0.1,100,3,100000000000,TIMELY
2000013560,2,0.2,10000,0.1,100,3,100000000000,TIMELY
2000014896,2,0.2,10000,0.1,100,3,100000000000,TIMELY
2000016308,2,0.2,10000,0.1,100,3,100000000000,TIMELY
2000017652,2,0.2,10000,0.1,100,3,100000000000,TIMELY
2000018996,2,0.2,10000,0.1,100,3,100000000000,TIMELY
2000020332,2,0.2,10000,0.1,100,3,100000000000,TIMELY
2000021744,2,0.2,10000,0.1,100,3,100000000000,TIMELY
2000023088,2,0.2,10000,0.1,100,3,100000000000,TIMELY
2000024432,2,0.2,10000,0.1,100,3,100000000000,TIMELY
2000025768,2,0.2,10000,0.1,100,3,100000000000,TIMELY
2000027180,2,0.2,10000,0.1,100,3,100000000000,TIMELY
2000028524,2,0.2,10000,0.1,100,3,100000000000,TIMELY
2000029868,2,0.2,10000,0.1,100,3,100000000000,TIMELY
2000031204,2,0.2,10000,0.1,100,3,100000000000,TIMELY
2000032616,2,0.2,10000,0.1,100,3,100000000000,TIMELY
2000033960,2,0.2,10000,0.1,100,3,100000000000,TIMELY
2000035304,2,0.2,10000,0.1,100,3,100000000000,TIMELY
2000036640,2,0.2,10000,0.1,100,3,100000000000,TIMELY
2000038052,2,0.2,10000,0.1,100,3,100000000000,TIMELY
2000039396,2,0.2,10000,0.1,100,3,100000000000,TIMELY
2000040740,2,0.2,10000,0.1,100,3,100000000000,TIMELY
2000042076,2,0.2,10000,0.1,100,3,100000000000,TIMELY
2000043488,2,0.2,10000,0.1,100,3,100000000000,TIMELY
2000044832,2,0.2,10000,0.1,100,3,100000000000,TIMELY
2000046176,2,0.2,10000,0.1,100,3,100000000000,TIMELY
2000047512,2,0.2,10000,0.1,100,3,100000000000,TIMELY
2000048924,2,0.2,10000,0.1,100,3,100000000000,TIMELY
2000050268,2,0.2,10000,0.1,100,3,100000000000,TIMELY
2000051612,2,0.2,10000,0.1,100,3,100000000000,TIMELY
2000052948,2,0.2,10000,0.1,100,3,100000000000,TIMELY
2000054360,2,0.2,10000,0.1,100,3,100000000000,TIMELY
2000055704,2,0.2,10000,0.1,100,3,100000000000,TIMELY
2000057048,2,0.2,10000,0.1,100,3,100000000000,TIMELY
2000058384,2,0.2,10000,0.1,100,3,100000000000,TIMELY
2000059796,2,0.2,10000,0.1,100,3,100000000000,TIMELY
2000061140,2,0.2,10000,0.1,100,3,100000000000,TIMELY
2000062484,2,0.2,10000,0.1,100,3,100000000000,TIMELY
2000063820,2,0.2,10000,0.1,100,3,100000000000,TIMELY
2000065232,2,0.2,10000,0.1,100,3,100000000000,TIMELY
2000066576,2,0.2,10000,0.1,100,3,100000000000,TIMELY
2000067920,2,0.2,10000,0.1,100,3,100000000000,TIMELY
2000069256,2,0.2,10000,0.1,100,3,100000000000,TIMELY
2000070668,2,0.2,10000,0.1,100,3,100000000000,TIMELY
2000072012,2,0.2,10000,0.1,100,3,100000000000,TIMELY
2000073356,2,0.2,10000,0.1,100,3,100000000000,TIMELY
2000074692,2,0.2,10000,0.1,100,3,100000000000,TIMELY
2000076104,2,0.2,10000,0.1,100,3,100000000000,TIMELY
2000077448,2,0.2,10000,0.1,100,3,100000000000,TIMELY
2000078792,2,0.2,10000,0.1,100,3,100000000000,TIMELY
2000080128,2,0.2,10000,0.1,100,3,100000000000,TIMELY
2000081540,2,0.2,10000,0.1,100,3,100000000000,TIMELY
2000082884,2,0.2,10000,0.1,100,3,100000000000,TIMELY
2000084228,2,0.2,10000,0.1,100,3,100000000000,TIMELY
2000085564,2,0.2,10000,0.1,100,3,100000000000,TIMELY
2000086976,2,0.2,10000,0.1,100,3,100000000000,TIMELY
2000088320,2,0.2,10000,0.1,100,3,100000000000,TIMELY
2000089664,2,0.2,10000,0.1,100,3,100000000000,TIMELY
2000091000,2,0.2,10000,0.1,100,3,100000000000,TIMELY
2000092412,2,0.2,10000,0.1,100,3,100000000000,TIMELY
2000093756,2,0.2,10000,0.1,100,3,100000000000,TIMELY
2000095100,2,0.2,10000,0.1,100,3,100000000000,TIMELY
2000096436,2,0.2,10000,0.1,100,3,100000000000,TIMELY
2000097848,2,0.2,10000,0.1,100,3,100000000000,TIMELY
2000099192,2,0.2,10000,0.1,100,3,100000000000,TIMELY
2000100536,2,0.2,10000,0.1,100,3,100000000000,TIMELY
2000101872,2,0.2,10000,0.1,100,3,100000000000,TIMELY
2000103284,2,0.2,10000,0.1,100,3,100000000000,TIMELY
2000106140,2,0.2,10000,0.1,100,3,100000000000,TIMELY
2000109248,3,0.3,10000,0.1,100,3,100000000000,TIMELY
2000109332,4,0.4,10000,0.1,100,3,100000000000,TIMELY
2000109416,5,0.5,10000,0.1,100,3,100000000000,TIMELY
2000111516,2,0.2,10000,0.1,100,3,100000000000,TIMELY
2000113860,2,0.2,10000,0.1,100,3,100000000000,TIMELY
2000114204,3,0.3,10000,0.1,100,3,100000000000,TIMELY
2000114288,4,0.4,10000,0.1,100,3,100000000000,TIMELY
2000114372,5,0.5,10000,0.1,100,3,100000000000,TIMELY
2000118908,3,0.3,10000,0.1,100,3,100000000000,TIMELY
2000118992,4,0.4,10000,0.1,100,3,100000000000,TIMELY
2000119076,5,0.5,10000,0.1,100,3,100000000000,TIMELY
2000120756,2,0.2,10000,0.1,100,3,100000000000,TIMELY
2000121252,3,0.3,10000,0.1,100,3,100000000000,TIMELY
2000121336,4,0.4,10000,0.1,100,3,100000000000,TIMELY
2000121420,5,0.5,10000,0.1,100,3,100000000000,TIMELY
2000122100,2,0.2,10000,0.1,100,3,100000000000,TIMELY
2000125880,3,0.3,10000,0.1,100,3,100000000000,TIMELY
2000126048,4,0.4,10000,0.1,100,3,100000000000,TIMELY
2000126132,5,0.5,10000,0.1,100,3,100000000000,TIMELY
2000127476,2,0.2,10000,0.1,100,3,100000000000,TIMELY
2000128812,2,0.2,10000,0.1,100,3,100000000000,TIMELY
2000131592,3,0.3,10000,0.1,100,3,100000000000,TIMELY
2000131760,4,0.4,10000,0.1,100,3,100000000000,TIMELY
2000131844,5,0.5,10000,0.1,100,3,100000000000,TIMELY
2000135624,3,0.3,10000,0.1,100,3,100000000000,TIMELY
2000135792,4,0.4,10000,0.1,100,3,100000000000,TIMELY
2000135876,5,0.5,10000,0.1,100,3,100000000000,TIMELY
2000138228,2,0.2,10000,0.1,100,3,100000000000,TIMELY
2000138388,3,0.3,10000,0.1,100,3,100000000000,TIMELY
2000138640,4,0.4,10000,0.1,100,3,100000000000,TIMELY
2000138808,5,0.5,10000,0.1,100,3,100000000000,TIMELY
2000139572,2,0.2,10000,0.1,100,3,100000000000,TIMELY
2000143184,3,0.3,10000,0.1,100,3,100000000000,TIMELY
2000143520,4,0.4,10000,0.1,100,3,100000000000,TIMELY
2000143604,5,0.5,10000,0.1,100,3,100000000000,TIMELY
2000144948,2,0.2,10000,0.1,100,3,100000000000,TIMELY
2000146284,2,0.2,10000,0.1,100,3,100000000000,TIMELY
2000148896,3,0.3,10000,0.1,100,3,100000000000,TIMELY
2000149232,4,0.4,10000,0.1,100,3,100000000000,TIMELY
2000149316,5,0.5,10000,0.1,100,3,100000000000,TIMELY
2000152928,3,0.3,10000,0.1,100,3,100000000000,TIMELY
2000153264,4,0.4,10000,0.1,100,3,100000000000,TIMELY
2000153348,5,0.5,10000,0.1,100,3,100000000000,TIMELY
2000155188,3,0.3,10000,0.1,100,3,100000000000,TIMELY
2000155700,2,0.2,10000,0.1,100,3,100000000000,TIMELY
2000155860,4,0.4,10000,0.1,100,3,100000000000,TIMELY
2000156196,5,0.5,10000,0.1,100,3,100000000000,TIMELY
2000157044,2,0.2,10000,0.1,100,3,100000000000,TIMELY
2000160320,3,0.3,10000,0.1,100,3,100000000000,TIMELY
2000160992,4,0.4,10000,0.1,100,3,100000000000,TIMELY
2000161076,5,0.5,10000,0.1,100,3,100000000000,TIMELY
2000162420,2,0.2,10000,0.1,100,3,100000000000,TIMELY
2000163756,2,0.2,10000,0.1,100,3,100000000000,TIMELY
2000166032,3,0.3,10000,0.1,100,3,100000000000,TIMELY
2000166704,4,0.4,10000,0.1,100,3,100000000000,TIMELY
2000166788,5,0.5,10000,0.1,100,3,100000000000,TIMELY
2000170064,3,0.3,10000,0.1,100,3,100000000000,TIMELY
2000170736,4,0.4,10000,0.1,100,3,100000000000,TIMELY
2000170820,5,0.5,10000,0.1,100,3,100000000000,TIMELY
2000172156,3,0.3,10000,0.1,100,3,100000000000,TIMELY
2000172912,4,0.4,10000,0.1,100,3,100000000000,TIMELY
2000173172,2,0.2,10000,0.1,100,3,100000000000,TIMELY
2000173584,5,0.5,10000,0.1,100,3,100000000000,TIMELY
2000174516,2,0.2,10000,0.1,100,3,100000000000,TIMELY
2000177120,3,0.3,10000,0.1,100,3,100000000000,TIMELY
2000178464,4,0.4,10000,0.1,100,3,100000000000,TIMELY
2000178548,5,0.5,10000,0.1,100,3,100000000000,TIMELY
2000179892,2,0.2,10000,0.1,100,3,100000000000,TIMELY
2000181228,2,0.2,10000,0.1,100,3,100000000000,TIMELY
2000182832,3,0.3,10000,0.1,100,3,100000000000,TIMELY
2000184176,4,0.4,10000,0.1,100,3,100000000000,TIMELY
2000184260,5,0.5,10000,0.1,100,3,100000000000,TIMELY
2000186864,3,0.3,10000,0.1,100,3,100000000000,TIMELY
2000188208,4,0.4,10000,0.1,100,3,100000000000,TIMELY
2000188292,5,0.5,10000,0.1,100,3,100000000000,TIMELY
2000189628,3,0.3,10000,0.1,100,3,100000000000,TIMELY
2000189964,4,0.4,10000,0.1,100,3,100000000000,TIMELY
2000190644,2,0.2,10000,0.1,100,3,100000000000,TIMELY
2000190972,5,0.5,10000,0.1,100,3,100000000000,TIMELY
2000191988,2,0.2,10000,0.1,100,3,100000000000,TIMELY
2000193332,3,0.3,10000,0.1,100,3,100000000000,TIMELY
2000195936,4,0.4,10000,0.1,100,3,100000000000,TIMELY
2000196020,5,0.5,10000,0.1,100,3,100000000000,TIMELY
2000197364,2,0.2,10000,0.1,100,3,100000000000,TIMELY
2000198700,2,0.2,10000,0.1,100,3,100000000000,TIMELY
2000199044,3,0.3,10000,0.1,100,3,100000000000,TIMELY
2000201648,4,0.4,10000,0.1,100,3,100000000000,TIMELY
2000201732,5,0.5,10000,0.1,100,3,100000000000,TIMELY
2000203076,3,0.3,10000,0.1,100,3,100000000000,TIMELY
2000205680,4,0.4,10000,0.1,100,3,100000000000,TIMELY
2000205764,5,0.5,10000,0.1,100,3,100000000000,TIMELY
2000207100,3,0.3,10000,0.1,100,3,100000000000,TIMELY
2000207436,4,0.4,10000,0.1,100,3,100000000000,TIMELY
2000208116,2,0.2,10000,0.1,100,3,100000000000,TIMELY
2000208360,5,0.5,10000,0.1,100,3,100000000000,TIMELY
2000209460,2,0.2,10000,0.1,100,3,100000000000,TIMELY
2000210804,3,0.3,10000,0.1,100,3,100000000000,TIMELY
2000213408,4,0.4,10000,0.1,100,3,100000000000,TIMELY
2000213492,5,0.5,10000,0.1,100,3,100000000000,TIMELY
2000214836,2,0.2,10000,0.1,100,3,100000000000,TIMELY
2000216172,2,0.2,10000,0.1,100,3,100000000000,TIMELY
2000216516,3,0.3,10000,0.1,100,3,100000000000,TIMELY
2000219120,4,0.4,10000,0.1,100,3,100000000000,TIMELY
2000219204,5,0.5,10000,0.1,100,3,100000000000,TIMELY
2000220548,3,0.3,10000,0.1,100,3,100000000000,TIMELY
2000223152,4,0.4,10000,0.1,100,3,100000000000,TIMELY
2000223236,5,0.5,10000,0.1,100,3,100000000000,TIMELY
2000224572,3,0.3,10000,0.1,100,3,100000000000,TIMELY
2000224908,4,0.4,10000,0.1,100,3,100000000000,TIMELY
2000225588,2,0.2,10000,0.1,100,3,100000000000,TIMELY
2000225748,5,0.5,10000,0.1,100,3,100000000000,TIMELY
2000226932,2,0.2,10000,0.1,100,3,100000000000,TIMELY
2000228276,3,0.3,10000,0.1,100,3,100000000000,TIMELY
2000230880,4,0.4,10000,0.1,100,3,100000000000,TIMELY
2000230964,5,0.5,10000,0.1,100,3,100000000000,TIMELY
2000232308,2,0.2,10000,0.1,100,3,100000000000,TIMELY
2000233644,2,0.2,10000,0.1,100,3,100000000000,TIMELY
2000233988,3,0.3,10000,0.1,100,3,100000000000,TIMELY
2000236592,4,0.4,10000,0.1,100,3,100000000000,TIMELY
2000236676,5,0.5,10000,0.1,100,3,100000000000,TIMELY
2000238020,3,0.3,10000,0.1,100,3,100000000000,TIMELY
2000240624,4,0.4,10000,0.1,100,3,100000000000,TIMELY
2000240708,5,0.5,10000,0.1,100,3,100000000000,TIMELY
2000242044,3,0.3,10000,0.1,100,3,100000000000,TIMELY
2000242380,4,0.4,10000,0.1,100,3,100000000000,TIMELY
2000243060,2,0.2,10000,0.1,100,3,100000000000,TIMELY
2000243136,5,0.5,10000,0.1,100,3,100000000000,TIMELY
2000244404,2,0.2,10000,0.1,100,3,100000000000,TIMELY
2000245748,3,0.3,10000,0.1,100,3,100000000000,TIMELY
2000248352,4,0.4,10000,0.1,100,3,100000000000,TIMELY
2000248436,5,0.5,10000,0.1,100,3,100000000000,TIMELY
2000249780,2,0.2,10000,0.1,100,3,100000000000,TIMELY
2000251116,2,0.2,10000,0.1,100,3,100000000000,TIMELY
2000251460,3,0.3,10000,0.1,100,3,100000000000,TIMELY
2000254064,4,0.4,10000,0.1,100,3,100000000000,TIMELY
2000254148,5,0.5,10000,0.1,100,3,100000000000,TIMELY
2000255492,3,0.3,10000,0.1,100,3,100000000000,TIMELY
2000258096,4,0.4,10000,0.1,100,3,100000000000,TIMELY
2000258180,5,0.5,10000,0.1,100,3,100000000000,TIMELY
2000259516,3,0.3,10000,0.1,100,3,100000000000,TIMELY
2000259852,4,0.4,10000,0.1,100,3,100000000000,TIMELY
2000260524,5,0.5,10000,0.1,100,3,100000000000,TIMELY
2000260532,2,0.2,10000,0.1,100,3,100000000000,TIMELY
2000261876,2,0.2,10000,0.1,100,3,100000000000,TIMELY
2000263220,3,0.3,10000,0.1,100,3,100000000000,TIMELY
2000265824,4,0.4,10000,0.1,100,3,100000000000,TIMELY
2000265908,5,0.5,10000,0.1,100,3,100000000000,TIMELY
2000267252,2,0.2,10000,0.1,100,3,100000000000,TIMELY
2000268588,2,0.2,10000,0.1,100,3,100000000000,TIMELY
2000268932,3,0.3,10000,0.1,100,3,100000000000,TIMELY
2000271536,4,0.4,10000,0.1,100,3,100000000000,TIMELY
2000271620,5,0.5,10000,0.1,100,3,100000000000,TIMELY
2000272964,3,0.3,10000,0.1,100,3,100000000000,TIMELY
2000275568,4,0.4,10000,0.1,100,3,100000000000,TIMELY
2000275652,5,0.5,10000,0.1,100,3,100000000000,TIMELY
2000276988,3,0.3,10000,0.1,100,3,100000000000,TIMELY
2000277324,4,0.4,10000,0.1,100,3,100000000000,TIMELY
2000277912,5,0.5,10000,0.1,100,3,100000000000,TIMELY
2000278004,2,0.2,10000,0.1,100,3,100000000000,TIMELY
2000279348,2,0.2,10000,0.1,100,3,100000000000,TIMELY
2000280692,3,0.3,10000,0.1,100,3,100000000000,TIMELY
2000283296,4,0.4,10000,0.1,100,3,100000000000,TIMELY
2000283380,5,0.5,10000,0.1,100,3,100000000000,TIMELY
2000284724,2,0.2,10000,0.1,100,3,100000000000,TIMELY
2000286060,2,0.2,10000,0.1,100,3,100000000000,TIMELY
2000286404,3,0.3,10000,0.1,100,3,100000000000,TIMELY
2000289008,4,0.4,10000,0.1,100,3,100000000000,TIMELY
2000289092,5,0.5,10000,0.1,100,3,100000000000,TIMELY
2000290436,3,0.3,10000,0.1,100,3,100000000000,TIMELY
2000293040,4,0.4,10000,0.1,100,3,100000000000,TIMELY
2000293124,5,0.5,10000,0.1,100,3,100000000000,TIMELY
2000294460,3,0.3,10000,0.1,100,3,100000000000,TIMELY
2000294796,4,0.4,10000,0.1,100,3,100000000000,TIMELY
2000295300,5,0.5,10000,0.1,100,3,100000000000,TIMELY
2000295476,2,0.2,10000,0.1,100,3,100000000000,TIMELY
2000296820,2,0.2,10000,0.1,100,3,100000000000,TIMELY
2000298164,3,0.3,10000,0.1,100,3,100000000000,TIMELY
2000300768,4,0.4,10000,0.1,100,3,100000000000,TIMELY
2000300852,5,0.5,10000,0.1,100,3,100000000000,TIMELY
2000302196,2,0.2,10000,0.1,100,3,100000000000,TIMELY
2000303532,2,0.2,10000,0.1,100,3,100000000000,TIMELY
2000303876,3,0.3,10000,0.1,100,3,100000000000,TIMELY
2000306480,4,0.4,10000,0.1,100,3,100000000000,TIMELY
2000306564,5,0.5,10000,0.1,100,3,100000000000,TIMELY
2000307908,3,0.3,10000,0.1,100,3,100000000000,TIMELY
2000310512,4,0.4,10000,0.1,100,3,100000000000,TIMELY
2000310596,5,0.5,10000,0.1,100,3,100000000000,TIMELY
2000311932,3,0.3,10000,0.1,100,3,100000000000,TIMELY
2000312268,4,0.4,10000,0.1,100,3,100000000000,TIMELY
2000312688,5,0.5,10000,0.1,100,3,100000000000,TIMELY
2000312948,2,0.2,10000,0.1,100,3,100000000000,TIMELY
2000314292,2,0.2,10000,0.1,100,3,100000000000,TIMELY
2000315636,3,0.3,10000,0.1,100,3,100000000000,TIMELY
2000318240,4,0.4,10000,0.1,100,3,100000000000,TIMELY
2000318324,5,0.5,10000,0.1,100,3,100000000000,TIMELY
2000319668,2,0.2,10000,0.1,100,3,100000000000,TIMELY
2000321004,2,0.2,10000,0.1,100,3,100000000000,TIMELY
2000321348,3,0.3,10000,0.1,100,3,100000000000,TIMELY
2000323952,4,0.4,10000,0.1,100,3,100000000000,TIMELY
2000324036,5,0.5,10000,0.1,100,3,100000000000,TIMELY
2000325380,3,0.3,10000,0.1,100,3,100000000000,TIMELY
2000327984,4,0.4,10000,0.1,100,3,100000000000,TIMELY
2000328068,5,0.5,10000,0.1,100,3,100000000000,TIMELY
2000329404,3,0.3,10000,0.1,100,3,100000000000,TIMELY
2000329740,4,0.4,10000,0.1,100,3,100000000000,TIMELY
2000330076,5,0.5,10000,0.1,100,3,100000000000,TIMELY
2000330420,2,0.2,10000,0.1,100,3,100000000000,TIMELY
2000331764,2,0.2,10000,0.1,100,3,100000000000,TIMELY
2000333108,3,0.3,10000,0.1,100,3,100000000000,TIMELY
2000335712,4,0.4,10000,0.1,100,3,100000000000,TIMELY
2000335796,5,0.5,10000,0.1,100,3,100000000000,TIMELY
2000337140,2,0.2,10000,0.1,100,3,100000000000,TIMELY
2000338476,2,0.2,10000,0.1,100,3,100000000000,TIMELY
2000338820,3,0.3,10000,0.1,100,3,100000000000,TIMELY
2000341424,4,0.4,10000,0.1,100,3,100000000000,TIMELY
2000341508,5,0.5,10000,0.1,100,3,100000000000,TIMELY
2000342852,3,0.3,10000,0.1,100,3,100000000000,TIMELY
2000345456,4,0.4,10000,0.1,100,3,100000000000,TIMELY
2000345540,5,0.5,10000,0.1,100,3,100000000000,TIMELY
2000346876,3,0.3,10000,0.1,100,3,100000000000,TIMELY
2000347212,4,0.4,10000,0.1,100,3,100000000000,TIMELY
2000347548,5,0.5,10000,0.1,100,3,100000000000,TIMELY
2000347892,2,0.2,10000,0.1,100,3,100000000000,TIMELY
2000349236,2,0.2,10000,0.1,100,3,100000000000,TIMELY
2000350580,3,0.3,10000,0.1,100,3,100000000000,TIMELY
2000353184,4,0.4,10000,0.1,100,3,100000000000,TIMELY
2000353268,5,0.5,10000,0.1,100,3,100000000000,TIMELY
2000354612,2,0.2,10000,0.1,100,3,100000000000,TIMELY
2000355948,2,0.2,10000,0.1,100,3,100000000000,TIMELY
2000356292,3,0.3,10000,0.1,100,3,100000000000,TIMELY
2000358896,4,0.4,10000,0.1,100,3,100000000000,TIMELY
2000358980,5,0.5,10000,0.1,100,3,100000000000,TIMELY
2000360324,3,0.3,10000,0.1,100,3,100000000000,TIMELY
2000362928,4,0.4,10000,0.1,100,3,100000000000,TIMELY
2000363012,5,0.5,10000,0.1,100,3,100000000000,TIMELY
2000364348,3,0.3,10000,0.1,100,3,100000000000,TIMELY
2000364684,4,0.4,10000,0.1,100,3,100000000000,TIMELY
2000365020,5,0.5,10000,0.1,100,3,100000000000,TIMELY
2000365364,2,0.2,10000,0.1,100,3,100000000000,TIMELY
2000366708,2,0.2,10000,0.1,100,3,100000000000,TIMELY
2000368052,3,0.3,10000,0.1,100,3,100000000000,TIMELY
2000370656,4,0.4,10000,0.1,100,3,100000000000,TIMELY
2000370740,5,0.5,10000,0.1,100,3,100000000000,TIMELY
2000372084,2,0.2,10000,0.1,100,3,100000000000,TIMELY
2000373420,2,0.2,10000,0.1,100,3,100000000000,TIMELY
2000373764,3,0.3,10000,0.1,100,3,100000000000,TIMELY
2000376368,4,0.4,10000,0.1,100,3,100000000000,TIMELY
2000376452,5,0.5,10000,0.1,100,3,100000000000,TIMELY
2000377796,3,0.3,10000,0.1,100,3,100000000000,TIMELY
2000380400,4,0.4,10000,0.1,100,3,100000000000,TIMELY
2000380484,5,0.5,10000,0.1,100,3,100000000000,TIMELY
2000381820,3,0.3,10000,0.1,100,3,100000000000,TIMELY
2000382156,4,0.4,10000,0.1,100,3,100000000000,TIMELY
2000382492,5,0.5,10000,0.1,100,3,100000000000,TIMELY
2000382836,2,0.2,10000,0.1,100,3,100000000000,TIMELY
2000384180,2,0.2,10000,0.1,100,3,100000000000,TIMELY
2000385524,3,0.3,10000,0.1,100,3,100000000000,TIMELY
2000388128,4,0.4,10000,0.1,100,3,100000000000,TIMELY
2000388212,5,0.5,10000,0.1,100,3,100000000000,TIMELY
2000389556,2,0.2,10000,0.1,100,3,100000000000,TIMELY
2000390892,2,0.2,10000,0.1,100,3,100000000000,TIMELY
2000391236,3,0.3,10000,0.1,100,3,100000000000,TIMELY
2000393840,4,0.4,10000,0.1,100,3,100000000000,TIMELY
2000393924,5,0.5,10000,0.1,100,3,100000000000,TIMELY
2000395268,3,0.3,10000,0.1,100,3,100000000000,TIMELY
2000397872,4,0.4,10000,0.1,100,3,100000000000,TIMELY
2000397956,5,0.5,10000,0.1,100,3,100000000000,TIMELY
2000399292,3,0.3,10000,0.1,100,3,100000000000,TIMELY
2000399628,4,0.4,10000,0.1,100,3,100000000000,TIMELY
2000399964,5,0.5,10000,0.1,100,3,100000000000,TIMELY
2000400308,2,0.2,10000,0.1,100,3,100000000000,TIMELY
2000401652,2,0.2,10000,0.1,100,3,100000000000,TIMELY
2000402996,3,0.3,10000,0.1,100,3,100000000000,TIMELY
2000405600,4,0.4,10000,0.1,100,3,100000000000,TIMELY
2000405684,5,0.5,10000,0.1,100,3,100000000000,TIMELY
2000407028,2,0.2,10000,0.1,100,3,100000000000,TIMELY
2000408364,2,0.2,10000,0.1,100,3,100000000000,TIMELY
2000408708,3,0.3,10000,0.1,100,3,100000000000,TIMELY
2000411312,4,0.4,10000,0.1,100,3,100000000000,TIMELY
2000411396,5,0.5,10000,0.1,100,3,100000000000,TIMELY
2000412740,3,0.3,10000,0.1,100,3,100000000000,TIMELY
2000415344,4,0.4,10000,0.1,100,3,100000000000,TIMELY
2000415428,5,0.5,10000,0.1,100,3,100000000000,TIMELY
2000416764,3,0.3,10000,0.1,100,3,100000000000,TIMELY
2000417100,4,0.4,10000,0.1,100,3,100000000000,TIMELY
2000417436,5,0.5,10000,0.1,100,3,100000000000,TIMELY
2000417780,2,0.2,10000,0.1,100,3,100000000000,TIMELY
2000419124,2,0.2,10000,0.1,100,3,100000000000,TIMELY
2000420468,3,0.3,10000,0.1,100,3,100000000000,TIMELY
2000423072,4,0.4,10000,0.1,100,3,100000000000,TIMELY
2000423156,5,0.5,10000,0.1,100,3,100000000000,TIMELY
2000424500,2,0.2,10000,0.1,100,3,100000000000,TIMELY
2000425836,2,0.2,10000,0.1,100,3,100000000000,TIMELY
2000426180,3,0.3,10000,0.1,100,3,100000000000,TIMELY
2000428784,4,0.4,10000,0.1,100,3,100000000000,TIMELY
2000428868,5,0.5,10000,0.1,100,3,100000000000,TIMELY
2000430212,3,0.3,10000,0.1,100,3,100000000000,TIMELY
2000432816,4,0.4,10000,0.1,100,3,100000000000,TIMELY
2000432900,5,0.5,10000,0.1,100,3,100000000000,TIMELY
2000434236,3,0.3,10000,0.1,100,3,100000000000,TIMELY
2000434572,4,0.4,10000,0.1,100,3,100000000000,TIMELY
2000434908,5,0.5,10000,0.1,100,3,100000000000,TIMELY
2000435252,2,0.2,10000,0.1,100,3,100000000000,TIMELY
2000436596,2,0.2,10000,0.1,100,3,100000000000,TIMELY
2000437940,3,0.3,10000,0.1,100,3,100000000000,TIMELY
2000440544,4,0.4,10000,0.1,100,3,100000000000,TIMELY
2000440628,5,0.5,10000,0.1,100,3,100000000000,TIMELY
2000441972,2,0.2,10000,0.1,100,3,100000000000,TIMELY
2000443308,2,0.2,10000,0.1,100,3,100000000000,TIMELY
2000443652,3,0.3,10000,0.1,100,3,100000000000,TIMELY
2000446256,4,0.4,10000,0.1,100,3,100000000000,TIMELY
2000446340,5,0.5,10000,0.1,100,3,100000000000,TIMELY
2000447684,3,0.3,10000,0.1,100,3,100000000000,TIMELY
2000450288,4,0.4,10000,0.1,100,3,100000000000,TIMELY
2000450372,5,0.5,10000,0.1,100,3,100000000000,TIMELY
2000451708,3,0.3,10000,0.1,100,3,100000000000,TIMELY
2000452044,4,0.4,10000,0.1,100,3,100000000000,TIMELY
2000452380,5,0.5,10000,0.1,100,3,100000000000,TIMELY
2000452724,2,0.2,10000,0.1,100,3,100000000000,TIMELY
2000454068,2,0.2,10000,0.1,100,3,100000000000,TIMELY
2000455412,3,0.3,10000,0.1,100,3,100000000000,TIMELY
2000458016,4,0.4,10000,0.1,100,3,100000000000,TIMELY
2000458100,5,0.5,10000,0.1,100,3,100000000000,TIMELY
2000459444,2,0.2,10000,0.1,100,3,100000000000,TIMELY
2000460780,2,0.2,10000,0.1,100,3,100000000000,TIMELY
2000461124,3,0.3,10000,0.1,100,3,100000000000,TIMELY
2000463728,4,0.4,10000,0.1,100,3,100000000000,TIMELY
2000463812,5,0.5,10000,0.1,100,3,100000000000,TIMELY
2000465156,3,0.3,10000,0.1,100,3,100000000000,TIMELY
2000467760,4,0.4,10000,0.1,100,3,100000000000,TIMELY
2000467844,5,0.5,10000,0.1,100,3,100000000000,TIMELY
2000469180,3,0.3,10000,0.1,100,3,100000000000,TIMELY
2000469516,4,0.4,10000,0.1,100,3,100000000000,TIMELY
2000469852,5,0.5,10000,0.1,100,3,100000000000,TIMELY
2000470196,2,0.2,10000,0.1,100,3,100000000000,TIMELY
2000471540,2,0.2,10000,0.1,100,3,100000000000,TIMELY
2000472884,3,0.3,10000,0.1,100,3,100000000000,TIMELY
2000475488,4,0.4,10000,0.1,100,3,100000000000,TIMELY
2000475572,5,0.5,10000,0.1,100,3,100000000000,TIMELY
2000476916,2,0.2,10000,0.1,100,3,100000000000,TIMELY
2000478252,2,0.2,10000,0.1,100,3,100000000000,TIMELY
2000478596,3,0.3,10000,0.1,100,3,100000000000,TIMELY
2000481200,4,0.4,10000,0.1,100,3,100000000000,TIMELY
2000481284,5,0.5,10000,0.1,100,3,100000000000,TIMELY
2000482628,3,0.3,10000,0.1,100,3,100000000000,TIMELY
2000485232,4,0.4,10000,0.1,100,3,100000000000,TIMELY
2000485316,5,0.5,10000,0.1,100,3,100000000000,TIMELY
2000486652,3,0.3,10000,0.1,100,3,100000000000,TIMELY
2000486988,4,0.4,10000,0.1,100,3,100000000000,TIMELY
2000487324,5,0.5,10000,0.1,100,3,100000000000,TIMELY
2000487668,2,0.2,10000,0.1,100,3,100000000000,TIMELY
2000489012,2,0.2,10000,0.1,100,3,100000000000,TIMELY
2000490356,3,0.3,10000,0.1,100,3,100000000000,TIMELY
2000492960,4,0.4,10000,0.1,100,3,100000000000,TIMELY
2000493044,5,0.5,10000,0.1,100,3,100000000000,TIMELY
2000494388,2,0.2,10000,0.1,100,3,100000000000,TIMELY
2000495724,2,0.2,10000,0.1,100,3,100000000000,TIMELY
2000496068,3,0.3,10000,0.1,100,3,100000000000,TIMELY
2000498672,4,0.4,10000,0.1,100,3,100000000000,TIMELY
2000498756,5,0.5,10000,0.1,100,3,100000000000,TIMELY
2000500100,3,0.3,10000,0.1,100,3,100000000000,TIMELY
2000502704,4,0.4,10000,0.1,100,3,100000000000,TIMELY
2000502788,5,0.5,10000,0.1,100,3,100000000000,TIMELY
2000504124,3,0.3,10000,0.1,100,3,100000000000,TIMELY
2000504460,4,0.4,10000,0.1,100,3,100000000000,TIMELY
2000504796,5,0.5,10000,0.1,100,3,100000000000,TIMELY
2000505140,2,0.2,10000,0.1,100,3,100000000000,TIMELY
2000506484,2,0.2,10000,0.1,100,3,100000000000,TIMELY
2000507828,3,0.3,10000,0.1,100,3,100000000000,TIMELY
2000510432,4,0.4,10000,0.1,100,3,100000000000,TIMELY
2000510516,5,0.5,10000,0.1,100,3,100000000000,TIMELY
2000511860,2,0.2,10000,0.1,100,3,100000000000,TIMELY
2000513196,2,0.2,10000,0.1,100,3,100000000000,TIMELY
2000513540,3,0.3,10000,0.1,100,3,100000000000,TIMELY
2000516144,4,0.4,10000,0.1,100,3,100000000000,TIMELY
2000516228,5,0.5,10000,0.1,100,3,100000000000,TIMELY
2000517572,3,0.3,10000,0.1,100,3,100000000000,TIMELY
2000520176,4,0.4,10000,0.1,100,3,100000000000,TIMELY
2000520260,5,0.5,10000,0.1,100,3,100000000000,TIMELY
2000521596,3,0.3,10000,0.1,100,3,100000000000,TIMELY
2000521932,4,0.4,10000,0.1,100,3,100000000000,TIMELY
2000522268,5,0.5,10000,0.1,100,3,100000000000,TIMELY
2000522612,2,0.2,10000,0.1,100,3,100000000000,TIMELY
2000523956,2,0.2,10000,0.1,100,3,100000000000,TIMELY
2000525300,3,0.3,10000,0.1,100,3,100000000000,TIMELY
2000527904,4,0.4,10000,0.1,100,3,100000000000,TIMELY
2000527988,5,0.5,10000,0.1,100,3,100000000000,TIMELY
2000529332,2,0.2,10000,0.1,100,3,100000000000,TIMELY
2000530668,2,0.2,10000,0.1,100,3,100000000000,TIMELY
2000531012,3,0.3,10000,0.1,100,3,100000000000,TIMELY
2000533616,4,0.4,10000,0.1,100,3,100000000000,TIMELY
2000533700,5,0.5,10000,0.1,100,3,100000000000,TIMELY
2000535044,3,0.3,10000,0.1,100,3,100000000000,TIMELY
2000537648,4,0.4,10000,0.1,100,3,100000000000,TIMELY
2000537732,5,0.5,10000,0.1,100,3,100000000000,TIMELY
2000539068,3,0.3,10000,0.1,100,3,100000000000,TIMELY
2000539404,4,0.4,10000,0.1,100,3,100000000000,TIMELY
2000539740,5,0.5,10000,0.1,100,3,100000000000,TIMELY
2000540084,2,0.2,10000,0.1,100,3,100000000000,TIMELY
2000541428,2,0.2,10000,0.1,100,3,100000000000,TIMELY
2000542772,3,0.3,10000,0.1,100,3,100000000000,TIMELY
2000545376,4,0.4,10000,0.1,100,3,100000000000,TIMELY
2000545460,5,0.5,10000,0.1,100,3,100000000000,TIMELY
2000546804,2,0.2,10000,0.1,100,3,100000000000,TIMELY
2000548140,2,0.2,10000,0.1,100,3,100000000000,TIMELY
2000548484,3,0.3,10000,0.1,100,3,100000000000,TIMELY
2000551088,4,0.4,10000,0.1,100,3,100000000000,TIMELY
2000551172,5,0.5,10000,0.1,100,3,100000000000,TIMELY
2000552516,3,0.3,10000,0.1,100,3,100000000000,TIMELY
2000555120,4,0.4,10000,0.1,100,3,100000000000,TIMELY
2000555204,5,0.5,10000,0.1,100,3,100000000000,TIMELY
2000556540,3,0.3,10000,0.1,100,3,100000000000,TIMELY
2000556876,4,0.4,10000,0.1,100,3,100000000000,TIMELY
2000557212,5,0.5,10000,0.1,100,3,100000000000,TIMELY
2000557556,2,0.2,10000,0.1,100,3,100000000000,TIMELY
2000558900,2,0.2,10000,0.1,100,3,100000000000,TIMELY
2000560244,3,0.3,10000,0.1,100,3,100000000000,TIMELY
2000562848,4,0.4,10000,0.1,100,3,100000000000,TIMELY
2000562932,5,0.5,10000,0.1,100,3,100000000000,TIMELY
2000564276,2,0.2,10000,0.1,100,3,100000000000,TIMELY
2000565612,2,0.2,10000,0.1,100,3,100000000000,TIMELY
2000565956,3,0.3,10000,0.1,100,3,100000000000,TIMELY
2000568560,4,0.4,10000,0.1,100,3,100000000000,TIMELY
2000568644,5,0.5,10000,0.1,100,3,100000000000,TIMELY
2000569988,3,0.3,10000,0.1,100,3,100000000000,TIMELY
2000572592,4,0.4,10000,0.1,100,3,100000000000,TIMELY
2000572676,5,0.5,10000,0.1,100,3,100000000000,TIMELY
2000574012,3,0.3,10000,0.1,100,3,100000000000,TIMELY
2000574348,4,0.4,10000,0.1,100,3,100000000000,TIMELY
2000574684,5,0.5,10000,0.1,100,3,100000000000,TIMELY
2000575028,2,0.2,10000,0.1,100,3,100000000000,TIMELY
2000576372,2,0.2,10000,0.1,100,3,100000000000,TIMELY
2000577716,3,0.3,10000,0.1,100,3,100000000000,TIMELY
2000580320,4,0.4,10000,0.1,100,3,100000000000,TIMELY
2000580404,5,0.5,10000,0.1,100,3,100000000000,TIMELY
2000581748,2,0.2,10000,0.1,100,3,100000000000,TIMELY
2000583084,2,0.2,10000,0.1,100,3,100000000000,TIMELY
2000583428,3,0.3,10000,0.1,100,3,100000000000,TIMELY
2000586032,4,0.4,10000,0.1,100,3,100000000000,TIMELY
2000586116,5,0.5,10000,0.1,100,3,100000000000,TIMELY
2000587460,3,0.3,10000,0.1,100,3,100000000000,TIMELY
2000590064,4,0.4,10000,0.1,100,3,100000000000,TIMELY
2000590148,5,0.5,10000,0.1,100,3,100000000000,TIMELY
2000591484,3,0.3,10000,0.1,100,3,100000000000,TIMELY
2000591820,4,0.4,10000,0.1,100,3,100000000000,TIMELY
2000592156,5,0.5,10000,0.1,100,3,100000000000,TIMELY
2000592500,2,0.2,10000,0.1,100,3,100000000000,TIMELY
2000593844,2,0.2,10000,0.1,100,3,100000000000,TIMELY
2000595188,3,0.3,10000,0.1,100,3,100000000000,TIMELY
2000597792,4,0.4,10000,0.1,100,3,100000000000,TIMELY
2000597876,5,0.5,10000,0.1,100,3,100000000000,TIMELY
2000599220,2,0.2,10000,0.1,100,3,100000000000,TIMELY
2000600556,2,0.2,10000,0.1,100,3,100000000000,TIMELY
2000600900,3,0.3,10000,0.1,100,3,100000000000,TIMELY
2000603504,4,0.4,10000,0.1,100,3,100000000000,TIMELY
2000603588,5,0.5,10000,0.1,100,3,100000000000,TIMELY
2000604932,3,0.3,10000,0.1,100,3,100000000000,TIMELY
2000607536,4,0.4,10000,0.1,100,3,100000000000,TIMELY
2000607620,5,0.5,10000,0.1,100,3,100000000000,TIMELY
2000608956,3,0.3,10000,0.1,100,3,100000000000,TIMELY
2000609292,4,0.4,10000,0.1,100,3,100000000000,TIMELY
2000609628,5,0.5,10000,0.1,100,3,100000000000,TIMELY
2000609972,2,0.2,10000,0.1,100,3,100000000000,TIMELY
2000611316,2,0.2,10000,0.1,100,3,100000000000,TIMELY
2000612660,3,0.3,10000,0.1,100,3,100000000000,TIMELY
2000615264,4,0.4,10000,0.1,100,3,100000000000,TIMELY
2000615348,5,0.5,10000,0.1,100,3,100000000000,TIMELY
2000616692,2,0.2,10000,0.1,100,3,100000000000,TIMELY
2000618028,2,0.2,10000,0.1,100,3,100000000000,TIMELY
2000618372,3,0.3,10000,0.1,100,3,100000000000,TIMELY
2000620976,4,0.4,10000,0.1,100,3,100000000000,TIMELY
2000621060,5,0.5,10000,0.1,100,3,100000000000,TIMELY
2000622404,3,0.3,10000,0.1,100,3,100000000000,TIMELY
2000625008,4,0.4,10000,0.1,100,3,100000000000,TIMELY
2000625092,5,0.5,10000,0.1,100,3,100000000000,TIMELY
2000626428,3,0.3,10000,0.1,100,3,100000000000,TIMELY
2000626764,4,0.4,10000,0.1,100,3,100000000000,TIMELY
2000627100,5,0.5,10000,0.1,100,3,100000000000,TIMELY
2000627444,2,0.2,10000,0.1,100,3,100000000000,TIMELY
2000628788,2,0.2,10000,0.1,100,3,100000000000,TIMELY
2000630132,3,0.3,10000,0.1,100,3,100000000000,TIMELY
2000632736,4,0.4,10000,0.1,100,3,100000000000,TIMELY
2000632820,5,0.5,10000,0.1,100,3,100000000000,TIMELY
2000634164,2,0.2,10000,0.1,100,3,100000000000,TIMELY
2000635500,2,0.2,10000,0.1,100,3,100000000000,TIMELY
2000635844,3,0.3,10000,0.1,100,3,100000000000,TIMELY
2000638448,4,0.4,10000,0.1,100,3,100000000000,TIMELY
2000638532,5,0.5,10000,0.1,100,3,100000000000,TIMELY
2000639876,3,0.3,10000,0.1,100,3,100000000000,TIMELY
2000642480,4,0.4,10000,0.1,100,3,100000000000,TIMELY
2000642564,5,0.5,10000,0.1,100,3,100000000000,TIMELY
2000643900,3,0.3,10000,0.1,100,3,100000000000,TIMELY
2000644236,4,0.4,10000,0.1,100,3,100000000000,TIMELY
2000644572,5,0.5,10000,0.1,100,3,100000000000,TIMELY
2000644916,2,0.2,10000,0.1,100,3,100000000000,TIMELY
2000646260,2,0.2,10000,0.1,100,3,100000000000,TIMELY
2000647604,3,0.3,10000,0.1,100,3,100000000000,TIMELY
2000650208,4,0.4,10000,0.1,100,3,100000000000,TIMELY
2000650292,5,0.5,10000,0.1,100,3,100000000000,TIMELY
2000651636,2,0.2,10000,0.1,100,3,100000000000,TIMELY
2000652972,2,0.2,10000,0.1,100,3,100000000000,TIMELY
2000653316,3,0.3,10000,0.1,100,3,100000000000,TIMELY
2000655920,4,0.4,10000,0.1,100,3,100000000000,TIMELY
2000656004,5,0.5,10000,0.1,100,3,100000000000,TIMELY
2000657348,3,0.3,10000,0.1,100,3,100000000000,TIMELY
2000659952,4,0.4,10000,0.1,100,3,100000000000,TIMELY
2000660036,5,0.5,10000,0.1,100,3,100000000000,TIMELY
2000661372,3,0.3,10000,0.1,100,3,100000000000,TIMELY
2000661708,4,0.4,10000,0.1,100,3,100000000000,TIMELY
2000662044,5,0.5,10000,0.1,100,3,100000000000,TIMELY
2000662388,2,0.2,10000,0.1,100,3,100000000000,TIMELY
2000663732,2,0.2,10000,0.1,100,3,100000000000,TIMELY
2000665076,3,0.3,10000,0.1,100,3,100000000000,TIMELY
2000667680,4,0.4,10000,0.1,100,3,100000000000,TIMELY
2000667764,5,0.5,10000,0.1,100,3,100000000000,TIMELY
2000669108,2,0.2,10000,0.1,100,3,100000000000,TIMELY
2000670444,2,0.2,10000,0.1,100,3,100000000000,TIMELY
2000670788,3,0.3,10000,0.1,100,3,100000000000,TIMELY
2000673392,4,0.4,10000,0.1,100,3,100000000000,TIMELY
2000673476,5,0.5,10000,0.1,100,3,100000000000,TIMELY
2000674820,3,0.3,10000,0.1,100,3,100000000000,TIMELY
2000677424,4,0.4,10000,0.1,100,3,100000000000,TIMELY
2000677508,5,0.5,10000,0.1,100,3,100000000000,TIMELY
2000678844,3,0.3,10000,0.1,100,3,100000000000,TIMELY
2000679180,4,0.4,10000,0.1,100,3,100000000000,TIMELY
2000679516,5,0.5,10000,0.1,100,3,100000000000,TIMELY
2000679860,2,0.2,10000,0.1,100,3,100000000000,TIMELY
2000681204,2,0.2,10000,0.1,100,3,100000000000,TIMELY
2000682548,3,0.3,10000,0.1,100,3,100000000000,TIMELY
2000685152,4,0.4,10000,0.1,100,3,100000000000,TIMELY
2000685236,5,0.5,10000,0.1,100,3,100000000000,TIMELY
2000686580,2,0.2,10000,0.1,100,3,100000000000,TIMELY
2000687916,2,0.2,10000,0.1,100,3,100000000000,TIMELY
2000688260,3,0.3,10000,0.1,100,3,100000000000,TIMELY
2000690864,4,0.4,10000,0.1,100,3,100000000000,TIMELY
2000690948,5,0.5,10000,0.1,100,3,100000000000,TIMELY
2000692292,3,0.3,10000,0.1,100,3,100000000000,TIMELY
2000694896,4,0.4,10000,0.1,100,3,100000000000,TIMELY
2000694980,5,0.5,10000,0.1,100,3,100000000000,TIMELY
2000696316,3,0.3,10000,0.1,100,3,100000000000,TIMELY
2000696652,4,0.4,10000,0.1,100,3,100000000000,TIMELY
2000696988,5,0.5,10000,0.1,100,3,100000000000,TIMELY
2000697332,2,0.2,10000,0.1,100,3,100000000000,TIMELY
2000698676,2,0.2,10000,0.1,100,3,100000000000,TIMELY
2000700020,3,0.3,10000,0.1,100,3,100000000000,TIMELY
2000702624,4,0.4,10000,0.1,100,3,100000000000,TIMELY
2000702708,5,0.5,10000,0.1,100,3,100000000000,TIMELY
2000704052,2,0.2,10000,0.1,100,3,100000000000,TIMELY
2000705388,2,0.2,10000,0.1,100,3,100000000000,TIMELY
2000705732,3,0.3,10000,0.1,100,3,100000000000,TIMELY
2000708336,4,0.4,10000,0.1,100,3,100000000000,TIMELY
2000708420,5,0.5,10000,0.1,100,3,100000000000,TIMELY
2000709764,3,0.3,10000,0.1,100,3,100000000000,TIMELY
2000712368,4,0.4,10000,0.1,100,3,100000000000,TIMELY
2000712452,5,0.5,10000,0.1,100,3,100000000000,TIMELY
2000713788,3,0.3,10000,0.1,100,3,100000000000,TIMELY
2000714124,4,0.4,10000,0.1,100,3,100000000000,TIMELY
2000714460,5,0.5,10000,0.1,100,3,100000000000,TIMELY
2000714804,2,0.2,10000,0.1,100,3,100000000000,TIMELY
2000716148,2,0.2,10000,0.1,100,3,100000000000,TIMELY
2000717492,3,0.3,10000,0.1,100,3,100000000000,TIMELY
2000720096,4,0.4,10000,0.1,100,3,100000000000,TIMELY
2000720180,5,0.5,10000,0.1,100,3,100000000000,TIMELY
2000721524,2,0.2,10000,0.1,100,3,100000000000,TIMELY
2000722860,2,0.2,10000,0.1,100,3,100000000000,TIMELY
2000723204,3,0.3,10000,0.1,100,3,100000000000,TIMELY
2000725808,4,0.4,10000,0.1,100,3,100000000000,TIMELY
2000725892,5,0.5,10000,0.1,100,3,100000000000,TIMELY
2000727236,3,0.3,10000,0.1,100,3,100000000000,TIMELY
2000729840,4,0.4,10000,0.1,100,3,100000000000,TIMELY
2000729924,5,0.5,10000,0.1,100,3,100000000000,TIMELY
2000731260,3,0.3,10000,0.1,100,3,100000000000,TIMELY
2000731596,4,0.4,10000,0.1,100,3,100000000000,TIMELY
2000731932,5,0.5,10000,0.1,100,3,100000000000,TIMELY
2000732276,2,0.2,10000,0.1,100,3,100000000000,TIMELY
2000733620,2,0.2,10000,0.1,100,3,100000000000,TIMELY
2000734964,3,0.3,10000,0.1,100,3,100000000000,TIMELY
2000737568,4,0.4,10000,0.1,100,3,100000000000,TIMELY
2000737652,5,0.5,10000,0.1,100,3,100000000000,TIMELY
2000738996,2,0.2,10000,0.1,100,3,100000000000,TIMELY
2000740332,2,0.2,10000,0.1,100,3,100000000000,TIMELY
2000740676,3,0.3,10000,0.1,100,3,100000000000,TIMELY
2000743280,4,0.4,10000,0.1,100,3,100000000000,TIMELY
2000743364,5,0.5,10000,0.1,100,3,100000000000,TIMELY
2000744708,3,0.3,10000,0.1,100,3,100000000000,TIMELY
2000747312,4,0.4,10000,0.1,100,3,100000000000,TIMELY
2000747396,5,0.5,10000,0.1,100,3,100000000000,TIMELY
2000748732,3,0.3,10000,0.1,100,3,100000000000,TIMELY
2000749068,4,0.4,10000,0.1,100,3,100000000000,TIMELY
2000749404,5,0.5,10000,0.1,100,3,100000000000,TIMELY
2000749748,2,0.2,10000,0.1,100,3,100000000000,TIMELY
2000751092,2,0.2,10000,0.1,100,3,100000000000,TIMELY
2000752436,3,0.3,10000,0.1,100,3,100000000000,TIMELY
2000755040,4,0.4,10000,0.1,100,3,100000000000,TIMELY
2000755124,5,0.5,10000,0.1,100,3,100000000000,TIMELY
2000756468,2,0.2,10000,0.1,100,3,100000000000,TIMELY
2000757804,2,0.2,10000,0.1,100,3,100000000000,TIMELY
2000758148,3,0.3,10000,0.1,100,3,100000000000,TIMELY
2000760752,4,0.4,10000,0.1,100,3,100000000000,TIMELY
2000760836,5,0.5,10000,0.1,100,3,100000000000,TIMELY
2000762180,3,0.3,10000,0.1,100,3,100000000000,TIMELY
2000764784,4,0.4,10000,0.1,100,3,100000000000,TIMELY
2000764868,5,0.5,10000,0.1,100,3,100000000000,TIMELY
2000766204,3,0.3,10000,0.1,100,3,100000000000,TIMELY
2000766540,4,0.4,10000,0.1,100,3,100000000000,TIMELY
2000766876,5,0.5,10000,0.1,100,3,100000000000,TIMELY
2000767220,2,0.2,10000,0.1,100,3,100000000000,TIMELY
2000768564,2,0.2,10000,0.1,100,3,100000000000,TIMELY
2000769908,3,0.3,10000,0.1,100,3,100000000000,TIMELY
2000772512,4,0.4,10000,0.1,100,3,100000000000,TIMELY
2000772596,5,0.5,10000,0.1,100,3,100000000000,TIMELY
2000773940,2,0.2,10000,0.1,100,3,100000000000,TIMELY
2000775276,2,0.2,10000,0.1,100,3,100000000000,TIMELY
2000775620,3,0.3,10000,0.1,100,3,100000000000,TIMELY
2000778224,4,0.4,10000,0.1,100,3,100000000000,TIMELY
2000778308,5,0.5,10000,0.1,100,3,100000000000,TIMELY
2000779652,3,0.3,10000,0.1,100,3,100000000000,TIMELY
2000782256,4,0.4,10000,0.1,100,3,100000000000,TIMELY
2000782340,5,0.5,10000,0.1,100,3,100000000000,TIMELY
2000783676,3,0.3,10000,0.1,100,3,100000000000,TIMELY
2000784012,4,0.4,10000,0.1,100,3,100000000000,TIMELY
2000784348,5,0.5,10000,0.1,100,3,100000000000,TIMELY
2000784692,2,0.2,10000,0.1,100,3,100000000000,TIMELY
2000786036,2,0.2,10000,0.1,100,3,100000000000,TIMELY
2000787380,3,0.3,10000,0.1,100,3,100000000000,TIMELY
2000789984,4,0.4,10000,0.1,100,3,100000000000,TIMELY
2000790068,5,0.5,10000,0.1,100,3,100000000000,TIMELY
2000791412,2,0.2,10000,0.1,100,3,100000000000,TIMELY
2000792748,2,0.2,10000,0.1,100,3,100000000000,TIMELY
2000793092,3,0.3,10000,0.1,100,3,100000000000,TIMELY
2000795696,4,0.4,10000,0.1,100,3,100000000000,TIMELY
2000795780,5,0.5,10000,0.1,100,3,100000000000,TIMELY
2000797124,3,0.3,10000,0.1,100,3,100000000000,TIMELY
2000799728,4,0.4,10000,0.1,100,3,100000000000,TIMELY
2000799812,5,0.5,10000,0.1,100,3,100000000000,TIMELY
2000801148,3,0.3,10000,0.1,100,3,100000000000,TIMELY
2000801484,4,0.4,10000,0.1,100,3,100000000000,TIMELY
2000801820,5,0.5,10000,0.1,100,3,100000000000,TIMELY
2000802164,2,0.2,10000,0.1,100,3,100000000000,TIMELY
2000803508,2,0.2,10000,0.1,100,3,100000000000,TIMELY
2000804852,3,0.3,10000,0.1,100,3,100000000000,TIMELY
2000807456,4,0.4,10000,0.1,100,3,100000000000,TIMELY
2000807540,5,0.5,10000,0.1,100,3,100000000000,TIMELY
2000808884,2,0.2,10000,0.1,100,3,100000000000,TIMELY
2000810220,2,0.2,10000,0.1,100,3,100000000000,TIMELY
2000810564,3,0.3,10000,0.1,100,3,100000000000,TIMELY
2000813168,4,0.4,10000,0.1,100,3,100000000000,TIMELY
2000813252,5,0.5,10000,0.1,100,3,100000000000,TIMELY
2000814596,3,0.3,10000,0.1,100,3,100000000000,TIMELY
2000817200,4,0.4,10000,0.1,100,3,100000000000,TIMELY
2000817284,5,0.5,10000,0.1,100,3,100000000000,TIMELY
2000818620,3,0.3,10000,0.1,100,3,100000000000,TIMELY
2000818956,4,0.4,10000,0.1,100,3,100000000000,TIMELY
2000819292,5,0.5,10000,0.1,100,3,100000000000,TIMELY
2000819636,2,0.2,10000,0.1,100,3,100000000000,TIMELY
2000820980,2,0.2,10000,0.1,100,3,100000000000,TIMELY
2000822324,3,0.3,10000,0.1,100,3,100000000000,TIMELY
2000824928,4,0.4,10000,0.1,100,3,100000000000,TIMELY
2000825012,5,0.5,10000,0.1,100,3,100000000000,TIMELY
2000826356,2,0.2,10000,0.1,100,3,100000000000,TIMELY
2000827692,2,0.2,10000,0.1,100,3,100000000000,TIMELY
2000828036,3,0.3,10000,0.1,100,3,100000000000,TIMELY
2000830640,4,0.4,10000,0.1,100,3,100000000000,TIMELY
2000830724,5,0.5,10000,0.1,100,3,100000000000,TIMELY
2000832068,3,0.3,10000,0.1,100,3,100000000000,TIMELY
2000834672,4,0.4,10000,0.1,100,3,100000000000,TIMELY
2000834756,5,0.5,10000,0.1,100,3,100000000000,TIMELY
2000836092,3,0.3,10000,0.1,100,3,100000000000,TIMELY
2000836428,4,0.4,10000,0.1,100,3,100000000000,TIMELY
2000836764,5,0.5,10000,0.1,100,3,100000000000,TIMELY
2000837108,2,0.2,10000,0.1,100,3,100000000000,TIMELY
2000838452,2,0.2,10000,0.1,100,3,100000000000,TIMELY
2000839796,3,0.3,10000,0.1,100,3,100000000000,TIMELY
2000842400,4,0.4,10000,0.1,100,3,100000000000,TIMELY
2000842484,5,0.5,10000,0.1,100,3,100000000000,TIMELY
2000843828,2,0.2,10000,0.1,100,3,100000000000,TIMELY
2000845164,2,0.2,10000,0.1,100,3,100000000000,TIMELY
2000845508,3,0.3,10000,0.1,100,3,100000000000,TIMELY
2000848112,4,0.4,10000,0.1,100,3,100000000000,TIMELY
2000848196,5,0.5,10000,0.1,100,3,100000000000,TIMELY
2000849540,3,0.3,10000,0.1,100,3,100000000000,TIMELY
2000852144,4,0.4,10000,0.1,100,3,100000000000,TIMELY
2000852228,5,0.5,10000,0.1,100,3,100000000000,TIMELY
2000853564,3,0.3,10000,0.1,100,3,100000000000,TIMELY
2000853900,4,0.4,10000,0.1,100,3,100000000000,TIMELY
2000854236,5,0.5,10000,0.1,100,3,100000000000,TIMELY
2000854580,2,0.2,10000,0.1,100,3,100000000000,TIMELY
2000855924,2,0.2,10000,0.1,100,3,100000000000,TIMELY
2000857268,3,0.3,10000,0.1,100,3,100000000000,TIMELY
2000859872,4,0.4,10000,0.1,100,3,100000000000,TIMELY
2000859956,5,0.5,10000,0.1,100,3,100000000000,TIMELY
2000861300,2,0.2,10000,0.1,100,3,100000000000,TIMELY
2000862636,2,0.2,10000,0.1,100,3,100000000000,TIMELY
2000862980,3,0.3,10000,0.1,100,3,100000000000,TIMELY
2000865584,4,0.4,10000,0.1,100,3,100000000000,TIMELY
2000865668,5,0.5,10000,0.1,100,3,100000000000,TIMELY
2000867012,3,0.3,10000,0.1,100,3,100000000000,TIMELY
2000869616,4,0.4,10000,0.1,100,3,100000000000,TIMELY
2000869700,5,0.5,10000,0.1,100,3,100000000000,TIMELY
2000871036,3,0.3,10000,0.1,100,3,100000000000,TIMELY
2000871372,4,0.4,10000,0.1,100,3,100000000000,TIMELY
2000871708,5,0.5,10000,0.1,100,3,100000000000,TIMELY
2000872052,2,0.2,10000,0.1,100,3,100000000000,TIMELY
2000873396,2,0.2,10000,0.1,100,3,100000000000,TIMELY
2000874740,3,0.3,10000,0.1,100,3,100000000000,TIMELY
2000877344,4,0.4,10000,0.1,100,3,100000000000,TIMELY
2000877428,5,0.5,10000,0.1,100,3,100000000000,TIMELY
2000878772,2,0.2,10000,0.1,100,3,100000000000,TIMELY
2000880108,2,0.2,10000,0.1,100,3,100000000000,TIMELY
2000880452,3,0.3,10000,0.1,100,3,100000000000,TIMELY
2000883056,4,0.4,10000,0.1,100,3,100000000000,TIMELY
2000883140,5,0.5,10000,0.1,100,3,100000000000,TIMELY
2000884484,3,0.3,10000,0.1,100,3,100000000000,TIMELY
2000887088,4,0.4,10000,0.1,100,3,100000000000,TIMELY
2000887172,5,0.5,10000,0.1,100,3,100000000000,TIMELY
2000888508,3,0.3,10000,0.1,100,3,100000000000,TIMELY
2000888844,4,0.4,10000,0.1,100,3,100000000000,TIMELY
2000889180,5,0.5,10000,0.1,100,3,100000000000,TIMELY
2000889524,2,0.2,10000,0.1,100,3,100000000000,TIMELY
2000890868,2,0.2,10000,0.1,100,3,100000000000,TIMELY
2000892212,3,0.3,10000,0.1,100,3,100000000000,TIMELY
2000894816,4,0.4,10000,0.1,100,3,100000000000,TIMELY
2000894900,5,0.5,10000,0.1,100,3,100000000000,TIMELY
2000896244,2,0.2,10000,0.1,100,3,100000000000,TIMELY
2000897580,2,0.2,10000,0.1,100,3,100000000000,TIMELY
2000897924,3,0.3,10000,0.1,100,3,100000000000,TIMELY
2000900528,4,0.4,10000,0.1,100,3,100000000000,TIMELY
2000900612,5,0.5,10000,0.1,100,3,100000000000,TIMELY
2000901956,3,0.3,10000,0.1,100,3,100000000000,TIMELY
2000904560,4,0.4,10000,0.1,100,3,100000000000,TIMELY
2000904644,5,0.5,10000,0.1,100,3,100000000000,TIMELY
2000905980,3,0.3,10000,0.1,100,3,100000000000,TIMELY
2000906316,4,0.4,10000,0.1,100,3,100000000000,TIMELY
2000906652,5,0.5,10000,0.1,100,3,100000000000,TIMELY
2000906996,2,0.2,10000,0.1,100,3,100000000000,TIMELY
2000908340,2,0.2,10000,0.1,100,3,100000000000,TIMELY
2000909684,3,0.3,10000,0.1,100,3,100000000000,TIMELY
2000912288,4,0.4,10000,0.1,100,3,100000000000,TIMELY
2000912372,5,0.5,10000,0.1,100,3,100000000000,TIMELY
2000913716,2,0.2,10000,0.1,100,3,100000000000,TIMELY
2000915052,2,0.2,10000,0.1,100,3,100000000000,TIMELY
2000915396,3,0.3,10000,0.1,100,3,100000000000,TIMELY
2000918000,4,0.4,10000,0.1,100,3,100000000000,TIMELY
2000918084,5,0.5,10000,0.1,100,3,100000000000,TIMELY
2000919428,3,0.3,10000,0.1,100,3,100000000000,TIMELY
2000922032,4,0.4,10000,0.1,100,3,100000000000,TIMELY
2000922116,5,0.5,10000,0.1,100,3,100000000000,TIMELY
2000923452,3,0.3,10000,0.1,100,3,100000000000,TIMELY
2000923788,4,0.4,10000,0.1,100,3,100000000000,TIMELY
2000924124,5,0.5,10000,0.1,100,3,100000000000,TIMELY
2000924468,2,0.2,10000,0.1,100,3,100000000000,TIMELY
2000925812,2,0.2,10000,0.1,100,3,100000000000,TIMELY
2000927156,3,0.3,10000,0.1,100,3,100000000000,TIMELY
2000929760,4,0.4,10000,0.1,100,3,100000000000,TIMELY
2000929844,5,0.5,10000,0.1,100,3,100000000000,TIMELY
2000931188,2,0.2,10000,0.1,100,3,100000000000,TIMELY
2000932524,2,0.2,10000,0.1,100,3,100000000000,TIMELY
2000932868,3,0.3,10000,0.1,100,3,100000000000,TIMELY
2000935472,4,0.4,10000,0.1,100,3,100000000000,TIMELY
2000935556,5,0.5,10000,0.1,100,3,100000000000,TIMELY
2000936900,3,0.3,10000,0.1,100,3,100000000000,TIMELY
2000939504,4,0.4,10000,0.1,100,3,100000000000,TIMELY
2000939588,5,0.5,10000,0.1,100,3,100000000000,TIMELY
2000940924,3,0.3,10000,0.1,100,3,100000000000,TIMELY
2000941260,4,0.4,10000,0.1,100,3,100000000000,TIMELY
2000941596,5,0.5,10000,0.1,100,3,100000000000,TIMELY
2000941940,2,0.2,10000,0.1,100,3,100000000000,TIMELY
2000943284,2,0.2,10000,0.1,100,3,100000000000,TIMELY
2000944628,3,0.3,10000,0.1,100,3,100000000000,TIMELY
2000947232,4,0.4,10000,0.1,100,3,100000000000,TIMELY
2000947316,5,0.5,10000,0.1,100,3,100000000000,TIMELY
2000948660,2,0.2,10000,0.1,100,3,100000000000,TIMELY
2000949996,2,0.2,10000,0.1,100,3,100000000000,TIMELY
2000950340,3,0.3,10000,0.1,100,3,100000000000,TIMELY
2000952944,4,0.4,10000,0.1,100,3,100000000000,TIMELY
2000953028,5,0.5,10000,0.1,100,3,100000000000,TIMELY
2000954372,3,0.3,10000,0.1,100,3,100000000000,TIMELY
2000956976,4,0.4,10000,0.1,100,3,100000000000,TIMELY
2000957060,5,0.5,10000,0.1,100,3,100000000000,TIMELY
2000958396,3,0.3,10000,0.1,100,3,100000000000,TIMELY
2000958732,4,0.4,10000,0.1,100,3,100000000000,TIMELY
2000959068,5,0.5,10000,0.1,100,3,100000000000,TIMELY
2000959412,2,0.2,10000,0.1,100,3,100000000000,TIMELY
2000960756,2,0.2,10000,0.1,100,3,100000000000,TIMELY
2000962100,3,0.3,10000,0.1,100,3,100000000000,TIMELY
2000964704,4,0.4,10000,0.1,100,3,100000000000,TIMELY
2000964788,5,0.5,10000,0.1,100,3,100000000000,TIMELY
2000966132,2,0.2,10000,0.1,100,3,100000000000,TIMELY
2000967468,2,0.2,10000,0.1,100,3,100000000000,TIMELY
2000967812,3,0.3,10000,0.1,100,3,100000000000,TIMELY
2000970416,4,0.4,10000,0.1,100,3,100000000000,TIMELY
2000970500,5,0.5,10000,0.1,100,3,100000000000,TIMELY
2000971844,3,0.3,10000,0.1,100,3,100000000000,TIMELY
2000974448,4,0.4,10000,0.1,100,3,100000000000,TIMELY
2000974532,5,0.5,10000,0.1,100,3,100000000000,TIMELY
2000975868,3,0.3,10000,0.1,100,3,100000000000,TIMELY
2000976204,4,0.4,10000,0.1,100,3,100000000000,TIMELY
2000976540,5,0.5,10000,0.1,100,3,100000000000,TIMELY
2000976884,2,0.2,10000,0.1,100,3,100000000000,TIMELY
2000978228,2,0.2,10000,0.1,100,3,100000000000,TIMELY
2000979572,3,0.3,10000,0.1,100,3,100000000000,TIMELY
2000982176,4,0.4,10000,0.1,100,3,100000000000,TIMELY
2000982260,5,0.5,10000,0.1,100,3,100000000000,TIMELY
2000983604,2,0.2,10000,0.1,100,3,100000000000,TIMELY
2000984940,2,0.2,10000,0.1,100,3,100000000000,TIMELY
2000985284,3,0.3,10000,0.1,100,3,100000000000,TIMELY
2000987888,4,0.4,10000,0.1,100,3,100000000000,TIMELY
2000987972,5,0.5,10000,0.1,100,3,100000000000,TIMELY
2000989316,3,0.3,10000,0.1,100,3,100000000000,TIMELY
2000991920,4,0.4,10000,0.1,100,3,100000000000,TIMELY
2000992004,5,0.5,10000,0.1,100,3,100000000000,TIMELY
2000993340,3,0.3,10000,0.1,100,3,100000000000,TIMELY
2000993676,4,0.4,10000,0.1,100,3,100000000000,TIMELY
2000994012,5,0.5,10000,0.1,100,3,100000000000,TIMELY
2000994356,2,0.2,10000,0.1,100,3,100000000000,TIMELY
2000995700,2,0.2,10000,0.1,100,3,100000000000,TIMELY
2000997044,3,0.3,10000,0.1,100,3,100000000000,TIMELY
2000999648,4,0.4,10000,0.1,100,3,100000000000,TIMELY
2000999732,5,0.5,10000,0.1,100,3,100000000000,TIMELY
2001001076,2,0.2,10000,0.1,100,3,100000000000,TIMELY
2001002412,2,0.2,10000,0.1,100,3,100000000000,TIMELY
2001002756,3,0.3,10000,0.1,100,3,100000000000,TIMELY
2001005360,4,0.4,10000,0.1,100,3,100000000000,TIMELY
2001005444,5,0.5,10000,0.1,100,3,100000000000,TIMELY
2001006788,3,0.3,10000,0.1,100,3,100000000000,TIMELY
2001009392,4,0.4,10000,0.1,100,3,100000000000,TIMELY
2001009476,5,0.5,10000,0.1,100,3,100000000000,TIMELY
2001010812,3,0.3,10000,0.1,100,3,100000000000,TIMELY
2001011148,4,0.4,10000,0.1,100,3,100000000000,TIMELY
2001011484,5,0.5,10000,0.1,100,3,100000000000,TIMELY
2001011828,2,0.2,10000,0.1,100,3,100000000000,TIMELY
2001013172,2,0.2,10000,0.1,100,3,100000000000,TIMELY
2001014516,3,0.3,10000,0.1,100,3,100000000000,TIMELY
2001017120,4,0.4,10000,0.1,100,3,100000000000,TIMELY
2001017204,5,0.5,10000,0.1,100,3,100000000000,TIMELY
2001018548,2,0.2,10000,0.1,100,3,100000000000,TIMELY
2001019884,2,0.2,10000,0.1,100,3,100000000000,TIMELY
2001020228,3,0.3,10000,0.1,100,3,100000000000,TIMELY
2001022832,4,0.4,10000,0.1,100,3,100000000000,TIMELY
2001022916,5,0.5,10000,0.1,100,3,100000000000,TIMELY
2001024260,3,0.3,10000,0.1,100,3,100000000000,TIMELY
2001026864,4,0.4,10000,0.1,100,3,100000000000,TIMELY
2001026948,5,0.5,10000,0.1,100,3,100000000000,TIMELY
2001028284,3,0.3,10000,0.1,100,3,100000000000,TIMELY
2001028620,4,0.4,10000,0.1,100,3,100000000000,TIMELY
2001028956,5,0.5,10000,0.1,100,3,100000000000,TIMELY
2001029300,2,0.2,10000,0.1,100,3,100000000000,TIMELY
2001030644,2,0.2,10000,0.1,100,3,100000000000,TIMELY
2001031988,3,0.3,10000,0.1,100,3,100000000000,TIMELY
2001034592,4,0.4,10000,0.1,100,3,100000000000,TIMELY
2001034676,5,0.5,10000,0.1,100,3,100000000000,TIMELY
2001036020,2,0.2,10000,0.1,100,3,100000000000,TIMELY
2001037356,2,0.2,10000,0.1,100,3,100000000000,TIMELY
2001037700,3,0.3,10000,0.1,100,3,100000000000,TIMELY
2001040304,4,0.4,10000,0.1,100,3,100000000000,TIMELY
2001040388,5,0.5,10000,0.1,100,3,100000000000,TIMELY
2001041732,3,0.3,10000,0.1,100,3,100000000000,TIMELY
2001044336,4,0.4,10000,0.1,100,3,100000000000,TIMELY
2001044420,5,0.5,10000,0.1,100,3,100000000000,TIMELY
2001045756,3,0.3,10000,0.1,100,3,100000000000,TIMELY
2001046092,4,0.4,10000,0.1,100,3,100000000000,TIMELY
2001046428,5,0.5,10000,0.1,100,3,100000000000,TIMELY
2001046772,2,0.2,10000,0.1,100,3,100000000000,TIMELY
2001048116,2,0.2,10000,0.1,100,3,100000000000,TIMELY
2001049460,3,0.3,10000,0.1,100,3,100000000000,TIMELY
2001052064,4,0.4,10000,0.1,100,3,100000000000,TIMELY
2001052148,5,0.5,10000,0.1,100,3,100000000000,TIMELY
2001053492,2,0.2,10000,0.1,100,3,100000000000,TIMELY
2001054828,2,0.2,10000,0.1,100,3,100000000000,TIMELY
2001055172,3,0.3,10000,0.1,100,3,100000000000,TIMELY
2001057776,4,0.4,10000,0.1,100,3,100000000000,TIMELY
2001057860,5,0.5,10000,0.1,100,3,100000000000,TIMELY
2001059204,3,0.3,10000,0.1,100,3,100000000000,TIMELY
2001061808,4,0.4,10000,0.1,100,3,100000000000,TIMELY
2001061892,5,0.5,10000,0.1,100,3,100000000000,TIMELY
2001063228,3,0.3,10000,0.1,100,3,100000000000,TIMELY
2001063564,4,0.4,10000,0.1,100,3,100000000000,TIMELY
2001063900,5,0.5,10000,0.1,100,3,100000000000,TIMELY
2001064244,2,0.2,10000,0.1,100,3,100000000000,TIMELY
2001065588,2,0.2,10000,0.1,100,3,100000000000,TIMELY
2001066932,3,0.3,10000,0.1,100,3,100000000000,TIMELY
2001069536,4,0.4,10000,0.1,100,3,100000000000,TIMELY
2001069620,5,0.5,10000,0.1,100,3,100000000000,TIMELY
2001070964,2,0.2,10000,0.1,100,3,100000000000,TIMELY
2001072300,2,0.2,10000,0.1,100,3,100000000000,TIMELY
2001072644,3,0.3,10000,0.1,100,3,100000000000,TIMELY
2001075248,4,0.4,10000,0.1,100,3,100000000000,TIMELY
2001075332,5,0.5,10000,0.1,100,3,100000000000,TIMELY
2001076676,3,0.3,10000,0.1,100,3,100000000000,TIMELY
2001079280,4,0.4,10000,0.1,100,3,100000000000,TIMELY
2001079364,5,0.5,10000,0.1,100,3,100000000000,TIMELY
2001080700,3,0.3,10000,0.1,100,3,100000000000,TIMELY
2001081036,4,0.4,10000,0.1,100,3,100000000000,TIMELY
2001081372,5,0.5,10000,0.1,100,3,100000000000,TIMELY
2001081716,2,0.2,10000,0.1,100,3,100000000000,TIMELY
2001083060,2,0.2,10000,0.1,100,3,100000000000,TIMELY
2001084404,3,0.3,10000,0.1,100,3,100000000000,TIMELY
2001087008,4,0.4,10000,0.1,100,3,100000000000,TIMELY
2001087092,5,0.5,10000,0.1,100,3,100000000000,TIMELY
2001088436,2,0.2,10000,0.1,100,3,100000000000,TIMELY
2001089772,2,0.2,10000,0.1,100,3,100000000000,TIMELY
2001090116,3,0.3,10000,0.1,100,3,100000000000,TIMELY
2001092720,4,0.4,10000,0.1,100,3,100000000000,TIMELY
2001092804,5,0.5,10000,0.1,100,3,100000000000,TIMELY
2001094148,3,0.3,10000,0.1,100,3,100000000000,TIMELY
2001096752,4,0.4,10000,0.1,100,3,100000000000,TIMELY
2001096836,5,0.5,10000,0.1,100,3,100000000000,TIMELY
2001098172,3,0.3,10000,0.1,100,3,100000000000,TIMELY
2001098508,4,0.4,10000,0.1,100,3,100000000000,TIMELY
2001098844,5,0.5,10000,0.1,100,3,100000000000,TIMELY
2001099188,2,0.2,10000,0.1,100,3,100000000000,TIMELY
2001100532,2,0.2,10000,0.1,100,3,100000000000,TIMELY
2001101876,3,0.3,10000,0.1,100,3,100000000000,TIMELY
2001104480,4,0.4,10000,0.1,100,3,100000000000,TIMELY
2001104564,5,0.5,10000,0.1,100,3,100000000000,TIMELY
2001105908,2,0.2,10000,0.1,100,3,100000000000,TIMELY
2001107244,2,0.2,10000,0.1,100,3,100000000000,TIMELY
2001107588,3,0.3,10000,0.1,100,3,100000000000,TIMELY
2001110192,4,0.4,10000,0.1,100,3,100000000000,TIMELY
2001110276,5,0.5,10000,0.1,100,3,100000000000,TIMELY
2001111620,3,0.3,10000,0.1,100,3,100000000000,TIMELY
2001114224,4,0.4,10000,0.1,100,3,100000000000,TIMELY
2001114308,5,0.5,10000,0.1,100,3,100000000000,TIMELY
2001115644,3,0.3,10000,0.1,100,3,100000000000,TIMELY
2001115980,4,0.4,10000,0.1,100,3,100000000000,TIMELY
2001116316,5,0.5,10000,0.1,100,3,100000000000,TIMELY
2001116660,2,0.2,10000,0.1,100,3,100000000000,TIMELY
2001118004,2,0.2,10000,0.1,100,3,100000000000,TIMELY
2001119348,3,0.3,10000,0.1,100,3,100000000000,TIMELY
2001121952,4,0.4,10000,0.1,100,3,100000000000,TIMELY
2001122036,5,0.5,10000,0.1,100,3,100000000000,TIMELY
2001123380,2,0.2,10000,0.1,100,3,100000000000,TIMELY
2001124716,2,0.2,10000,0.1,100,3,100000000000,TIMELY
2001125060,3,0.3,10000,0.1,100,3,100000000000,TIMELY
2001127664,4,0.4,10000,0.1,100,3,100000000000,TIMELY
2001127748,5,0.5,10000,0.1,100,3,100000000000,TIMELY
2001129092,3,0.3,10000,0.1,100,3,100000000000,TIMELY
2001131696,4,0.4,10000,0.1,100,3,100000000000,TIMELY
2001131780,5,0.5,10000,0.1,100,3,100000000000,TIMELY
2001133116,3,0.3,10000,0.1,100,3,100000000000,TIMELY
2001133452,4,0.4,10000,0.1,100,3,100000000000,TIMELY
2001133788,5,0.5,10000,0.1,100,3,100000000000,TIMELY
2001134132,2,0.2,10000,0.1,100,3,100000000000,TIMELY
2001135476,2,0.2,10000,0.1,100,3,100000000000,TIMELY
2001136820,3,0.3,10000,0.1,100,3,100000000000,TIMELY
2001139424,4,0.4,10000,0.1,100,3,100000000000,TIMELY
2001139508,5,0.5,10000,0.1,100,3,100000000000,TIMELY
2001140852,2,0.2,10000,0.1,100,3,100000000000,TIMELY
2001142188,2,0.2,10000,0.1,100,3,100000000000,TIMELY
2001142532,3,0.3,10000,0.1,100,3,100000000000,TIMELY
2001145136,4,0.4,10000,0.1,100,3,100000000000,TIMELY
2001145220,5,0.5,10000,0.1,100,3,100000000000,TIMELY
2001146564,3,0.3,10000,0.1,100,3,100000000000,TIMELY
2001149168,4,0.4,10000,0.1,100,3,100000000000,TIMELY
2001149252,5,0.5,10000,0.1,100,3,100000000000,TIMELY
2001150588,3,0.3,10000,0.1,100,3,100000000000,TIMELY
2001150924,4,0.4,10000,0.1,100,3,100000000000,TIMELY
2001151260,5,0.5,10000,0.1,100,3,100000000000,TIMELY
2001151604,2,0.2,10000,0.1,100,3,100000000000,TIMELY
2001152948,2,0.2,10000,0.1,100,3,100000000000,TIMELY
2001154292,3,0.3,10000,0.1,100,3,100000000000,TIMELY
2001156896,4,0.4,10000,0.1,100,3,100000000000,TIMELY
2001156980,5,0.5,10000,0.1,100,3,100000000000,TIMELY
2001158324,2,0.2,10000,0.1,100,3,100000000000,TIMELY
2001159660,2,0.2,10000,0.1,100,3,100000000000,TIMELY
2001160004,3,0.3,10000,0.1,100,3,100000000000,TIMELY
2001162608,4,0.4,10000,0.1,100,3,100000000000,TIMELY
2001162692,5,0.5,10000,0.1,100,3,100000000000,TIMELY
2001164036,3,0.3,10000,0.1,100,3,100000000000,TIMELY
2001166640,4,0.4,10000,0.1,100,3,100000000000,TIMELY
2001166724,5,0.5,10000,0.1,100,3,100000000000,TIMELY
2001168060,3,0.3,10000,0.1,100,3,100000000000,TIMELY
2001168396,4,0.4,10000,0.1,100,3,100000000000,TIMELY
2001168732,5,0.5,10000,0.1,100,3,100000000000,TIMELY
2001169076,2,0.2,10000,0.1,100,3,100000000000,TIMELY
2001170420,2,0.2,10000,0.1,100,3,100000000000,TIMELY
2001171764,3,0.3,10000,0.1,100,3,100000000000,TIMELY
2001174368,4,0.4,10000,0.1,100,3,100000000000,TIMELY
2001174452,5,0.5,10000,0.1,100,3,100000000000,TIMELY
2001175796,2,0.2,10000,0.1,100,3,100000000000,TIMELY
2001177132,2,0.2,10000,0.1,100,3,100000000000,TIMELY
2001177476,3,0.3,10000,0.1,100,3,100000000000,TIMELY
2001180080,4,0.4,10000,0.1,100,3,100000000000,TIMELY
2001180164,5,0.5,10000,0.1,100,3,100000000000,TIMELY
2001181508,3,0.3,10000,0.1,100,3,100000000000,TIMELY
2001184112,4,0.4,10000,0.1,100,3,100000000000,TIMELY
2001184196,5,0.5,10000,0.1,100,3,100000000000,TIMELY
2001185532,3,0.3,10000,0.1,100,3,100000000000,TIMELY
2001185868,4,0.4,10000,0.1,100,3,100000000000,TIMELY
2001186204,5,0.5,10000,0.1,100,3,100000000000,TIMELY
2001186548,2,0.2,10000,0.1,100,3,100000000000,TIMELY
2001187892,2,0.2,10000,0.1,100,3,100000000000,TIMELY
2001189236,3,0.3,10000,0.1,100,3,100000000000,TIMELY
2001191840,4,0.4,10000,0.1,100,3,100000000000,TIMELY
2001191924,5,0.5,10000,0.1,100,3,100000000000,TIMELY
2001193268,2,0.2,10000,0.1,100,3,100000000000,TIMELY
2001194604,2,0.2,10000,0.1,100,3,100000000000,TIMELY
2001194948,3,0.3,10000,0.1,100,3,100000000000,TIMELY
2001197552,4,0.4,10000,0.1,100,3,100000000000,TIMELY
2001197636,5,0.5,10000,0.1,100,3,100000000000,TIMELY
2001198980,3,0.3,10000,0.1,100,3,100000000000,TIMELY
2001201584,4,0.4,10000,0.1,100,3,100000000000,TIMELY
2001201668,5,0.5,10000,0.1,100,3,100000000000,TIMELY
2001203004,3,0.3,10000,0.1,100,3,100000000000,TIMELY
2001203340,4,0.4,10000,0.1,100,3,100000000000,TIMELY
2001203676,5,0.5,10000,0.1,100,3,100000000000,TIMELY
2001204020,2,0.2,10000,0.1,100,3,100000000000,TIMELY
2001205364,2,0.2,10000,0.1,100,3,100000000000,TIMELY
2001206708,3,0.3,10000,0.1,100,3,100000000000,TIMELY
2001209312,4,0.4,10000,0.1,100,3,100000000000,TIMELY
2001209396,5,0.5,10000,0.1,100,3,100000000000,TIMELY
2001210740,2,0.2,10000,0.1,100,3,100000000000,TIMELY
2001212076,2,0.2,10000,0.1,100,3,100000000000,TIMELY
2001212420,3,0.3,10000,0.1,100,3,100000000000,TIMELY
2001215024,4,0.4,10000,0.1,100,3,100000000000,TIMELY
2001215108,5,0.5,10000,0.1,100,3,100000000000,TIMELY
2001216452,3,0.3,10000,0.1,100,3,100000000000,TIMELY
2001219056,4,0.4,10000,0.1,100,3,100000000000,TIMELY
2001219140,5,0.5,10000,0.1,100,3,100000000000,TIMELY
2001220476,3,0.3,10000,0.1,100,3,100000000000,TIMELY
2001220812,4,0.4,10000,0.1,100,3,100000000000,TIMELY
2001221148,5,0.5,10000,0.1,100,3,100000000000,TIMELY
2001221492,2,0.2,10000,0.1,100,3,100000000000,TIMELY
2001222836,2,0.2,10000,0.1,100,3,100000000000,TIMELY
2001224180,3,0.3,10000,0.1,100,3,100000000000,TIMELY
2001226784,4,0.4,10000,0.1,100,3,100000000000,TIMELY
2001226868,5,0.5,10000,0.1,100,3,100000000000,TIMELY
2001228212,2,0.2,10000,0.1,100,3,100000000000,TIMELY
2001229548,2,0.2,10000,0.1,100,3,100000000000,TIMELY
2001229892,3,0.3,10000,0.1,100,3,100000000000,TIMELY
2001232496,4,0.4,10000,0.1,100,3,100000000000,TIMELY
2001232580,5,0.5,10000,0.1,100,3,100000000000,TIMELY
2001233924,3,0.3,10000,0.1,100,3,100000000000,TIMELY
2001236528,4,0.4,10000,0.1,100,3,100000000000,TIMELY
2001236612,5,0.5,10000,0.1,100,3,100000000000,TIMELY
2001237948,3,0.3,10000,0.1,100,3,100000000000,TIMELY
2001238284,4,0.4,10000,0.1,100,3,100000000000,TIMELY
2001238620,5,0.5,10000,0.1,100,3,100000000000,TIMELY
2001238964,2,0.2,10000,0.1,100,3,100000000000,TIMELY
2001240308,2,0.2,10000,0.1,100,3,100000000000,TIMELY
2001241652,3,0.3,10000,0.1,100,3,100000000000,TIMELY
2001244256,4,0.4,10000,0.1,100,3,100000000000,TIMELY
2001244340,5,0.5,10000,0.1,100,3,100000000000,TIMELY
2001245684,2,0.2,10000,0.1,100,3,100000000000,TIMELY
2001247020,2,0.2,10000,0.1,100,3,100000000000,TIMELY
2001247364,3,0.3,10000,0.1,100,3,100000000000,TIMELY
2001249968,4,0.4,10000,0.1,100,3,100000000000,TIMELY
2001250052,5,0.5,10000,0.1,100,3,100000000000,TIMELY
2001251396,3,0.3,10000,0.1,100,3,100000000000,TIMELY
2001254000,4,0.4,10000,0.1,100,3,100000000000,TIMELY
2001254084,5,0.5,10000,0.1,100,3,100000000000,TIMELY
2001255420,3,0.3,10000,0.1,100,3,100000000000,TIMELY
2001255756,4,0.4,10000,0.1,100,3,100000000000,TIMELY
2001256092,5,0.5,10000,0.1,100,3,100000000000,TIMELY
2001256436,2,0.2,10000,0.1,100,3,100000000000,TIMELY
2001257780,2,0.2,10000,0.1,100,3,100000000000,TIMELY
2001259124,3,0.3,10000,0.1,100,3,100000000000,TIMELY
2001261728,4,0.4,10000,0.1,100,3,100000000000,TIMELY
2001261812,5,0.5,10000,0.1,100,3,100000000000,TIMELY
2001263156,2,0.2,10000,0.1,100,3,100000000000,TIMELY
2001264492,2,0.2,10000,0.1,100,3,100000000000,TIMELY
2001264836,3,0.3,10000,0.1,100,3,100000000000,TIMELY
2001267440,4,0.4,10000,0.1,100,3,100000000000,TIMELY
2001267524,5,0.5,10000,0.1,100,3,100000000000,TIMELY
2001268868,3,0.3,10000,0.1,100,3,100000000000,TIMELY
2001271472,4,0.4,10000,0.1,100,3,100000000000,TIMELY
2001271556,5,0.5,10000,0.1,100,3,100000000000,TIMELY
2001272892,3,0.3,10000,0.1,100,3,100000000000,TIMELY
2001273228,4,0.4,10000,0.1,100,3,100000000000,TIMELY
2001273564,5,0.5,10000,0.1,100,3,100000000000,TIMELY
2001273908,2,0.2,10000,0.1,100,3,100000000000,TIMELY
2001275252,2,0.2,10000,0.1,100,3,100000000000,TIMELY
2001276596,3,0.3,10000,0.1,100,3,100000000000,TIMELY
2001279200,4,0.4,10000,0.1,100,3,100000000000,TIMELY
2001279284,5,0.5,10000,0.1,100,3,100000000000,TIMELY
2001280628,2,0.2,10000,0.1,100,3,100000000000,TIMELY
2001281964,2,0.2,10000,0.1,100,3,100000000000,TIMELY
2001282308,3,0.3,10000,0.1,100,3,100000000000,TIMELY
2001284912,4,0.4,10000,0.1,100,3,100000000000,TIMELY
2001284996,5,0.5,10000,0.1,100,3,100000000000,TIMELY
2001286340,3,0.3,10000,0.1,100,3,100000000000,TIMELY
2001288944,4,0.4,10000,0.1,100,3,100000000000,TIMELY
2001289028,5,0.5,10000,0.1,100,3,100000000000,TIMELY
2001290364,3,0.3,10000,0.1,100,3,100000000000,TIMELY
2001290700,4,0.4,10000,0.1,100,3,100000000000,TIMELY
2001291036,5,0.5,10000,0.1,100,3,100000000000,TIMELY
2001291380,2,0.2,10000,0.1,100,3,100000000000,TIMELY
2001292724,2,0.2,10000,0.1,100,3,100000000000,TIMELY
2001294068,3,0.3,10000,0.1,100,3,100000000000,TIMELY
2001296672,4,0.4,10000,0.1,100,3,100000000000,TIMELY
2001296756,5,0.5,10000,0.1,100,3,100000000000,TIMELY
2001298100,2,0.2,10000,0.1,100,3,100000000000,TIMELY
2001299436,2,0.2,10000,0.1,100,3,100000000000,TIMELY
2001299780,3,0.3,10000,0.1,100,3,100000000000,TIMELY
2001302384,4,0.4,10000,0.1,100,3,100000000000,TIMELY
2001302468,5,0.5,10000,0.1,100,3,100000000000,TIMELY
2001303812,3,0.3,10000,0.1,100,3,100000000000,TIMELY
2001306416,4,0.4,10000,0.1,100,3,100000000000,TIMELY
2001306500,5,0.5,10000,0.1,100,3,100000000000,TIMELY
2001307836,3,0.3,10000,0.1,100,3,100000000000,TIMELY
2001308172,4,0.4,10000,0.1,100,3,100000000000,TIMELY
2001308508,5,0.5,10000,0.1,100,3,100000000000,TIMELY
2001308852,2,0.2,10000,0.1,100,3,100000000000,TIMELY
2001310196,2,0.2,10000,0.1,100,3,100000000000,TIMELY
2001311540,3,0.3,10000,0.1,100,3,100000000000,TIMELY
2001314144,4,0.4,10000,0.1,100,3,100000000000,TIMELY
2001314228,5,0.5,10000,0.1,100,3,100000000000,TIMELY
2001315572,2,0.2,10000,0.1,100,3,100000000000,TIMELY
2001316908,2,0.2,10000,0.1,100,3,100000000000,TIMELY
2001317252,3,0.3,10000,0.1,100,3,100000000000,TIMELY
2001319856,4,0.4,10000,0.1,100,3,100000000000,TIMELY
2001319940,5,0.5,10000,0.1,100,3,100000000000,TIMELY
2001321284,3,0.3,10000,0.1,100,3,100000000000,TIMELY
2001323888,4,0.4,10000,0.1,100,3,100000000000,TIMELY
2001323972,5,0.5,10000,0.1,100,3,100000000000,TIMELY
2001325308,3,0.3,10000,0.1,100,3,100000000000,TIMELY
2001325644,4,0.4,10000,0.1,100,3,100000000000,TIMELY
2001325980,5,0.5,10000,0.1,100,3,100000000000,TIMELY
2001326324,2,0.2,10000,0.1,100,3,100000000000,TIMELY
2001327668,2,0.2,10000,0.1,100,3,100000000000,TIMELY
2001329012,3,0.3,10000,0.1,100,3,100000000000,TIMELY
2001331616,4,0.4,10000,0.1,100,3,100000000000,TIMELY
2001331700,5,0.5,10000,0.1,100,3,100000000000,TIMELY
2001333044,2,0.2,10000,0.1,100,3,100000000000,TIMELY
2001334380,2,0.2,10000,0.1,100,3,100000000000,TIMELY
2001334724,3,0.3,10000,0.1,100,3,100000000000,TIMELY
2001337328,4,0.4,10000,0.1,100,3,100000000000,TIMELY
2001337412,5,0.5,10000,0.1,100,3,100000000000,TIMELY
2001338756,3,0.3,10000,0.1,100,3,100000000000,TIMELY
2001341360,4,0.4,10000,0.1,100,3,100000000000,TIMELY
2001341444,5,0.5,10000,0.1,100,3,100000000000,TIMELY
2001342780,3,0.3,10000,0.1,100,3,100000000000,TIMELY
2001343116,4,0.4,10000,0.1,100,3,100000000000,TIMELY
2001343452,5,0.5,10000,0.1,100,3,100000000000,TIMELY
2001343796,2,0.2,10000,0.1,100,3,100000000000,TIMELY
2001345140,2,0.2,10000,0.1,100,3,100000000000,TIMELY
2001346484,3,0.3,10000,0.1,100,3,100000000000,TIMELY
2001349088,4,0.4,10000,0.1,100,3,100000000000,TIMELY
2001349172,5,0.5,10000,0.1,100,3,100000000000,TIMELY
2001350516,2,0.2,10000,0.1,100,3,100000000000,TIMELY
2001351852,2,0.2,10000,0.1,100,3,100000000000,TIMELY
2001352196,3,0.3,10000,0.1,100,3,100000000000,TIMELY
2001354800,4,0.4,10000,0.1,100,3,100000000000,TIMELY
2001354884,5,0.5,10000,0.1,100,3,100000000000,TIMELY
2001356228,3,0.3,10000,0.1,100,3,100000000000,TIMELY
2001358832,4,0.4,10000,0.1,100,3,100000000000,TIMELY
2001358916,5,0.5,10000,0.1,100,3,100000000000,TIMELY
2001360252,3,0.3,10000,0.1,100,3,100000000000,TIMELY
2001360588,4,0.4,10000,0.1,100,3,100000000000,TIMELY
2001360924,5,0.5,10000,0.1,100,3,100000000000,TIMELY
2001361268,2,0.2,10000,0.1,100,3,100000000000,TIMELY
2001362612,2,0.2,10000,0.1,100,3,100000000000,TIMELY
2001363956,3,0.3,10000,0.1,100,3,100000000000,TIMELY
2001366560,4,0.4,10000,0.1,100,3,100000000000,TIMELY
2001366644,5,0.5,10000,0.1,100,3,100000000000,TIMELY
2001367988,2,0.2,10000,0.1,100,3,100000000000,TIMELY
2001369324,2,0.2,10000,0.1,100,3,100000000000,TIMELY
2001369668,3,0.3,10000,0.1,100,3,100000000000,TIMELY
2001372272,4,0.4,10000,0.1,100,3,100000000000,TIMELY
2001372356,5,0.5,10000,0.1,100,3,100000000000,TIMELY
2001373700,3,0.3,10000,0.1,100,3,100000000000,TIMELY
2001376304,4,0.4,10000,0.1,100,3,100000000000,TIMELY
2001376388,5,0.5,10000,0.1,100,3,100000000000,TIMELY
2001377724,3,0.3,10000,0.1,100,3,100000000000,TIMELY
2001378060,4,0.4,10000,0.1,100,3,100000000000,TIMELY
2001378396,5,0.5,10000,0.1,100,3,100000000000,TIMELY
2001378740,2,0.2,10000,0.1,100,3,100000000000,TIMELY
2001380084,2,0.2,10000,0.1,100,3,100000000000,TIMELY
2001381428,3,0.3,10000,0.1,100,3,100000000000,TIMELY
2001384032,4,0.4,10000,0.1,100,3,100000000000,TIMELY
2001384116,5,0.5,10000,0.1,100,3,100000000000,TIMELY
2001385460,2,0.2,10000,0.1,100,3,100000000000,TIMELY
2001386796,2,0.2,10000,0.1,100,3,100000000000,TIMELY
2001387140,3,0.3,10000,0.1,100,3,100000000000,TIMELY
2001389744,4,0.4,10000,0.1,100,3,100000000000,TIMELY
2001389828,5,0.5,10000,0.1,100,3,100000000000,TIMELY
2001391172,3,0.3,10000,0.1,100,3,100000000000,TIMELY
2001393776,4,0.4,10000,0.1,100,3,100000000000,TIMELY
2001393860,5,0.5,10000,0.1,100,3,100000000000,TIMELY
2001395196,3,0.3,10000,0.1,100,3,100000000000,TIMELY
2001395532,4,0.4,10000,0.1,100,3,100000000000,TIMELY
2001395868,5,0.5,10000,0.1,100,3,100000000000,TIMELY
2001396212,2,0.2,10000,0.1,100,3,100000000000,TIMELY
2001397556,2,0.2,10000,0.1,100,3,100000000000,TIMELY
2001398900,3,0.3,10000,0.1,100,3,100000000000,TIMELY
2001401504,4,0.4,10000,0.1,100,3,100000000000,TIMELY
2001401588,5,0.5,10000,0.1,100,3,100000000000,TIMELY
2001402932,2,0.2,10000,0.1,100,3,100000000000,TIMELY
2001404268,2,0.2,10000,0.1,100,3,100000000000,TIMELY
2001404612,3,0.3,10000,0.1,100,3,100000000000,TIMELY
2001407216,4,0.4,10000,0.1,100,3,100000000000,TIMELY
2001407300,5,0.5,10000,0.1,100,3,100000000000,TIMELY
2001408644,3,0.3,10000,0.1,100,3,100000000000,TIMELY
2001411248,4,0.4,10000,0.1,100,3,100000000000,TIMELY
2001411332,5,0.5,10000,0.1,100,3,100000000000,TIMELY
2001412668,3,0.3,10000,0.1,100,3,100000000000,TIMELY
2001413004,4,0.4,10000,0.1,100,3,100000000000,TIMELY
2001413340,5,0.5,10000,0.1,100,3,100000000000,TIMELY
2001413684,2,0.2,10000,0.1,100,3,100000000000,TIMELY
2001415028,2,0.2,10000,0.1,100,3,100000000000,TIMELY
2001416372,3,0.3,10000,0.1,100,3,100000000000,TIMELY
2001418976,4,0.4,10000,0.1,100,3,100000000000,TIMELY
2001419060,5,0.5,10000,0.1,100,3,100000000000,TIMELY
2001420404,2,0.2,10000,0.1,100,3,100000000000,TIMELY
2001421740,2,0.2,10000,0.1,100,3,100000000000,TIMELY
2001422084,3,0.3,10000,0.1,100,3,100000000000,TIMELY
2001424688,4,0.4,10000,0.1,100,3,100000000000,TIMELY
2001424772,5,0.5,10000,0.1,100,3,100000000000,TIMELY
2001426116,3,0.3,10000,0.1,100,3,100000000000,TIMELY
2001428720,4,0.4,10000,0.1,100,3,100000000000,TIMELY
2001428804,5,0.5,10000,0.1,100,3,100000000000,TIMELY
2001430140,3,0.3,10000,0.1,100,3,100000000000,TIMELY
2001430476,4,0.4,10000,0.1,100,3,100000000000,TIMELY
2001430812,5,0.5,10000,0.1,100,3,100000000000,TIMELY
2001431156,2,0.2,10000,0.1,100,3,100000000000,TIMELY
2001432500,2,0.2,10000,0.1,100,3,100000000000,TIMELY
2001433844,3,0.3,10000,0.1,100,3,100000000000,TIMELY
2001436448,4,0.4,10000,0.1,100,3,100000000000,TIMELY
2001436532,5,0.5,10000,0.1,100,3,100000000000,TIMELY
2001437876,2,0.2,10000,0.1,100,3,100000000000,TIMELY
2001439212,2,0.2,10000,0.1,100,3,100000000000,TIMELY
2001439556,3,0.3,10000,0.1,100,3,100000000000,TIMELY
2001442160,4,0.4,10000,0.1,100,3,100000000000,TIMELY
2001442244,5,0.5,10000,0.1,100,3,100000000000,TIMELY
2001443588,3,0.3,10000,0.1,100,3,100000000000,TIMELY
2001446192,4,0.4,10000,0.1,100,3,100000000000,TIMELY
2001446276,5,0.5,10000,0.1,100,3,100000000000,TIMELY
2001447612,3,0.3,10000,0.1,100,3,100000000000,TIMELY
2001447948,4,0.4,10000,0.1,100,3,100000000000,TIMELY
2001448284,5,0.5,10000,0.1,100,3,100000000000,TIMELY
2001448628,2,0.2,10000,0.1,100,3,100000000000,TIMELY
2001449972,2,0.2,10000,0.1,100,3,100000000000,TIMELY
2001451316,3,0.3,10000,0.1,100,3,100000000000,TIMELY
2001453920,4,0.4,10000,0.1,100,3,100000000000,TIMELY
2001454004,5,0.5,10000,0.1,100,3,100000000000,TIMELY
2001455348,2,0.2,10000,0.1,100,3,100000000000,TIMELY
2001456684,2,0.2,10000,0.1,100,3,100000000000,TIMELY
2001457028,3,0.3,10000,0.1,100,3,100000000000,TIMELY
2001459632,4,0.4,10000,0.1,100,3,100000000000,TIMELY
2001459716,5,0.5,10000,0.1,100,3,100000000000,TIMELY
2001461060,3,0.3,10000,0.1,100,3,100000000000,TIMELY
2001463664,4,0.4,10000,0.1,100,3,100000000000,TIMELY
2001463748,5,0.5,10000,0.1,100,3,100000000000,TIMELY
2001465084,3,0.3,10000,0.1,100,3,100000000000,TIMELY
2001465420,4,0.4,10000,0.1,100,3,100000000000,TIMELY
2001465756,5,0.5,10000,0.1,100,3,100000000000,TIMELY
2001466428,2,0.2,10000,0.1,100,3,100000000000,TIMELY
2001466772,3,0.3,10000,0.1,100,3,100000000000,TIMELY
2001469376,4,0.4,10000,0.1,100,3,100000000000,TIMELY
2001469460,5,0.5,10000,0.1,100,3,100000000000,TIMELY
2001470804,3,0.3,10000,0.1,100,3,100000000000,TIMELY
2001473408,4,0.4,10000,0.1,100,3,100000000000,TIMELY
2001473492,5,0.5,10000,0.1,100,3,100000000000,TIMELY
2001474836,3,0.3,10000,0.1,100,3,100000000000,TIMELY
2001477440,4,0.4,10000,0.1,100,3,100000000000,TIMELY
2001477524,5,0.5,10000,0.1,100,3,100000000000,TIMELY
2001479196,4,0.4,10000,0.1,100,3,100000000000,TIMELY
2001479532,5,0.5,10000,0.1,100,3,100000000000,TIMELY
2001479540,3,0.3,10000,0.1,100,3,100000000000,TIMELY
2001480876,3,0.3,10000,0.1,100,3,100000000000,TIMELY
2001482480,4,0.4,10000,0.1,100,3,100000000000,TIMELY
2001482564,5,0.5,10000,0.1,100,3,100000000000,TIMELY
2001483908,3,0.3,10000,0.1,100,3,100000000000,TIMELY
2001486512,4,0.4,10000,0.1,100,3,100000000000,TIMELY
2001486596,5,0.5,10000,0.1,100,3,100000000000,TIMELY
2001487940,3,0.3,10000,0.1,100,3,100000000000,TIMELY
2001490544,4,0.4,10000,0.1,100,3,100000000000,TIMELY
2001490628,5,0.5,10000,0.1,100,3,100000000000,TIMELY
2001491964,4,0.4,10000,0.1,100,3,100000000000,TIMELY
2001492552,5,0.5,10000,0.1,100,3,100000000000,TIMELY
2001492644,3,0.3,10000,0.1,100,3,100000000000,TIMELY
2001493980,3,0.3,10000,0.1,100,3,100000000000,TIMELY
2001495584,4,0.4,10000,0.1,100,3,100000000000,TIMELY
2001495668,5,0.5,10000,0.1,100,3,100000000000,TIMELY
2001497012,3,0.3,10000,0.1,100,3,100000000000,TIMELY
2001499616,4,0.4,10000,0.1,100,3,100000000000,TIMELY
2001499700,5,0.5,10000,0.1,100,3,100000000000,TIMELY
2001501044,3,0.3,10000,0.1,100,3,100000000000,TIMELY
2001503648,4,0.4,10000,0.1,100,3,100000000000,TIMELY
2001503732,5,0.5,10000,0.1,100,3,100000000000,TIMELY
2001505068,4,0.4,10000,0.1,100,3,100000000000,TIMELY
2001505572,5,0.5,10000,0.1,100,3,100000000000,TIMELY
2001505748,3,0.3,10000,0.1,100,3,100000000000,TIMELY
2001507084,3,0.3,10000,0.1,100,3,100000000000,TIMELY
2001508688,4,0.4,10000,0.1,100,3,100000000000,TIMELY
2001508772,5,0.5,10000,0.1,100,3,100000000000,TIMELY
2001510116,3,0.3,10000,0.1,100,3,100000000000,TIMELY
2001512720,4,0.4,10000,0.1,100,3,100000000000,TIMELY
2001512804,5,0.5,10000,0.1,100,3,100000000000,TIMELY
2001514148,3,0.3,10000,0.1,100,3,100000000000,TIMELY
2001516752,4,0.4,10000,0.1,100,3,100000000000,TIMELY
2001516836,5,0.5,10000,0.1,100,3,100000000000,TIMELY
2001518172,4,0.4,10000,0.1,100,3,100000000000,TIMELY
2001518592,5,0.5,10000,0.1,100,3,100000000000,TIMELY
2001518852,3,0.3,10000,0.1,100,3,100000000000,TIMELY
2001520188,3,0.3,10000,0.1,100,3,100000000000,TIMELY
2001521792,4,0.4,10000,0.1,100,3,100000000000,TIMELY
2001521876,5,0.5,10000,0.1,100,3,100000000000,TIMELY
2001523220,3,0.3,10000,0.1,100,3,100000000000,TIMELY
2001525824,4,0.4,10000,0.1,100,3,100000000000,TIMELY
2001525908,5,0.5,10000,0.1,100,3,100000000000,TIMELY
2001527252,3,0.3,10000,0.1,100,3,100000000000,TIMELY
2001529856,4,0.4,10000,0.1,100,3,100000000000,TIMELY
2001529940,5,0.5,10000,0.1,100,3,100000000000,TIMELY
2001531276,4,0.4,10000,0.1,100,3,100000000000,TIMELY
2001531612,5,0.5,10000,0.1,100,3,100000000000,TIMELY
2001531956,3,0.3,10000,0.1,100,3,100000000000,TIMELY
2001533292,3,0.3,10000,0.1,100,3,100000000000,TIMELY
2001534896,4,0.4,10000,0.1,100,3,100000000000,TIMELY
2001534980,5,0.5,10000,0.1,100,3,100000000000,TIMELY
2001536324,3,0.3,10000,0.1,100,3,100000000000,TIMELY
2001538928,4,0.4,10000,0.1,100,3,100000000000,TIMELY
2001539012,5,0.5,10000,0.1,100,3,100000000000,TIMELY
2001540356,3,0.3,10000,0.1,100,3,100000000000,TIMELY
2001542960,4,0.4,10000,0.1,100,3,100000000000,TIMELY
2001543044,5,0.5,10000,0.1,100,3,100000000000,TIMELY
2001544380,4,0.4,10000,0.1,100,3,100000000000,TIMELY
2001544716,5,0.5,10000,0.1,100,3,100000000000,TIMELY
2001545060,3,0.3,10000,0.1,100,3,100000000000,TIMELY
2001546396,3,0.3,10000,0.1,100,3,100000000000,TIMELY
2001548000,4,0.4,10000,0.1,100,3,100000000000,TIMELY
2001548084,5,0.5,10000,0.1,100,3,100000000000,TIMELY
2001549428,3,0.3,10000,0.1,100,3,100000000000,TIMELY
2001552032,4,0.4,10000,0.1,100,3,100000000000,TIMELY
2001552116,5,0.5,10000,0.1,100,3,100000000000,TIMELY
2001553460,3,0.3,10000,0.1,100,3,100000000000,TIMELY
2001556064,4,0.4,10000,0.1,100,3,100000000000,TIMELY
2001556148,5,0.5,10000,0.1,100,3,100000000000,TIMELY
2001557484,4,0.4,10000,0.1,100,3,100000000000,TIMELY
2001557820,5,0.5,10000,0.1,100,3,100000000000,TIMELY
2001558164,3,0.3,10000,0.1,100,3,100000000000,TIMELY
2001559500,3,0.3,10000,0.1,100,3,100000000000,TIMELY
2001561104,4,0.4,10000,0.1,100,3,100000000000,TIMELY
2001561188,5,0.5,10000,0.1,100,3,100000000000,TIMELY
2001562532,3,0.3,10000,0.1,100,3,100000000000,TIMELY
2001565136,4,0.4,10000,0.1,100,3,100000000000,TIMELY
2001565220,5,0.5,10000,0.1,100,3,100000000000,TIMELY
2001566564,3,0.3,10000,0.1,100,3,100000000000,TIMELY
2001569168,4,0.4,10000,0.1,100,3,100000000000,TIMELY
2001569252,5,0.5,10000,0.1,100,3,100000000000,TIMELY
2001570588,4,0.4,10000,0.1,100,3,100000000000,TIMELY
2001570924,5,0.5,10000,0.1,100,3,100000000000,TIMELY
2001571268,3,0.3,10000,0.1,100,3,100000000000,TIMELY
2001572604,3,0.3,10000,0.1,100,3,100000000000,TIMELY
2001574208,4,0.4,10000,0.1,100,3,100000000000,TIMELY
2001574292,5,0.5,10000,0.1,100,3,100000000000,TIMELY
2001575636,3,0.3,10000,0.1,100,3,100000000000,TIMELY
2001578240,4,0.4,10000,0.1,100,3,100000000000,TIMELY
2001578324,5,0.5,10000,0.1,100,3,100000000000,TIMELY
2001579668,3,0.3,10000,0.1,100,3,100000000000,TIMELY
2001582272,4,0.4,10000,0.1,100,3,100000000000,TIMELY
2001582356,5,0.5,10000,0.1,100,3,100000000000,TIMELY
2001583692,4,0.4,10000,0.1,100,3,100000000000,TIMELY
2001584028,5,0.5,10000,0.1,100,3,100000000000,TIMELY
2001584372,3,0.3,10000,0.1,100,3,100000000000,TIMELY
2001585708,3,0.3,10000,0.1,100,3,100000000000,TIMELY
2001587312,4,0.4,10000,0.1,100,3,100000000000,TIMELY
2001587396,5,0.5,10000,0.1,100,3,100000000000,TIMELY
2001588740,3,0.3,10000,0.1,100,3,100000000000,TIMELY
2001591344,4,0.4,10000,0.1,100,3,100000000000,TIMELY
2001591428,5,0.5,10000,0.1,100,3,100000000000,TIMELY
2001592772,3,0.3,10000,0.1,100,3,100000000000,TIMELY
2001595376,4,0.4,10000,0.1,100,3,100000000000,TIMELY
2001595460,5,0.5,10000,0.1,100,3,100000000000,TIMELY
2001596796,4,0.4,10000,0.1,100,3,100000000000,TIMELY
2001597132,5,0.5,10000,0.1,100,3,100000000000,TIMELY
2001597476,3,0.3,10000,0.1,100,3,100000000000,TIMELY
2001598812,3,0.3,10000,0.1,100,3,100000000000,TIMELY
2001600416,4,0.4,10000,0.1,100,3,100000000000,TIMELY
2001600500,5,0.5,10000,0.1,100,3,100000000000,TIMELY
2001601844,3,0.3,10000,0.1,100,3,100000000000,TIMELY
2001604448,4,0.4,10000,0.1,100,3,100000000000,TIMELY
2001604532,5,0.5,10000,0.1,100,3,100000000000,TIMELY
2001605876,3,0.3,10000,0.1,100,3,100000000000,TIMELY
2001608480,4,0.4,10000,0.1,100,3,100000000000,TIMELY
2001608564,5,0.5,10000,0.1,100,3,100000000000,TIMELY
2001609900,4,0.4,10000,0.1,100,3,100000000000,TIMELY
2001610236,5,0.5,10000,0.1,100,3,100000000000,TIMELY
2001610580,3,0.3,10000,0.1,100,3,100000000000,TIMELY
2001611916,3,0.3,10000,0.1,100,3,100000000000,TIMELY
2001613520,4,0.4,10000,0.1,100,3,100000000000,TIMELY
2001613604,5,0.5,10000,0.1,100,3,100000000000,TIMELY
2001614948,3,0.3,10000,0.1,100,3,100000000000,TIMELY
2001617552,4,0.4,10000,0.1,100,3,100000000000,TIMELY
2001617636,5,0.5,10000,0.1,100,3,100000000000,TIMELY
2001618980,3,0.3,10000,0.1,100,3,100000000000,TIMELY
2001621584,4,0.4,10000,0.1,100,3,100000000000,TIMELY
2001621668,5,0.5,10000,0.1,100,3,100000000000,TIMELY
2001623004,4,0.4,10000,0.1,100,3,100000000000,TIMELY
2001623340,5,0.5,10000,0.1,100,3,100000000000,TIMELY
2001623684,3,0.3,10000,0.1,100,3,100000000000,TIMELY
2001625020,3,0.3,10000,0.1,100,3,100000000000,TIMELY
2001626624,4,0.4,10000,0.1,100,3,100000000000,TIMELY
2001626708,5,0.5,10000,0.1,100,3,100000000000,TIMELY
2001628052,3,0.3,10000,0.1,100,3,100000000000,TIMELY
2001630656,4,0.4,10000,0.1,100,3,100000000000,TIMELY
2001630740,5,0.5,10000,0.1,100,3,100000000000,TIMELY
2001632084,3,0.3,10000,0.1,100,3,100000000000,TIMELY
2001634688,4,0.4,10000,0.1,100,3,100000000000,TIMELY
2001634772,5,0.5,10000,0.1,100,3,100000000000,TIMELY
2001636108,4,0.4,10000,0.1,100,3,100000000000,TIMELY
2001636444,5,0.5,10000,0.1,100,3,100000000000,TIMELY
2001636788,3,0.3,10000,0.1,100,3,100000000000,TIMELY
2001638124,3,0.3,10000,0.1,100,3,100000000000,TIMELY
2001639728,4,0.4,10000,0.1,100,3,100000000000,TIMELY
2001639812,5,0.5,10000,0.1,100,3,100000000000,TIMELY
2001641156,3,0.3,10000,0.1,100,3,100000000000,TIMELY
2001643760,4,0.4,10000,0.1,100,3,100000000000,TIMELY
2001643844,5,0.5,10000,0.1,100,3,100000000000,TIMELY
2001645188,3,0.3,10000,0.1,100,3,100000000000,TIMELY
2001647792,4,0.4,10000,0.1,100,3,100000000000,TIMELY
2001647876,5,0.5,10000,0.1,100,3,100000000000,TIMELY
2001649212,4,0.4,10000,0.1,100,3,100000000000,TIMELY
2001649548,5,0.5,10000,0.1,100,3,100000000000,TIMELY
2001649892,3,0.3,10000,0.1,100,3,100000000000,TIMELY
2001651228,3,0.3,10000,0.1,100,3,100000000000,TIMELY
2001652832,4,0.4,10000,0.1,100,3,100000000000,TIMELY
2001652916,5,0.5,10000,0.1,100,3,100000000000,TIMELY
2001654260,3,0.3,10000,0.1,100,3,100000000000,TIMELY
2001656864,4,0.4,10000,0.1,100,3,100000000000,TIMELY
2001656948,5,0.5,10000,0.1,100,3,100000000000,TIMELY
2001658292,3,0.3,10000,0.1,100,3,100000000000,TIMELY
2001660896,4,0.4,10000,0.1,100,3,100000000000,TIMELY
2001660980,5,0.5,10000,0.1,100,3,100000000000,TIMELY
2001662316,4,0.4,10000,0.1,100,3,100000000000,TIMELY
2001662652,5,0.5,10000,0.1,100,3,100000000000,TIMELY
2001662996,3,0.3,10000,0.1,100,3,100000000000,TIMELY
2001664332,3,0.3,10000,0.1,100,3,100000000000,TIMELY
2001665936,4,0.4,10000,0.1,100,3,100000000000,TIMELY
2001666020,5,0.5,10000,0.1,100,3,100000000000,TIMELY
2001667364,3,0.3,10000,0.1,100,3,100000000000,TIMELY
2001669968,4,0.4,10000,0.1,100,3,100000000000,TIMELY
2001670052,5,0.5,10000,0.1,100,3,100000000000,TIMELY
2001671396,3,0.3,10000,0.1,100,3,100000000000,TIMELY
2001674000,4,0.4,10000,0.1,100,3,100000000000,TIMELY
2001674084,5,0.5,10000,0.1,100,3,100000000000,TIMELY
2001675420,4,0.4,10000,0.1,100,3,100000000000,TIMELY
2001675756,5,0.5,10000,0.1,100,3,100000000000,TIMELY
2001676100,3,0.3,10000,0.1,100,3,100000000000,TIMELY
2001677436,3,0.3,10000,0.1,100,3,100000000000,TIMELY
2001679040,4,0.4,10000,0.1,100,3,100000000000,TIMELY
2001679124,5,0.5,10000,0.1,100,3,100000000000,TIMELY
2001680468,3,0.3,10000,0.1,100,3,100000000000,TIMELY
2001683072,4,0.4,10000,0.1,100,3,100000000000,TIMELY
2001683156,5,0.5,10000,0.1,100,3,100000000000,TIMELY
2001684500,3,0.3,10000,0.1,100,3,100000000000,TIMELY
2001687104,4,0.4,10000,0.1,100,3,100000000000,TIMELY
2001687188,5,0.5,10000,0.1,100,3,100000000000,TIMELY
2001688524,4,0.4,10000,0.1,100,3,100000000000,TIMELY
2001688860,5,0.5,10000,0.1,100,3,100000000000,TIMELY
2001689204,3,0.3,10000,0.1,100,3,100000000000,TIMELY
2001690540,3,0.3,10000,0.1,100,3,100000000000,TIMELY
2001692144,4,0.4,10000,0.1,100,3,100000000000,TIMELY
2001692228,5,0.5,10000,0.1,100,3,100000000000,TIMELY
2001693572,3,0.3,10000,0.1,100,3,100000000000,TIMELY
2001696176,4,0.4,10000,0.1,100,3,100000000000,TIMELY
2001696260,5,0.5,10000,0.1,100,3,100000000000,TIMELY
2001697604,3,0.3,10000,0.1,100,3,100000000000,TIMELY
2001700208,4,0.4,10000,0.1,100,3,100000000000,TIMELY
2001700292,5,0.5,10000,0.1,100,3,100000000000,TIMELY
2001701628,4,0.4,10000,0.1,100,3,100000000000,TIMELY
2001701964,5,0.5,10000,0.1,100,3,100000000000,TIMELY
2001702972,3,0.3,10000,0.1,100,3,100000000000,TIMELY
2001704232,4,0.4,10000,0.1,100,3,100000000000,TIMELY
2001704316,5,0.5,10000,0.1,100,3,100000000000,TIMELY
2000005419,2,0.2,10000,0.1,100,3,100000000000,DCTCP
2000006747,2,0.2,10000,0.1,100,3,100000000000,DCTCP
2000008075,2,0.2,10000,0.1,100,3,100000000000,DCTCP
2000009407,2,0.2,10000,0.1,100,3,100000000000,DCTCP
2000010838,2,0.2,10000,0.1,100,3,100000000000,DCTCP
2000012166,2,0.2,10000,0.1,100,3,100000000000,DCTCP
2000013494,2,0.2,10000,0.1,100,3,100000000000,DCTCP
2000014830,2,0.2,10000,0.1,100,3,100000000000,DCTCP
2000016257,2,0.2,10000,0.1,100,3,100000000000,DCTCP
2000017585,2,0.2,10000,0.1,100,3,100000000000,DCTCP
2000018913,2,0.2,10000,0.1,100,3,100000000000,DCTCP
2000020253,2,0.2,10000,0.1,100,3,100000000000,DCTCP
2000021676,2,0.2,10000,0.1,100,3,100000000000,DCTCP
2000023004,2,0.2,10000,0.1,100,3,100000000000,DCTCP
2000024332,2,0.2,10000,0.1,100,3,100000000000,DCTCP
2000025676,2,0.2,10000,0.1,100,3,100000000000,DCTCP
2000027095,2,0.2,10000,0.1,100,3,100000000000,DCTCP
2000028423,2,0.2,10000,0.1,100,3,100000000000,DCTCP
2000029751,2,0.2,10000,0.1,100,3,100000000000,DCTCP
2000031099,2,0.2,10000,0.1,100,3,100000000000,DCTCP
2000032514,2,0.2,10000,0.1,100,3,100000000000,DCTCP
2000033842,2,0.2,10000,0.1,100,3,100000000000,DCTCP
2000035170,2,0.2,10000,0.1,100,3,100000000000,DCTCP
2000036522,2,0.2,10000,0.1,100,3,100000000000,DCTCP
2000037933,2,0.2,10000,0.1,100,3,100000000000,DCTCP
2000039261,2,0.2,10000,0.1,100,3,100000000000,DCTCP
2000040589,2,0.2,10000,0.1,100,3,100000000000,DCTCP
2000041945,2,0.2,10000,0.1,100,3,100000000000,DCTCP
2000043352,2,0.2,10000,0.1,100,3,100000000000,DCTCP
2000044680,2,0.2,10000,0.1,100,3,100000000000,DCTCP
2000046008,2,0.2,10000,0.1,100,3,100000000000,DCTCP
2000047368,2,0.2,10000,0.1,100,3,100000000000,DCTCP
2000048771,2,0.2,10000,0.1,100,3,100000000000,DCTCP
2000050099,2,0.2,10000,0.1,100,3,100000000000,DCTCP
2000051427,2,0.2,10000,0.1,100,3,100000000000,DCTCP
2000052791,2,0.2,10000,0.1,100,3,100000000000,DCTCP
2000054190,2,0.2,10000,0.1,100,3,100000000000,DCTCP
2000055518,2,0.2,10000,0.1,100,3,100000000000,DCTCP
2000056846,2,0.2,10000,0.1,100,3,100000000000,DCTCP
2000058214,2,0.2,10000,0.1,100,3,100000000000,DCTCP
2000059609,2,0.2,10000,0.1,100,3,100000000000,DCTCP
2000060937,2,0.2,10000,0.1,100,3,100000000000,DCTCP
2000062265,2,0.2,10000,0.1,100,3,100000000000,DCTCP
2000063637,2,0.2,10000,0.1,100,3,100000000000,DCTCP
2000065028,2,0.2,10000,0.1,100,3,100000000000,DCTCP
2000066356,2,0.2,10000,0.1,100,3,100000000000,DCTCP
2000067684,2,0.2,10000,0.1,100,3,100000000000,DCTCP
2000069060,2,0.2,10000,0.1,100,3,100000000000,DCTCP
2000070447,2,0.2,10000,0.1,100,3,100000000000,DCTCP
2000071775,2,0.2,10000,0.1,100,3,100000000000,DCTCP
2000073103,2,0.2,10000,0.1,100,3,100000000000,DCTCP
2000074483,2,0.2,10000,0.1,100,3,100000000000,DCTCP
2000075866,2,0.2,10000,0.1,100,3,100000000000,DCTCP
2000077194,2,0.2,10000,0.1,100,3,100000000000,DCTCP
2000078522,2,0.2,10000,0.1,100,3,100000000000,DCTCP
2000079906,2,0.2,10000,0.1,100,3,100000000000,DCTCP
2000081285,2,0.2,10000,0.1,100,3,100000000000,DCTCP
2000082613,2,0.2,10000,0.1,100,3,100000000000,DCTCP
2000083941,2,0.2,10000,0.1,100,3,100000000000,DCTCP
2000085329,2,0.2,10000,0.1,100,3,100000000000,DCTCP
2000086704,2,0.2,10000,0.1,100,3,100000000000,DCTCP
2000088032,2,0.2,10000,0.1,100,3,100000000000,DCTCP
2000089360,2,0.2,10000,0.1,100,3,100000000000,DCTCP
2000090752,2,0.2,10000,0.1,100,3,100000000000,DCTCP
2000092123,2,0.2,10000,0.1,100,3,100000000000,DCTCP
2000093451,2,0.2,10000,0.1,100,3,100000000000,DCTCP
2000094779,2,0.2,10000,0.1,100,3,100000000000,DCTCP
2000096175,2,0.2,10000,0.1,100,3,100000000000,DCTCP
2000097542,2,0.2,10000,0.1,100,3,100000000000,DCTCP
2000098870,2,0.2,10000,0.1,100,3,100000000000,DCTCP
2000100198,2,0.2,10000,0.1,100,3,100000000000,DCTCP
2000101598,2,0.2,10000,0.1,100,3,100000000000,DCTCP
2000102961,2,0.2,10000,0.1,100,3,100000000000,DCTCP
2000104787,2,0.2,10000,0.1,100,3,100000000000,DCTCP
2000109186,3,0.3,10000,0.1,100,3,100000000000,DCTCP
2000109269,4,0.4,10000,0.1,100,3,100000000000,DCTCP
2000109352,5,0.5,10000,0.1,100,3,100000000000,DCTCP
2000110099,2,0.2,10000,0.1,100,3,100000000000,DCTCP
2000112676,2,0.2,10000,0.1,100,3,100000000000,DCTCP
2000113751,3,0.3,10000,0.1,100,3,100000000000,DCTCP
2000113834,4,0.4,10000,0.1,100,3,100000000000,DCTCP
2000113917,5,0.5,10000,0.1,100,3,100000000000,DCTCP
2000118731,3,0.3,10000,0.1,100,3,100000000000,DCTCP
2000118814,4,0.4,10000,0.1,100,3,100000000000,DCTCP
2000118897,5,0.5,10000,0.1,100,3,100000000000,DCTCP
2000119976,2,0.2,10000,0.1,100,3,100000000000,DCTCP
2000121059,3,0.3,10000,0.1,100,3,100000000000,DCTCP
2000121142,4,0.4,10000,0.1,100,3,100000000000,DCTCP
2000121225,5,0.5,10000,0.1,100,3,100000000000,DCTCP
2000121553,2,0.2,10000,0.1,100,3,100000000000,DCTCP
2000125703,3,0.3,10000,0.1,100,3,100000000000,DCTCP
2000125952,4,0.4,10000,0.1,100,3,100000000000,DCTCP
2000126118,5,0.5,10000,0.1,100,3,100000000000,DCTCP
2000126865,2,0.2,10000,0.1,100,3,100000000000,DCTCP
2000128197,2,0.2,10000,0.1,100,3,100000000000,DCTCP
2000130932,3,0.3,10000,0.1,100,3,100000000000,DCTCP
2000131098,4,0.4,10000,0.1,100,3,100000000000,DCTCP
2000131181,5,0.5,10000,0.1,100,3,100000000000,DCTCP
2000134999,3,0.3,10000,0.1,100,3,100000000000,DCTCP
2000135248,4,0.4,10000,0.1,100,3,100000000000,DCTCP
2000135414,5,0.5,10000,0.1,100,3,100000000000,DCTCP
2000136742,2,0.2,10000,0.1,100,3,100000000000,DCTCP
2000138240,3,0.3,10000,0.1,100,3,100000000000,DCTCP
2000138406,4,0.4,10000,0.1,100,3,100000000000,DCTCP
2000138489,5,0.5,10000,0.1,100,3,100000000000,DCTCP
2000138817,2,0.2,10000,0.1,100,3,100000000000,DCTCP
2000142303,3,0.3,10000,0.1,100,3,100000000000,DCTCP
2000143050,4,0.4,10000,0.1,100,3,100000000000,DCTCP
2000143382,5,0.5,10000,0.1,100,3,100000000000,DCTCP
2000144129,2,0.2,10000,0.1,100,3,100000000000,DCTCP
2000145461,2,0.2,10000,0.1,100,3,100000000000,DCTCP
2000148030,3,0.3,10000,0.1,100,3,100000000000,DCTCP
2000148362,4,0.4,10000,0.1,100,3,100000000000,DCTCP
2000148445,5,0.5,10000,0.1,100,3,100000000000,DCTCP
2000151765,3,0.3,10000,0.1,100,3,100000000000,DCTCP
2000152263,4,0.4,10000,0.1,100,3,100000000000,DCTCP
2000152429,5,0.5,10000,0.1,100,3,100000000000,DCTCP
2000153757,2,0.2,10000,0.1,100,3,100000000000,DCTCP
2000155338,3,0.3,10000,0.1,100,3,100000000000,DCTCP
2000155670,4,0.4,10000,0.1,100,3,100000000000,DCTCP
2000155753,5,0.5,10000,0.1,100,3,100000000000,DCTCP
2000156081,2,0.2,10000,0.1,100,3,100000000000,DCTCP
2000158239,3,0.3,10000,0.1,100,3,100000000000,DCTCP
2000159982,4,0.4,10000,0.1,100,3,100000000000,DCTCP
2000160646,5,0.5,10000,0.1,100,3,100000000000,DCTCP
2000161393,2,0.2,10000,0.1,100,3,100000000000,DCTCP
2000162725,2,0.2,10000,0.1,100,3,100000000000,DCTCP
2000164962,3,0.3,10000,0.1,100,3,100000000000,DCTCP
2000165626,4,0.4,10000,0.1,100,3,100000000000,DCTCP
2000165709,5,0.5,10000,0.1,100,3,100000000000,DCTCP
2000168531,3,0.3,10000,0.1,100,3,100000000000,DCTCP
2000169527,4,0.4,10000,0.1,100,3,100000000000,DCTCP
2000169693,5,0.5,10000,0.1,100,3,100000000000,DCTCP
2000171021,2,0.2,10000,0.1,100,3,100000000000,DCTCP
2000172353,3,0.3,10000,0.1,100,3,100000000000,DCTCP
2000172934,4,0.4,10000,0.1,100,3,100000000000,DCTCP
2000173017,5,0.5,10000,0.1,100,3,100000000000,DCTCP
2000173345,2,0.2,10000,0.1,100,3,100000000000,DCTCP
2000174673,3,0.3,10000,0.1,100,3,100000000000,DCTCP
2000176665,4,0.4,10000,0.1,100,3,100000000000,DCTCP
2000177910,5,0.5,10000,0.1,100,3,100000000000,DCTCP
2000178657,2,0.2,10000,0.1,100,3,100000000000,DCTCP
2000179989,2,0.2,10000,0.1,100,3,100000000000,DCTCP
2000181562,3,0.3,10000,0.1,100,3,100000000000,DCTCP
2000182890,4,0.4,10000,0.1,100,3,100000000000,DCTCP
2000182973,5,0.5,10000,0.1,100,3,100000000000,DCTCP
2000184799,3,0.3,10000,0.1,100,3,100000000000,DCTCP
2000186791,4,0.4,10000,0.1,100,3,100000000000,DCTCP
2000186957,5,0.5,10000,0.1,100,3,100000000000,DCTCP
2000188285,2,0.2,10000,0.1,100,3,100000000000,DCTCP
2000189617,3,0.3,10000,0.1,100,3,100000000000,DCTCP
2000190198,4,0.4,10000,0.1,100,3,100000000000,DCTCP
2000190281,5,0.5,10000,0.1,100,3,100000000000,DCTCP
2000190609,2,0.2,10000,0.1,100,3,100000000000,DCTCP
2000191937,3,0.3,10000,0.1,100,3,100000000000,DCTCP
2000193348,4,0.4,10000,0.1,100,3,100000000000,DCTCP
2000195174,5,0.5,10000,0.1,100,3,100000000000,DCTCP
2000195921,2,0.2,10000,0.1,100,3,100000000000,DCTCP
2000197253,2,0.2,10000,0.1,100,3,100000000000,DCTCP
2000197581,3,0.3,10000,0.1,100,3,100000000000,DCTCP
2000200154,4,0.4,10000,0.1,100,3,100000000000,DCTCP
2000200237,5,0.5,10000,0.1,100,3,100000000000,DCTCP
2000201565,3,0.3,10000,0.1,100,3,100000000000,DCTCP
2000204055,4,0.4,10000,0.1,100,3,100000000000,DCTCP
2000204221,5,0.5,10000,0.1,100,3,100000000000,DCTCP
2000205549,2,0.2,10000,0.1,100,3,100000000000,DCTCP
2000206881,3,0.3,10000,0.1,100,3,100000000000,DCTCP
2000207462,4,0.4,10000,0.1,100,3,100000000000,DCTCP
2000207545,5,0.5,10000,0.1,100,3,100000000000,DCTCP
2000207873,2,0.2,10000,0.1,100,3,100000000000,DCTCP
2000209201,3,0.3,10000,0.1,100,3,100000000000,DCTCP
2000210529,4,0.4,10000,0.1,100,3,100000000000,DCTCP
2000212438,5,0.5,10000,0.1,100,3,100000000000,DCTCP
2000213185,2,0.2,10000,0.1,100,3,100000000000,DCTCP
2000214517,2,0.2,10000,0.1,100,3,100000000000,DCTCP
2000214845,3,0.3,10000,0.1,100,3,100000000000,DCTCP
2000217418,4,0.4,10000,0.1,100,3,100000000000,DCTCP
2000217501,5,0.5,10000,0.1,100,3,100000000000,DCTCP
2000218829,3,0.3,10000,0.1,100,3,100000000000,DCTCP
2000221319,4,0.4,10000,0.1,100,3,100000000000,DCTCP
2000221485,5,0.5,10000,0.1,100,3,100000000000,DCTCP
2000222813,2,0.2,10000,0.1,100,3,100000000000,DCTCP
2000224145,3,0.3,10000,0.1,100,3,100000000000,DCTCP
2000224726,4,0.4,10000,0.1,100,3,100000000000,DCTCP
2000224809,5,0.5,10000,0.1,100,3,100000000000,DCTCP
2000225137,2,0.2,10000,0.1,100,3,100000000000,DCTCP
2000226465,3,0.3,10000,0.1,100,3,100000000000,DCTCP
2000227793,4,0.4,10000,0.1,100,3,100000000000,DCTCP
2000229702,5,0.5,10000,0.1,100,3,100000000000,DCTCP
2000230449,2,0.2,10000,0.1,100,3,100000000000,DCTCP
2000231781,2,0.2,10000,0.1,100,3,100000000000,DCTCP
2000232109,3,0.3,10000,0.1,100,3,100000000000,DCTCP
2000234682,4,0.4,10000,0.1,100,3,100000000000,DCTCP
2000234765,5,0.5,10000,0.1,100,3,100000000000,DCTCP
2000236093,3,0.3,10000,0.1,100,3,100000000000,DCTCP
2000238583,4,0.4,10000,0.1,100,3,100000000000,DCTCP
2000238749,5,0.5,10000,0.1,100,3,100000000000,DCTCP
2000240077,2,0.2,10000,0.1,100,3,100000000000,DCTCP
2000241409,3,0.3,10000,0.1,100,3,100000000000,DCTCP
2000241990,4,0.4,10000,0.1,100,3,100000000000,DCTCP
2000242073,5,0.5,10000,0.1,100,3,100000000000,DCTCP
2000242401,2,0.2,10000,0.1,100,3,100000000000,DCTCP
2000243729,3,0.3,10000,0.1,100,3,100000000000,DCTCP
2000245057,4,0.4,10000,0.1,100,3,100000000000,DCTCP
2000246966,5,0.5,10000,0.1,100,3,100000000000,DCTCP
2000247713,2,0.2,10000,0.1,100,3,100000000000,DCTCP
2000249045,2,0.2,10000,0.1,100,3,100000000000,DCTCP
2000249373,3,0.3,10000,0.1,100,3,100000000000,DCTCP
2000251946,4,0.4,10000,0.1,100,3,100000000000,DCTCP
2000252029,5,0.5,10000,0.1,100,3,100000000000,DCTCP
2000253357,3,0.3,10000,0.1,100,3,100000000000,DCTCP
2000255847,4,0.4,10000,0.1,100,3,100000000000,DCTCP
2000256013,5,0.5,10000,0.1,100,3,100000000000,DCTCP
2000257341,2,0.2,10000,0.1,100,3,100000000000,DCTCP
2000258673,3,0.3,10000,0.1,100,3,100000000000,DCTCP
2000259254,4,0.4,10000,0.1,100,3,100000000000,DCTCP
2000259337,5,0.5,10000,0.1,100,3,100000000000,DCTCP
2000259665,2,0.2,10000,0.1,100,3,100000000000,DCTCP
2000260993,3,0.3,10000,0.1,100,3,100000000000,DCTCP
2000262321,4,0.4,10000,0.1,100,3,100000000000,DCTCP
2000264230,5,0.5,10000,0.1,100,3,100000000000,DCTCP
2000264977,2,0.2,10000,0.1,100,3,100000000000,DCTCP
2000266309,2,0.2,10000,0.1,100,3,100000000000,DCTCP
2000266637,3,0.3,10000,0.1,100,3,100000000000,DCTCP
2000269210,4,0.4,10000,0.1,100,3,100000000000,DCTCP
2000269293,5,0.5,10000,0.1,100,3,100000000000,DCTCP
2000270621,3,0.3,10000,0.1,100,3,100000000000,DCTCP
2000273111,4,0.4,10000,0.1,100,3,100000000000,DCTCP
2000273277,5,0.5,10000,0.1,100,3,100000000000,DCTCP
2000274605,2,0.2,10000,0.1,100,3,100000000000,DCTCP
2000275937,3,0.3,10000,0.1,100,3,100000000000,DCTCP
2000276518,4,0.4,10000,0.1,100,3,100000000000,DCTCP
2000276601,5,0.5,10000,0.1,100,3,100000000000,DCTCP
2000276929,2,0.2,10000,0.1,100,3,100000000000,DCTCP
2000278257,3,0.3,10000,0.1,100,3,100000000000,DCTCP
2000279585,4,0.4,10000,0.1,100,3,100000000000,DCTCP
2000281494,5,0.5,10000,0.1,100,3,100000000000,DCTCP
2000282241,2,0.2,10000,0.1,100,3,100000000000,DCTCP
2000283573,2,0.2,10000,0.1,100,3,100000000000,DCTCP
2000283901,3,0.3,10000,0.1,100,3,100000000000,DCTCP
2000286474,4,0.4,10000,0.1,100,3,100000000000,DCTCP
2000286557,5,0.5,10000,0.1,100,3,100000000000,DCTCP
2000287885,3,0.3,10000,0.1,100,3,100000000000,DCTCP
2000290375,4,0.4,10000,0.1,100,3,100000000000,DCTCP
2000290541,5,0.5,10000,0.1,100,3,100000000000,DCTCP
2000291869,2,0.2,10000,0.1,100,3,100000000000,DCTCP
2000293201,3,0.3,10000,0.1,100,3,100000000000,DCTCP
2000293782,4,0.4,10000,0.1,100,3,100000000000,DCTCP
2000293865,5,0.5,10000,0.1,100,3,100000000000,DCTCP
2000294193,2,0.2,10000,0.1,100,3,100000000000,DCTCP
2000295521,3,0.3,10000,0.1,100,3,100000000000,DCTCP
2000296849,4,0.4,10000,0.1,100,3,100000000000,DCTCP
2000298758,5,0.5,10000,0.1,100,3,100000000000,DCTCP
2000299505,2,0.2,10000,0.1,100,3,100000000000,DCTCP
2000300837,2,0.2,10000,0.1,100,3,100000000000,DCTCP
2000301165,3,0.3,10000,0.1,100,3,100000000000,DCTCP
2000303738,4,0.4,10000,0.1,100,3,100000000000,DCTCP
2000303821,5,0.5,10000,0.1,100,3,100000000000,DCTCP
2000305149,3,0.3,10000,0.1,100,3,100000000000,DCTCP
2000307639,4,0.4,10000,0.1,100,3,100000000000,DCTCP
2000307805,5,0.5,10000,0.1,100,3,100000000000,DCTCP
2000309133,2,0.2,10000,0.1,100,3,100000000000,DCTCP
2000310465,3,0.3,10000,0.1,100,3,100000000000,DCTCP
2000311046,4,0.4,10000,0.1,100,3,100000000000,DCTCP
2000311129,5,0.5,10000,0.1,100,3,100000000000,DCTCP
2000311457,2,0.2,10000,0.1,100,3,100000000000,DCTCP
2000312785,3,0.3,10000,0.1,100,3,100000000000,DCTCP
2000314113,4,0.4,10000,0.1,100,3,100000000000,DCTCP
2000316022,5,0.5,10000,0.1,100,3,100000000000,DCTCP
2000316769,2,0.2,10000,0.1,100,3,100000000000,DCTCP
2000318101,2,0.2,10000,0.1,100,3,100000000000,DCTCP
2000318429,3,0.3,10000,0.1,100,3,100000000000,DCTCP
2000321002,4,0.4,10000,0.1,100,3,100000000000,DCTCP
2000321085,5,0.5,10000,0.1,100,3,100000000000,DCTCP
2000322413,3,0.3,10000,0.1,100,3,100000000000,DCTCP
2000324903,4,0.4,10000,0.1,100,3,100000000000,DCTCP
2000325069,5,0.5,10000,0.1,100,3,100000000000,DCTCP
2000326397,2,0.2,10000,0.1,100,3,100000000000,DCTCP
2000327729,3,0.3,10000,0.1,100,3,100000000000,DCTCP
2000328310,4,0.4,10000,0.1,100,3,100000000000,DCTCP
2000328393,5,0.5,10000,0.1,100,3,100000000000,DCTCP
2000328721,2,0.2,10000,0.1,100,3,100000000000,DCTCP
2000330049,3,0.3,10000,0.1,100,3,100000000000,DCTCP
2000331377,4,0.4,10000,0.1,100,3,100000000000,DCTCP
2000333286,5,0.5,10000,0.1,100,3,100000000000,DCTCP
2000334033,2,0.2,10000,0.1,100,3,100000000000,DCTCP
2000335365,2,0.2,10000,0.1,100,3,100000000000,DCTCP
2000335693,3,0.3,10000,0.1,100,3,100000000000,DCTCP
2000338266,4,0.4,10000,0.1,100,3,100000000000,DCTCP
2000338349,5,0.5,10000,0.1,100,3,100000000000,DCTCP
2000339677,3,0.3,10000,0.1,100,3,100000000000,DCTCP
2000342167,4,0.4,10000,0.1,100,3,100000000000,DCTCP
2000342333,5,0.5,10000,0.1,100,3,100000000000,DCTCP
2000343661,2,0.2,10000,0.1,100,3,100000000000,DCTCP
2000344993,3,0.3,10000,0.1,100,3,100000000000,DCTCP
2000345574,4,0.4,10000,0.1,100,3,100000000000,DCTCP
2000345657,5,0.5,10000,0.1,100,3,100000000000,DCTCP
2000345985,2,0.2,10000,0.1,100,3,100000000000,DCTCP
2000347313,3,0.3,10000,0.1,100,3,100000000000,DCTCP
2000348641,4,0.4,10000,0.1,100,3,100000000000,DCTCP
2000350550,5,0.5,10000,0.1,100,3,100000000000,DCTCP
2000351297,2,0.2,10000,0.1,100,3,100000000000,DCTCP
2000352629,2,0.2,10000,0.1,100,3,100000000000,DCTCP
2000352957,3,0.3,10000,0.1,100,3,100000000000,DCTCP
2000355530,4,0.4,10000,0.1,100,3,100000000000,DCTCP
2000355613,5,0.5,10000,0.1,100,3,100000000000,DCTCP
2000356941,3,0.3,10000,0.1,100,3,100000000000,DCTCP
2000359431,4,0.4,10000,0.1,100,3,100000000000,DCTCP
2000359597,5,0.5,10000,0.1,100,3,100000000000,DCTCP
2000360925,2,0.2,10000,0.1,100,3,100000000000,DCTCP
2000362257,3,0.3,10000,0.1,100,3,100000000000,DCTCP
2000362838,4,0.4,10000,0.1,100,3,100000000000,DCTCP
2000362921,5,0.5,10000,0.1,100,3,100000000000,DCTCP
2000363249,2,0.2,10000,0.1,100,3,100000000000,DCTCP
2000364577,3,0.3,10000,0.1,100,3,100000000000,DCTCP
2000365905,4,0.4,10000,0.1,100,3,100000000000,DCTCP
2000367814,5,0.5,10000,0.1,100,3,100000000000,DCTCP
2000368561,2,0.2,10000,0.1,100,3,100000000000,DCTCP
2000369893,2,0.2,10000,0.1,100,3,100000000000,DCTCP
2000370221,3,0.3,10000,0.1,100,3,100000000000,DCTCP
2000372794,4,0.4,10000,0.1,100,3,100000000000,DCTCP
2000372877,5,0.5,10000,0.1,100,3,100000000000,DCTCP
2000374205,3,0.3,10000,0.1,100,3,100000000000,DCTCP
2000376695,4,0.4,10000,0.1,100,3,100000000000,DCTCP
2000376861,5,0.5,10000,0.1,100,3,100000000000,DCTCP
2000378189,2,0.2,10000,0.1,100,3,100000000000,DCTCP
2000379521,3,0.3,10000,0.1,100,3,100000000000,DCTCP
2000380102,4,0.4,10000,0.1,100,3,100000000000,DCTCP
2000380185,5,0.5,10000,0.1,100,3,100000000000,DCTCP
2000380513,2,0.2,10000,0.1,100,3,100000000000,DCTCP
2000381841,3,0.3,10000,0.1,100,3,100000000000,DCTCP
2000383169,4,0.4,10000,0.1,100,3,100000000000,DCTCP
2000385078,5,0.5,10000,0.1,100,3,100000000000,DCTCP
2000385825,2,0.2,10000,0.1,100,3,100000000000,DCTCP
2000387157,2,0.2,10000,0.1,100,3,100000000000,DCTCP
2000387485,3,0.3,10000,0.1,100,3,100000000000,DCTCP
2000390058,4,0.4,10000,0.1,100,3,100000000000,DCTCP
2000390141,5,0.5,10000,0.1,100,3,100000000000,DCTCP
2000391469,3,0.3,10000,0.1,100,3,100000000000,DCTCP
2000393959,4,0.4,10000,0.1,100,3,100000000000,DCTCP
2000394125,5,0.5,10000,0.1,100,3,100000000000,DCTCP
2000395453,2,0.2,10000,0.1,100,3,100000000000,DCTCP
2000396785,3,0.3,10000,0.1,100,3,100000000000,DCTCP
2000397366,4,0.4,10000,0.1,100,3,100000000000,DCTCP
2000397449,5,0.5,10000,0.1,100,3,100000000000,DCTCP
2000397777,2,0.2,10000,0.1,100,3,100000000000,DCTCP
2000399105,3,0.3,10000,0.1,100,3,100000000000,DCTCP
2000400433,4,0.4,10000,0.1,100,3,100000000000,DCTCP
2000402342,5,0.5,10000,0.1,100,3,100000000000,DCTCP
2000403089,2,0.2,10000,0.1,100,3,100000000000,DCTCP
2000404421,2,0.2,10000,0.1,100,3,100000000000,DCTCP
2000404749,3,0.3,10000,0.1,100,3,100000000000,DCTCP
2000407322,4,0.4,10000,0.1,100,3,100000000000,DCTCP
2000407405,5,0.5,10000,0.1,100,3,100000000000,DCTCP
2000408733,3,0.3,10000,0.1,100,3,100000000000,DCTCP
2000411223,4,0.4,10000,0.1,100,3,100000000000,DCTCP
2000411389,5,0.5,10000,0.1,100,3,100000000000,DCTCP
2000412717,2,0.2,10000,0.1,100,3,100000000000,DCTCP
2000414049,3,0.3,10000,0.1,100,3,100000000000,DCTCP
2000414630,4,0.4,10000,0.1,100,3,100000000000,DCTCP
2000414713,5,0.5,10000,0.1,100,3,100000000000,DCTCP
2000415041,2,0.2,10000,0.1,100,3,100000000000,DCTCP
2000416369,3,0.3,10000,0.1,100,3,100000000000,DCTCP
2000417697,4,0.4,10000,0.1,100,3,100000000000,DCTCP
2000419606,5,0.5,10000,0.1,100,3,100000000000,DCTCP
2000420353,2,0.2,10000,0.1,100,3,100000000000,DCTCP
2000421685,2,0.2,10000,0.1,100,3,100000000000,DCTCP
2000422013,3,0.3,10000,0.1,100,3,100000000000,DCTCP
2000424586,4,0.4,10000,0.1,100,3,100000000000,DCTCP
2000424669,5,0.5,10000,0.1,100,3,100000000000,DCTCP
2000425997,3,0.3,10000,0.1,100,3,100000000000,DCTCP
2000428487,4,0.4,10000,0.1,100,3,100000000000,DCTCP
2000428653,5,0.5,10000,0.1,100,3,100000000000,DCTCP
2000429981,2,0.2,10000,0.1,100,3,100000000000,DCTCP
2000431313,3,0.3,10000,0.1,100,3,100000000000,DCTCP
2000431894,4,0.4,10000,0.1,100,3,100000000000,DCTCP
2000431977,5,0.5,10000,0.1,100,3,100000000000,DCTCP
2000432305,2,0.2,10000,0.1,100,3,100000000000,DCTCP
2000433633,3,0.3,10000,0.1,100,3,100000000000,DCTCP
2000434961,4,0.4,10000,0.1,100,3,100000000000,DCTCP
2000436870,5,0.5,10000,0.1,100,3,100000000000,DCTCP
2000437617,2,0.2,10000,0.1,100,3,100000000000,DCTCP
2000438949,2,0.2,10000,0.1,100,3,100000000000,DCTCP
2000439277,3,0.3,10000,0.1,100,3,100000000000,DCTCP
2000441850,4,0.4,10000,0.1,100,3,100000000000,DCTCP
2000441933,5,0.5,10000,0.1,100,3,100000000000,DCTCP
2000443261,3,0.3,10000,0.1,100,3,100000000000,DCTCP
2000445751,4,0.4,10000,0.1,100,3,100000000000,DCTCP
2000445917,5,0.5,10000,0.1,100,3,100000000000,DCTCP
2000447245,2,0.2,10000,0.1,100,3,100000000000,DCTCP
2000448577,3,0.3,10000,0.1,100,3,100000000000,DCTCP
2000449158,4,0.4,10000,0.1,100,3,100000000000,DCTCP
2000449241,5,0.5,10000,0.1,100,3,100000000000,DCTCP
2000449569,2,0.2,10000,0.1,100,3,100000000000,DCTCP
2000450897,3,0.3,10000,0.1,100,3,100000000000,DCTCP
2000452225,4,0.4,10000,0.1,100,3,100000000000,DCTCP
2000454134,5,0.5,10000,0.1,100,3,100000000000,DCTCP
2000454881,2,0.2,10000,0.1,100,3,100000000000,DCTCP
2000456213,2,0.2,10000,0.1,100,3,100000000000,DCTCP
2000456541,3,0.3,10000,0.1,100,3,100000000000,DCTCP
2000459114,4,0.4,10000,0.1,100,3,100000000000,DCTCP
2000459197,5,0.5,10000,0.1,100,3,100000000000,DCTCP
2000460525,3,0.3,10000,0.1,100,3,100000000000,DCTCP
2000463015,4,0.4,10000,0.1,100,3,100000000000,DCTCP
2000463181,5,0.5,10000,0.1,100,3,100000000000,DCTCP
2000464509,2,0.2,10000,0.1,100,3,100000000000,DCTCP
2000465841,3,0.3,10000,0.1,100,3,100000000000,DCTCP
2000466422,4,0.4,10000,0.1,100,3,100000000000,DCTCP
2000466505,5,0.5,10000,0.1,100,3,100000000000,DCTCP
2000466833,2,0.2,10000,0.1,100,3,100000000000,DCTCP
2000468161,3,0.3,10000,0.1,100,3,100000000000,DCTCP
2000469489,4,0.4,10000,0.1,100,3,100000000000,DCTCP
2000471398,5,0.5,10000,0.1,100,3,100000000000,DCTCP
2000472145,2,0.2,10000,0.1,100,3,100000000000,DCTCP
2000473477,2,0.2,10000,0.1,100,3,100000000000,DCTCP
2000473805,3,0.3,10000,0.1,100,3,100000000000,DCTCP
2000476378,4,0.4,10000,0.1,100,3,100000000000,DCTCP
2000476461,5,0.5,10000,0.1,100,3,100000000000,DCTCP
2000477789,3,0.3,10000,0.1,100,3,100000000000,DCTCP
2000480279,4,0.4,10000,0.1,100,3,100000000000,DCTCP
2000480445,5,0.5,10000,0.1,100,3,100000000000,DCTCP
2000481773,2,0.2,10000,0.1,100,3,100000000000,DCTCP
2000483105,3,0.3,10000,0.1,100,3,100000000000,DCTCP
2000483686,4,0.4,10000,0.1,100,3,100000000000,DCTCP
2000483769,5,0.5,10000,0.1,100,3,100000000000,DCTCP
2000484097,2,0.2,10000,0.1,100,3,100000000000,DCTCP
2000485425,3,0.3,10000,0.1,100,3,100000000000,DCTCP
2000486753,4,0.4,10000,0.1,100,3,100000000000,DCTCP
2000488662,5,0.5,10000,0.1,100,3,100000000000,DCTCP
2000489409,2,0.2,10000,0.1,100,3,100000000000,DCTCP
2000490741,2,0.2,10000,0.1,100,3,100000000000,DCTCP
2000491069,3,0.3,10000,0.1,100,3,100000000000,DCTCP
2000493642,4,0.4,10000,0.1,100,3,100000000000,DCTCP
2000493725,5,0.5,10000,0.1,100,3,100000000000,DCTCP
2000495053,3,0.3,10000,0.1,100,3,100000000000,DCTCP
2000497543,4,0.4,10000,0.1,100,3,100000000000,DCTCP
2000497709,5,0.5,10000,0.1,100,3,100000000000,DCTCP
2000499037,2,0.2,10000,0.1,100,3,100000000000,DCTCP
2000500369,3,0.3,10000,0.1,100,3,100000000000,DCTCP
2000500950,4,0.4,10000,0.1,100,3,100000000000,DCTCP
2000501033,5,0.5,10000,0.1,100,3,100000000000,DCTCP
2000501361,2,0.2,10000,0.1,100,3,100000000000,DCTCP
2000502689,3,0.3,10000,0.1,100,3,100000000000,DCTCP
2000504017,4,0.4,10000,0.1,100,3,100000000000,DCTCP
2000505926,5,0.5,10000,0.1,100,3,100000000000,DCTCP
2000506673,2,0.2,10000,0.1,100,3,100000000000,DCTCP
2000508005,2,0.2,10000,0.1,100,3,100000000000,DCTCP
2000508333,3,0.3,10000,0.1,100,3,100000000000,DCTCP
2000510906,4,0.4,10000,0.1,100,3,100000000000,DCTCP
2000510989,5,0.5,10000,0.1,100,3,100000000000,DCTCP
2000512317,3,0.3,10000,0.1,100,3,100000000000,DCTCP
2000514807,4,0.4,10000,0.1,100,3,100000000000,DCTCP
2000514973,5,0.5,10000,0.1,100,3,100000000000,DCTCP
2000516301,2,0.2,10000,0.1,100,3,100000000000,DCTCP
2000517633,3,0.3,10000,0.1,100,3,100000000000,DCTCP
2000518214,4,0.4,10000,0.1,100,3,100000000000,DCTCP
2000518297,5,0.5,10000,0.1,100,3,100000000000,DCTCP
2000518625,2,0.2,10000,0.1,100,3,100000000000,DCTCP
2000519953,3,0.3,10000,0.1,100,3,100000000000,DCTCP
2000521281,4,0.4,10000,0.1,100,3,100000000000,DCTCP
2000523190,5,0.5,10000,0.1,100,3,100000000000,DCTCP
2000523937,2,0.2,10000,0.1,100,3,100000000000,DCTCP
2000525269,2,0.2,10000,0.1,100,3,100000000000,DCTCP
2000525597,3,0.3,10000,0.1,100,3,100000000000,DCTCP
2000528170,4,0.4,10000,0.1,100,3,100000000000,DCTCP
2000528253,5,0.5,10000,0.1,100,3,100000000000,DCTCP
2000529581,3,0.3,10000,0.1,100,3,100000000000,DCTCP
2000532071,4,0.4,10000,0.1,100,3,100000000000,DCTCP
2000532237,5,0.5,10000,0.1,100,3,100000000000,DCTCP
2000533565,2,0.2,10000,0.1,100,3,100000000000,DCTCP
2000534897,3,0.3,10000,0.1,100,3,100000000000,DCTCP
2000535478,4,0.4,10000,0.1,100,3,100000000000,DCTCP
2000535561,5,0.5,10000,0.1,100,3,100000000000,DCTCP
2000535889,2,0.2,10000,0.1,100,3,100000000000,DCTCP
2000537217,3,0.3,10000,0.1,100,3,100000000000,DCTCP
2000538545,4,0.4,10000,0.1,100,3,100000000000,DCTCP
2000540454,5,0.5,10000,0.1,100,3,100000000000,DCTCP
2000541201,2,0.2,10000,0.1,100,3,100000000000,DCTCP
2000542533,2,0.2,10000,0.1,100,3,100000000000,DCTCP
2000542861,3,0.3,10000,0.1,100,3,100000000000,DCTCP
2000545434,4,0.4,10000,0.1,100,3,100000000000,DCTCP
2000545517,5,0.5,10000,0.1,100,3,100000000000,DCTCP
2000546845,3,0.3,10000,0.1,100,3,100000000000,DCTCP
2000549335,4,0.4,10000,0.1,100,3,100000000000,DCTCP
2000549501,5,0.5,10000,0.1,100,3,100000000000,DCTCP
2000550829,2,0.2,10000,0.1,100,3,100000000000,DCTCP
2000552161,3,0.3,10000,0.1,100,3,100000000000,DCTCP
2000552742,4,0.4,10000,0.1,100,3,100000000000,DCTCP
2000552825,5,0.5,10000,0.1,100,3,100000000000,DCTCP
2000553153,2,0.2,10000,0.1,100,3,100000000000,DCTCP
2000554481,3,0.3,10000,0.1,100,3,100000000000,DCTCP
2000555809,4,0.4,10000,0.1,100,3,100000000000,DCTCP
2000557718,5,0.5,10000,0.1,100,3,100000000000,DCTCP
2000558465,2,0.2,10000,0.1,100,3,100000000000,DCTCP
2000559797,2,0.2,10000,0.1,100,3,100000000000,DCTCP
2000560125,3,0.3,10000,0.1,100,3,100000000000,DCTCP
2000562698,4,0.4,10000,0.1,100,3,100000000000,DCTCP
2000562781,5,0.5,10000,0.1,100,3,100000000000,DCTCP
2000564109,3,0.3,10000,0.1,100,3,100000000000,DCTCP
2000566599,4,0.4,10000,0.1,100,3,100000000000,DCTCP
2000566765,5,0.5,10000,0.1,100,3,100000000000,DCTCP
2000568093,2,0.2,10000,0.1,100,3,100000000000,DCTCP
2000569425,3,0.3,10000,0.1,100,3,100000000000,DCTCP
2000570006,4,0.4,10000,0.1,100,3,100000000000,DCTCP
2000570089,5,0.5,10000,0.1,100,3,100000000000,DCTCP
2000570417,2,0.2,10000,0.1,100,3,100000000000,DCTCP
2000571745,3,0.3,10000,0.1,100,3,100000000000,DCTCP
2000573073,4,0.4,10000,0.1,100,3,100000000000,DCTCP
2000574982,5,0.5,10000,0.1,100,3,100000000000,DCTCP
2000575729,2,0.2,10000,0.1,100,3,100000000000,DCTCP
2000577061,2,0.2,10000,0.1,100,3,100000000000,DCTCP
2000577389,3,0.3,10000,0.1,100,3,100000000000,DCTCP
2000579962,4,0.4,10000,0.1,100,3,100000000000,DCTCP
2000580045,5,0.5,10000,0.1,100,3,100000000000,DCTCP
2000581373,3,0.3,10000,0.1,100,3,100000000000,DCTCP
2000583863,4,0.4,10000,0.1,100,3,100000000000,DCTCP
2000584029,5,0.5,10000,0.1,100,3,100000000000,DCTCP
2000585357,2,0.2,10000,0.1,100,3,100000000000,DCTCP
2000586689,3,0.3,10000,0.1,100,3,100000000000,DCTCP
2000587270,4,0.4,10000,0.1,100,3,100000000000,DCTCP
2000587353,5,0.5,10000,0.1,100,3,100000000000,DCTCP
2000587681,2,0.2,10000,0.1,100,3,100000000000,DCTCP
2000589009,3,0.3,10000,0.1,100,3,100000000000,DCTCP
2000590337,4,0.4,10000,0.1,100,3,100000000000,DCTCP
2000592246,5,0.5,10000,0.1,100,3,100000000000,DCTCP
2000592993,2,0.2,10000,0.1,100,3,100000000000,DCTCP
2000594325,2,0.2,10000,0.1,100,3,100000000000,DCTCP
2000594653,3,0.3,10000,0.1,100,3,100000000000,DCTCP
2000597226,4,0.4,10000,0.1,100,3,100000000000,DCTCP
2000597309,5,0.5,10000,0.1,100,3,100000000000,DCTCP
2000598637,3,0.3,10000,0.1,100,3,100000000000,DCTCP
2000601127,4,0.4,10000,0.1,100,3,100000000000,DCTCP
2000601293,5,0.5,10000,0.1,100,3,100000000000,DCTCP
2000602621,2,0.2,10000,0.1,100,3,100000000000,DCTCP
2000603953,3,0.3,10000,0.1,100,3,100000000000,DCTCP
2000604534,4,0.4,10000,0.1,100,3,100000000000,DCTCP
2000604617,5,0.5,10000,0.1,100,3,100000000000,DCTCP
2000604945,2,0.2,10000,0.1,100,3,100000000000,DCTCP
2000606273,3,0.3,10000,0.1,100,3,100000000000,DCTCP
2000607601,4,0.4,10000,0.1,100,3,100000000000,DCTCP
2000609510,5,0.5,10000,0.1,100,3,100000000000,DCTCP
2000610257,2,0.2,10000,0.1,100,3,100000000000,DCTCP
2000611589,2,0.2,10000,0.1,100,3,100000000000,DCTCP
2000611917,3,0.3,10000,0.1,100,3,100000000000,DCTCP
2000614490,4,0.4,10000,0.1,100,3,100000000000,DCTCP
2000614573,5,0.5,10000,0.1,100,3,100000000000,DCTCP
2000615901,3,0.3,10000,0.1,100,3,100000000000,DCTCP
2000618391,4,0.4,10000,0.1,100,3,100000000000,DCTCP
2000618557,5,0.5,10000,0.1,100,3,100000000000,DCTCP
2000619885,2,0.2,10000,0.1,100,3,100000000000,DCTCP
2000621217,3,0.3,10000,0.1,100,3,100000000000,DCTCP
2000621798,4,0.4,10000,0.1,100,3,100000000000,DCTCP
2000621881,5,0.5,10000,0.1,100,3,100000000000,DCTCP
2000622209,2,0.2,10000,0.1,100,3,100000000000,DCTCP
2000623537,3,0.3,10000,0.1,100,3,100000000000,DCTCP
2000624865,4,0.4,10000,0.1,100,3,100000000000,DCTCP
2000626774,5,0.5,10000,0.1,100,3,100000000000,DCTCP
2000627521,2,0.2,10000,0.1,100,3,100000000000,DCTCP
2000628853,2,0.2,10000,0.1,100,3,100000000000,DCTCP
2000629181,3,0.3,10000,0.1,100,3,100000000000,DCTCP
2000631754,4,0.4,10000,0.1,100,3,100000000000,DCTCP
2000631837,5,0.5,10000,0.1,100,3,100000000000,DCTCP
2000633165,3,0.3,10000,0.1,100,3,100000000000,DCTCP
2000635655,4,0.4,10000,0.1,100,3,100000000000,DCTCP
2000635821,5,0.5,10000,0.1,100,3,100000000000,DCTCP
2000637149,2,0.2,10000,0.1,100,3,100000000000,DCTCP
2000638481,3,0.3,10000,0.1,100,3,100000000000,DCTCP
2000639062,4,0.4,10000,0.1,100,3,100000000000,DCTCP
2000639145,5,0.5,10000,0.1,100,3,100000000000,DCTCP
2000639473,2,0.2,10000,0.1,100,3,100000000000,DCTCP
2000640801,3,0.3,10000,0.1,100,3,100000000000,DCTCP
2000642129,4,0.4,10000,0.1,100,3,100000000000,DCTCP
2000644038,5,0.5,10000,0.1,100,3,100000000000,DCTCP
2000644785,2,0.2,10000,0.1,100,3,100000000000,DCTCP
2000646117,2,0.2,10000,0.1,100,3,100000000000,DCTCP
2000646445,3,0.3,10000,0.1,100,3,100000000000,DCTCP
2000649018,4,0.4,10000,0.1,100,3,100000000000,DCTCP
2000649101,5,0.5,10000,0.1,100,3,100000000000,DCTCP
2000650429,3,0.3,10000,0.1,100,3,100000000000,DCTCP
2000652919,4,0.4,10000,0.1,100,3,100000000000,DCTCP
2000653085,5,0.5,10000,0.1,100,3,100000000000,DCTCP
2000654413,2,0.2,10000,0.1,100,3,100000000000,DCTCP
2000655745,3,0.3,10000,0.1,100,3,100000000000,DCTCP
2000656326,4,0.4,10000,0.1,100,3,100000000000,DCTCP
2000656409,5,0.5,10000,0.1,100,3,100000000000,DCTCP
2000656737,2,0.2,10000,0.1,100,3,100000000000,DCTCP
2000658065,3,0.3,10000,0.1,100,3,100000000000,DCTCP
2000659393,4,0.4,10000,0.1,100,3,100000000000,DCTCP
2000661302,5,0.5,10000,0.1,100,3,100000000000,DCTCP
2000662049,2,0.2,10000,0.1,100,3,100000000000,DCTCP
2000663381,2,0.2,10000,0.1,100,3,100000000000,DCTCP
2000663709,3,0.3,10000,0.1,100,3,100000000000,DCTCP
2000666282,4,0.4,10000,0.1,100,3,100000000000,DCTCP
2000666365,5,0.5,10000,0.1,100,3,100000000000,DCTCP
2000667693,3,0.3,10000,0.1,100,3,100000000000,DCTCP
2000670183,4,0.4,10000,0.1,100,3,100000000000,DCTCP
2000670349,5,0.5,10000,0.1,100,3,100000000000,DCTCP
2000671677,2,0.2,10000,0.1,100,3,100000000000,DCTCP
2000673009,3,0.3,10000,0.1,100,3,100000000000,DCTCP
2000673590,4,0.4,10000,0.1,100,3,100000000000,DCTCP
2000673673,5,0.5,10000,0.1,100,3,100000000000,DCTCP
2000674001,2,0.2,10000,0.1,100,3,100000000000,DCTCP
2000675329,3,0.3,10000,0.1,100,3,100000000000,DCTCP
2000676657,4,0.4,10000,0.1,100,3,100000000000,DCTCP
2000678566,5,0.5,10000,0.1,100,3,100000000000,DCTCP
2000679313,2,0.2,10000,0.1,100,3,100000000000,DCTCP
2000680645,2,0.2,10000,0.1,100,3,100000000000,DCTCP
2000680973,3,0.3,10000,0.1,100,3,100000000000,DCTCP
2000683546,4,0.4,10000,0.1,100,3,100000000000,DCTCP
2000683629,5,0.5,10000,0.1,100,3,100000000000,DCTCP
2000684957,3,0.3,10000,0.1,100,3,100000000000,DCTCP
2000687447,4,0.4,10000,0.1,100,3,100000000000,DCTCP
2000687613,5,0.5,10000,0.1,100,3,100000000000,DCTCP
2000688941,2,0.2,10000,0.1,100,3,100000000000,DCTCP
2000690273,3,0.3,10000,0.1,100,3,100000000000,DCTCP
2000690854,4,0.4,10000,0.1,100,3,100000000000,DCTCP
2000690937,5,0.5,10000,0.1,100,3,100000000000,DCTCP
2000691265,2,0.2,10000,0.1,100,3,100000000000,DCTCP
2000692593,3,0.3,10000,0.1,100,3,100000000000,DCTCP
2000693921,4,0.4,10000,0.1,100,3,100000000000,DCTCP
2000695830,5,0.5,10000,0.1,100,3,100000000000,DCTCP
2000696577,2,0.2,10000,0.1,100,3,100000000000,DCTCP
2000697909,2,0.2,10000,0.1,100,3,100000000000,DCTCP
2000698237,3,0.3,10000,0.1,100,3,100000000000,DCTCP
2000700810,4,0.4,10000,0.1,100,3,100000000000,DCTCP
2000700893,5,0.5,10000,0.1,100,3,100000000000,DCTCP
2000702221,3,0.3,10000,0.1,100,3,100000000000,DCTCP
2000704711,4,0.4,10000,0.1,100,3,100000000000,DCTCP
2000704877,5,0.5,10000,0.1,100,3,100000000000,DCTCP
2000706205,2,0.2,10000,0.1,100,3,100000000000,DCTCP
2000707537,3,0.3,10000,0.1,100,3,100000000000,DCTCP
2000708118,4,0.4,10000,0.1,100,3,100000000000,DCTCP
2000708201,5,0.5,10000,0.1,100,3,100000000000,DCTCP
2000708529,2,0.2,10000,0.1,100,3,100000000000,DCTCP
2000709857,3,0.3,10000,0.1,100,3,100000000000,DCTCP
2000711185,4,0.4,10000,0.1,100,3,100000000000,DCTCP
2000713094,5,0.5,10000,0.1,100,3,100000000000,DCTCP
2000713841,2,0.2,10000,0.1,100,3,100000000000,DCTCP
2000715173,2,0.2,10000,0.1,100,3,100000000000,DCTCP
2000715501,3,0.3,10000,0.1,100,3,100000000000,DCTCP
2000718074,4,0.4,10000,0.1,100,3,100000000000,DCTCP
2000718157,5,0.5,10000,0.1,100,3,100000000000,DCTCP
2000719485,3,0.3,10000,0.1,100,3,100000000000,DCTCP
2000721975,4,0.4,10000,0.1,100,3,100000000000,DCTCP
2000722141,5,0.5,10000,0.1,100,3,100000000000,DCTCP
2000723469,2,0.2,10000,0.1,100,3,100000000000,DCTCP
2000724801,3,0.3,10000,0.1,100,3,100000000000,DCTCP
2000725382,4,0.4,10000,0.1,100,3,100000000000,DCTCP
2000725465,5,0.5,10000,0.1,100,3,100000000000,DCTCP
2000725793,2,0.2,10000,0.1,100,3,100000000000,DCTCP
2000727121,3,0.3,10000,0.1,100,3,100000000000,DCTCP
2000728449,4,0.4,10000,0.1,100,3,100000000000,DCTCP
2000730358,5,0.5,10000,0.1,100,3,100000000000,DCTCP
2000731105,2,0.2,10000,0.1,100,3,100000000000,DCTCP
2000732437,2,0.2,10000,0.1,100,3,100000000000,DCTCP
2000732765,3,0.3,10000,0.1,100,3,100000000000,DCTCP
2000735338,4,0.4,10000,0.1,100,3,100000000000,DCTCP
2000735421,5,0.5,10000,0.1,100,3,100000000000,DCTCP
2000736749,3,0.3,10000,0.1,100,3,100000000000,DCTCP
2000739239,4,0.4,10000,0.1,100,3,100000000000,DCTCP
2000739405,5,0.5,10000,0.1,100,3,100000000000,DCTCP
2000740733,2,0.2,10000,0.1,100,3,100000000000,DCTCP
2000742065,3,0.3,10000,0.1,100,3,100000000000,DCTCP
2000742646,4,0.4,10000,0.1,100,3,100000000000,DCTCP
2000742729,5,0.5,10000,0.1,100,3,100000000000,DCTCP
2000743057,2,0.2,10000,0.1,100,3,100000000000,DCTCP
2000744385,3,0.3,10000,0.1,100,3,100000000000,DCTCP
2000745713,4,0.4,10000,0.1,100,3,100000000000,DCTCP
2000747622,5,0.5,10000,0.1,100,3,100000000000,DCTCP
2000748369,2,0.2,10000,0.1,100,3,100000000000,DCTCP
2000749701,2,0.2,10000,0.1,100,3,100000000000,DCTCP
2000750029,3,0.3,10000,0.1,100,3,100000000000,DCTCP
2000752602,4,0.4,10000,0.1,100,3,100000000000,DCTCP
2000752685,5,0.5,10000,0.1,100,3,100000000000,DCTCP
2000754013,3,0.3,10000,0.1,100,3,100000000000,DCTCP
2000756503,4,0.4,10000,0.1,100,3,100000000000,DCTCP
2000756669,5,0.5,10000,0.1,100,3,100000000000,DCTCP
2000757997,2,0.2,10000,0.1,100,3,100000000000,DCTCP
2000759329,3,0.3,10000,0.1,100,3,100000000000,DCTCP
2000759910,4,0.4,10000,0.1,100,3,100000000000,DCTCP
2000759993,5,0.5,10000,0.1,100,3,100000000000,DCTCP
2000760321,2,0.2,10000,0.1,100,3,100000000000,DCTCP
2000761649,3,0.3,10000,0.1,100,3,100000000000,DCTCP
2000762977,4,0.4,10000,0.1,100,3,100000000000,DCTCP
2000764886,5,0.5,10000,0.1,100,3,100000000000,DCTCP
2000765633,2,0.2,10000,0.1,100,3,100000000000,DCTCP
2000766965,2,0.2,10000,0.1,100,3,100000000000,DCTCP
2000767293,3,0.3,10000,0.1,100,3,100000000000,DCTCP
2000769866,4,0.4,10000,0.1,100,3,100000000000,DCTCP
2000769949,5,0.5,10000,0.1,100,3,100000000000,DCTCP
2000771277,3,0.3,10000,0.1,100,3,100000000000,DCTCP
2000773767,4,0.4,10000,0.1,100,3,100000000000,DCTCP
2000773933,5,0.5,10000,0.1,100,3,100000000000,DCTCP
2000775261,2,0.2,10000,0.1,100,3,100000000000,DCTCP
2000776593,3,0.3,10000,0.1,100,3,100000000000,DCTCP
2000777174,4,0.4,10000,0.1,100,3,100000000000,DCTCP
2000777257,5,0.5,10000,0.1,100,3,100000000000,DCTCP
2000777585,2,0.2,10000,0.1,100,3,100000000000,DCTCP
2000778913,3,0.3,10000,0.1,100,3,100000000000,DCTCP
2000780241,4,0.4,10000,0.1,100,3,100000000000,DCTCP
2000782150,5,0.5,10000,0.1,100,3,100000000000,DCTCP
2000782897,2,0.2,10000,0.1,100,3,100000000000,DCTCP
2000784229,2,0.2,10000,0.1,100,3,100000000000,DCTCP
2000784557,3,0.3,10000,0.1,100,3,100000000000,DCTCP
2000787130,4,0.4,10000,0.1,100,3,100000000000,DCTCP
2000787213,5,0.5,10000,0.1,100,3,100000000000,DCTCP
2000788541,3,0.3,10000,0.1,100,3,100000000000,DCTCP
2000791031,4,0.4,10000,0.1,100,3,100000000000,DCTCP
2000791197,5,0.5,10000,0.1,100,3,100000000000,DCTCP
2000792525,2,0.2,10000,0.1,100,3,100000000000,DCTCP
2000793857,3,0.3,10000,0.1,100,3,100000000000,DCTCP
2000794438,4,0.4,10000,0.1,100,3,100000000000,DCTCP
2000794521,5,0.5,10000,0.1,100,3,100000000000,DCTCP
2000794849,2,0.2,10000,0.1,100,3,100000000000,DCTCP
2000796177,3,0.3,10000,0.1,100,3,100000000000,DCTCP
2000797505,4,0.4,10000,0.1,100,3,100000000000,DCTCP
2000799414,5,0.5,10000,0.1,100,3,100000000000,DCTCP
2000800161,2,0.2,10000,0.1,100,3,100000000000,DCTCP
2000801493,2,0.2,10000,0.1,100,3,100000000000,DCTCP
2000801821,3,0.3,10000,0.1,100,3,100000000000,DCTCP
2000804394,4,0.4,10000,0.1,100,3,100000000000,DCTCP
2000804477,5,0.5,10000,0.1,100,3,100000000000,DCTCP
2000805805,3,0.3,10000,0.1,100,3,100000000000,DCTCP
2000808295,4,0.4,10000,0.1,100,3,100000000000,DCTCP
2000808461,5,0.5,10000,0.1,100,3,100000000000,DCTCP
2000809789,2,0.2,10000,0.1,100,3,100000000000,DCTCP
2000811121,3,0.3,10000,0.1,100,3,100000000000,DCTCP
2000811702,4,0.4,10000,0.1,100,3,100000000000,DCTCP
2000811785,5,0.5,10000,0.1,100,3,100000000000,DCTCP
2000812113,2,0.2,10000,0.1,100,3,100000000000,DCTCP
2000813441,3,0.3,10000,0.1,100,3,100000000000,DCTCP
2000814769,4,0.4,10000,0.1,100,3,100000000000,DCTCP
2000816678,5,0.5,10000,0.1,100,3,100000000000,DCTCP
2000817425,2,0.2,10000,0.1,100,3,100000000000,DCTCP
2000818757,2,0.2,10000,0.1,100,3,100000000000,DCTCP
2000819085,3,0.3,10000,0.1,100,3,100000000000,DCTCP
2000821658,4,0.4,10000,0.1,100,3,100000000000,DCTCP
2000821741,5,0.5,10000,0.1,100,3,100000000000,DCTCP
2000823069,3,0.3,10000,0.1,100,3,100000000000,DCTCP
2000825559,4,0.4,10000,0.1,100,3,100000000000,DCTCP
2000825725,5,0.5,10000,0.1,100,3,100000000000,DCTCP
2000827053,2,0.2,10000,0.1,100,3,100000000000,DCTCP
2000828385,3,0.3,10000,0.1,100,3,100000000000,DCTCP
2000828966,4,0.4,10000,0.1,100,3,100000000000,DCTCP
2000829049,5,0.5,10000,0.1,100,3,100000000000,DCTCP
2000829377,2,0.2,10000,0.1,100,3,100000000000,DCTCP
2000830705,3,0.3,10000,0.1,100,3,100000000000,DCTCP
2000832033,4,0.4,10000,0.1,100,3,100000000000,DCTCP
2000833942,5,0.5,10000,0.1,100,3,100000000000,DCTCP
2000834689,2,0.2,10000,0.1,100,3,100000000000,DCTCP
2000836021,2,0.2,10000,0.1,100,3,100000000000,DCTCP
2000836349,3,0.3,10000,0.1,100,3,100000000000,DCTCP
2000838922,4,0.4,10000,0.1,100,3,100000000000,DCTCP
2000839005,5,0.5,10000,0.1,100,3,100000000000,DCTCP
2000840333,3,0.3,10000,0.1,100,3,100000000000,DCTCP
2000842823,4,0.4,10000,0.1,100,3,100000000000,DCTCP
2000842989,5,0.5,10000,0.1,100,3,100000000000,DCTCP
2000844317,2,0.2,10000,0.1,100,3,100000000000,DCTCP
2000845649,3,0.3,10000,0.1,100,3,100000000000,DCTCP
2000846230,4,0.4,10000,0.1,100,3,100000000000,DCTCP
2000846313,5,0.5,10000,0.1,100,3,100000000000,DCTCP
2000846641,2,0.2,10000,0.1,100,3,100000000000,DCTCP
2000847969,3,0.3,10000,0.1,100,3,100000000000,DCTCP
2000849297,4,0.4,10000,0.1,100,3,100000000000,DCTCP
2000851206,5,0.5,10000,0.1,100,3,100000000000,DCTCP
2000851953,2,0.2,10000,0.1,100,3,100000000000,DCTCP
2000853285,2,0.2,10000,0.1,100,3,100000000000,DCTCP
2000853613,3,0.3,10000,0.1,100,3,100000000000,DCTCP
2000856186,4,0.4,10000,0.1,100,3,100000000000,DCTCP
2000856269,5,0.5,10000,0.1,100,3,100000000000,DCTCP
2000857597,3,0.3,10000,0.1,100,3,100000000000,DCTCP
2000860087,4,0.4,10000,0.1,100,3,100000000000,DCTCP
2000860253,5,0.5,10000,0.1,100,3,100000000000,DCTCP
2000861581,2,0.2,10000,0.1,100,3,100000000000,DCTCP
2000862913,3,0.3,10000,0.1,100,3,100000000000,DCTCP
2000863494,4,0.4,10000,0.1,100,3,100000000000,DCTCP
2000863577,5,0.5,10000,0.1,100,3,100000000000,DCTCP
2000863905,2,0.2,10000,0.1,100,3,100000000000,DCTCP
2000865233,3,0.3,10000,0.1,100,3,100000000000,DCTCP
2000866561,4,0.4,10000,0.1,100,3,100000000000,DCTCP
2000868470,5,0.5,10000,0.1,100,3,100000000000,DCTCP
2000869217,2,0.2,10000,0.1,100,3,100000000000,DCTCP
2000870549,2,0.2,10000,0.1,100,3,100000000000,DCTCP
2000870877,3,0.3,10000,0.1,100,3,100000000000,DCTCP
2000873450,4,0.4,10000,0.1,100,3,100000000000,DCTCP
2000873533,5,0.5,10000,0.1,100,3,100000000000,DCTCP
2000874861,3,0.3,10000,0.1,100,3,100000000000,DCTCP
2000877351,4,0.4,10000,0.1,100,3,100000000000,DCTCP
2000877517,5,0.5,10000,0.1,100,3,100000000000,DCTCP
2000878845,2,0.2,10000,0.1,100,3,100000000000,DCTCP
2000880177,3,0.3,10000,0.1,100,3,100000000000,DCTCP
2000880758,4,0.4,10000,0.1,100,3,100000000000,DCTCP
2000880841,5,0.5,10000,0.1,100,3,100000000000,DCTCP
2000881169,2,0.2,10000,0.1,100,3,100000000000,DCTCP
2000882497,3,0.3,10000,0.1,100,3,100000000000,DCTCP
2000883825,4,0.4,10000,0.1,100,3,100000000000,DCTCP
2000885734,5,0.5,10000,0.1,100,3,100000000000,DCTCP
2000886481,2,0.2,10000,0.1,100,3,100000000000,DCTCP
2000887813,2,0.2,10000,0.1,100,3,100000000000,DCTCP
2000888141,3,0.3,10000,0.1,100,3,100000000000,DCTCP
2000890714,4,0.4,10000,0.1,100,3,100000000000,DCTCP
2000890797,5,0.5,10000,0.1,100,3,100000000000,DCTCP
2000892125,3,0.3,10000,0.1,100,3,100000000000,DCTCP
2000894615,4,0.4,10000,0.1,100,3,100000000000,DCTCP
2000894781,5,0.5,10000,0.1,100,3,100000000000,DCTCP
2000896109,2,0.2,10000,0.1,100,3,100000000000,DCTCP
2000897441,3,0.3,10000,0.1,100,3,100000000000,DCTCP
2000898022,4,0.4,10000,0.1,100,3,100000000000,DCTCP
2000898105,5,0.5,10000,0.1,100,3,100000000000,DCTCP
2000898433,2,0.2,10000,0.1,100,3,100000000000,DCTCP
2000899761,3,0.3,10000,0.1,100,3,100000000000,DCTCP
2000901089,4,0.4,10000,0.1,100,3,100000000000,DCTCP
2000902998,5,0.5,10000,0.1,100,3,100000000000,DCTCP
2000903745,2,0.2,10000,0.1,100,3,100000000000,DCTCP
2000905077,2,0.2,10000,0.1,100,3,100000000000,DCTCP
2000905405,3,0.3,10000,0.1,100,3,100000000000,DCTCP
2000907978,4,0.4,10000,0.1,100,3,100000000000,DCTCP
2000908061,5,0.5,10000,0.1,100,3,100000000000,DCTCP
2000909389,3,0.3,10000,0.1,100,3,100000000000,DCTCP
2000911879,4,0.4,10000,0.1,100,3,100000000000,DCTCP
2000912045,5,0.5,10000,0.1,100,3,100000000000,DCTCP
2000913373,2,0.2,10000,0.1,100,3,100000000000,DCTCP
2000914705,3,0.3,10000,0.1,100,3,100000000000,DCTCP
2000915286,4,0.4,10000,0.1,100,3,100000000000,DCTCP
2000915369,5,0.5,10000,0.1,100,3,100000000000,DCTCP
2000915697,2,0.2,10000,0.1,100,3,100000000000,DCTCP
2000917025,3,0.3,10000,0.1,100,3,100000000000,DCTCP
2000918353,4,0.4,10000,0.1,100,3,100000000000,DCTCP
2000920262,5,0.5,10000,0.1,100,3,100000000000,DCTCP
2000921009,2,0.2,10000,0.1,100,3,100000000000,DCTCP
2000922341,2,0.2,10000,0.1,100,3,100000000000,DCTCP
2000922669,3,0.3,10000,0.1,100,3,100000000000,DCTCP
2000925242,4,0.4,10000,0.1,100,3,100000000000,DCTCP
2000925325,5,0.5,10000,0.1,100,3,100000000000,DCTCP
2000926653,3,0.3,10000,0.1,100,3,100000000000,DCTCP
2000929143,4,0.4,10000,0.1,100,3,100000000000,DCTCP
2000929309,5,0.5,10000,0.1,100,3,100000000000,DCTCP
2000930637,2,0.2,10000,0.1,100,3,100000000000,DCTCP
2000931969,3,0.3,10000,0.1,100,3,100000000000,DCTCP
2000932550,4,0.4,10000,0.1,100,3,100000000000,DCTCP
2000932633,5,0.5,10000,0.1,100,3,100000000000,DCTCP
2000932961,2,0.2,10000,0.1,100,3,100000000000,DCTCP
2000934289,3,0.3,10000,0.1,100,3,100000000000,DCTCP
2000935617,4,0.4,10000,0.1,100,3,100000000000,DCTCP
2000937526,5,0.5,10000,0.1,100,3,100000000000,DCTCP
2000938273,2,0.2,10000,0.1,100,3,100000000000,DCTCP
2000939605,2,0.2,10000,0.1,100,3,100000000000,DCTCP
2000939933,3,0.3,10000,0.1,100,3,100000000000,DCTCP
2000942506,4,0.4,10000,0.1,100,3,100000000000,DCTCP
2000942589,5,0.5,10000,0.1,100,3,100000000000,DCTCP
2000943917,3,0.3,10000,0.1,100,3,100000000000,DCTCP
2000946407,4,0.4,10000,0.1,100,3,100000000000,DCTCP
2000946573,5,0.5,10000,0.1,100,3,100000000000,DCTCP
2000947901,2,0.2,10000,0.1,100,3,100000000000,DCTCP
2000949233,3,0.3,10000,0.1,100,3,100000000000,DCTCP
2000949814,4,0.4,10000,0.1,100,3,100000000000,DCTCP
2000949897,5,0.5,10000,0.1,100,3,100000000000,DCTCP
2000950225,2,0.2,10000,0.1,100,3,100000000000,DCTCP
2000951553,3,0.3,10000,0.1,100,3,100000000000,DCTCP
2000952881,4,0.4,10000,0.1,100,3,100000000000,DCTCP
2000954790,5,0.5,10000,0.1,100,3,100000000000,DCTCP
2000955537,2,0.2,10000,0.1,100,3,100000000000,DCTCP
2000956869,2,0.2,10000,0.1,100,3,100000000000,DCTCP
2000957197,3,0.3,10000,0.1,100,3,100000000000,DCTCP
2000959770,4,0.4,10000,0.1,100,3,100000000000,DCTCP
2000959853,5,0.5,10000,0.1,100,3,100000000000,DCTCP
2000961181,3,0.3,10000,0.1,100,3,100000000000,DCTCP
2000963671,4,0.4,10000,0.1,100,3,100000000000,DCTCP
2000963837,5,0.5,10000,0.1,100,3,100000000000,DCTCP
2000965165,2,0.2,10000,0.1,100,3,100000000000,DCTCP
2000966497,3,0.3,10000,0.1,100,3,100000000000,DCTCP
2000967078,4,0.4,10000,0.1,100,3,100000000000,DCTCP
2000967161,5,0.5,10000,0.1,100,3,100000000000,DCTCP
2000967489,2,0.2,10000,0.1,100,3,100000000000,DCTCP
2000968817,3,0.3,10000,0.1,100,3,100000000000,DCTCP
2000970145,4,0.4,10000,0.1,100,3,100000000000,DCTCP
2000972054,5,0.5,10000,0.1,100,3,100000000000,DCTCP
2000972801,2,0.2,10000,0.1,100,3,100000000000,DCTCP
2000974133,2,0.2,10000,0.1,100,3,100000000000,DCTCP
2000974461,3,0.3,10000,0.1,100,3,100000000000,DCTCP
2000977034,4,0.4,10000,0.1,100,3,100000000000,DCTCP
2000977117,5,0.5,10000,0.1,100,3,100000000000,DCTCP
2000978445,3,0.3,10000,0.1,100,3,100000000000,DCTCP
2000980935,4,0.4,10000,0.1,100,3,100000000000,DCTCP
2000981101,5,0.5,10000,0.1,100,3,100000000000,DCTCP
2000982429,2,0.2,10000,0.1,100,3,100000000000,DCTCP
2000983761,3,0.3,10000,0.1,100,3,100000000000,DCTCP
2000984342,4,0.4,10000,0.1,100,3,100000000000,DCTCP
2000984425,5,0.5,10000,0.1,100,3,100000000000,DCTCP
2000984753,2,0.2,10000,0.1,100,3,100000000000,DCTCP
2000986081,3,0.3,10000,0.1,100,3,100000000000,DCTCP
2000987409,4,0.4,10000,0.1,100,3,100000000000,DCTCP
2000989318,5,0.5,10000,0.1,100,3,100000000000,DCTCP
2000990065,2,0.2,10000,0.1,100,3,100000000000,DCTCP
2000991397,2,0.2,10000,0.1,100,3,100000000000,DCTCP
2000991725,3,0.3,10000,0.1,100,3,100000000000,DCTCP
2000994298,4,0.4,10000,0.1,100,3,100000000000,DCTCP
2000994381,5,0.5,10000,0.1,100,3,100000000000,DCTCP
2000995709,3,0.3,10000,0.1,100,3,100000000000,DCTCP
2000998199,4,0.4,10000,0.1,100,3,100000000000,DCTCP
2000998365,5,0.5,10000,0.1,100,3,100000000000,DCTCP
2000999693,2,0.2,10000,0.1,100,3,100000000000,DCTCP
2001001025,3,0.3,10000,0.1,100,3,100000000000,DCTCP
2001001606,4,0.4,10000,0.1,100,3,100000000000,DCTCP
2001001689,5,0.5,10000,0.1,100,3,100000000000,DCTCP
2001002017,2,0.2,10000,0.1,100,3,100000000000,DCTCP
2001003345,3,0.3,10000,0.1,100,3,100000000000,DCTCP
2001004673,4,0.4,10000,0.1,100,3,100000000000,DCTCP
2001006582,5,0.5,10000,0.1,100,3,100000000000,DCTCP
2001007329,2,0.2,10000,0.1,100,3,100000000000,DCTCP
2001008661,2,0.2,10000,0.1,100,3,100000000000,DCTCP
2001008989,3,0.3,10000,0.1,100,3,100000000000,DCTCP
2001011562,4,0.4,10000,0.1,100,3,100000000000,DCTCP
2001011645,5,0.5,10000,0.1,100,3,100000000000,DCTCP
2001012973,3,0.3,10000,0.1,100,3,100000000000,DCTCP
2001015463,4,0.4,10000,0.1,100,3,100000000000,DCTCP
2001015629,5,0.5,10000,0.1,100,3,100000000000,DCTCP
2001016957,2,0.2,10000,0.1,100,3,100000000000,DCTCP
2001018289,3,0.3,10000,0.1,100,3,100000000000,DCTCP
2001018870,4,0.4,10000,0.1,100,3,100000000000,DCTCP
2001018953,5,0.5,10000,0.1,100,3,100000000000,DCTCP
2001019281,2,0.2,10000,0.1,100,3,100000000000,DCTCP
2001020609,3,0.3,10000,0.1,100,3,100000000000,DCTCP
2001021937,4,0.4,10000,0.1,100,3,100000000000,DCTCP
2001023846,5,0.5,10000,0.1,100,3,100000000000,DCTCP
2001024593,2,0.2,10000,0.1,100,3,100000000000,DCTCP
2001025925,2,0.2,10000,0.1,100,3,100000000000,DCTCP
2001026253,3,0.3,10000,0.1,100,3,100000000000,DCTCP
2001028826,4,0.4,10000,0.1,100,3,100000000000,DCTCP
2001028909,5,0.5,10000,0.1,100,3,100000000000,DCTCP
2001030237,3,0.3,10000,0.1,100,3,100000000000,DCTCP
2001032727,4,0.4,10000,0.1,100,3,100000000000,DCTCP
2001032893,5,0.5,10000,0.1,100,3,100000000000,DCTCP
2001034221,2,0.2,10000,0.1,100,3,100000000000,DCTCP
2001035553,3,0.3,10000,0.1,100,3,100000000000,DCTCP
2001036134,4,0.4,10000,0.1,100,3,100000000000,DCTCP
2001036217,5,0.5,10000,0.1,100,3,100000000000,DCTCP
2001036545,2,0.2,10000,0.1,100,3,100000000000,DCTCP
2001037873,3,0.3,10000,0.1,100,3,100000000000,DCTCP
2001039201,4,0.4,10000,0.1,100,3,100000000000,DCTCP
2001041110,5,0.5,10000,0.1,100,3,100000000000,DCTCP
2001041857,2,0.2,10000,0.1,100,3,100000000000,DCTCP
2001043189,2,0.2,10000,0.1,100,3,100000000000,DCTCP
2001043517,3,0.3,10000,0.1,100,3,100000000000,DCTCP
2001046090,4,0.4,10000,0.1,100,3,100000000000,DCTCP
2001046173,5,0.5,10000,0.1,100,3,100000000000,DCTCP
2001047501,3,0.3,10000,0.1,100,3,100000000000,DCTCP
2001049991,4,0.4,10000,0.1,100,3,100000000000,DCTCP
2001050157,5,0.5,10000,0.1,100,3,100000000000,DCTCP
2001051485,2,0.2,10000,0.1,100,3,100000000000,DCTCP
2001052817,3,0.3,10000,0.1,100,3,100000000000,DCTCP
2001053398,4,0.4,10000,0.1,100,3,100000000000,DCTCP
2001053481,5,0.5,10000,0.1,100,3,100000000000,DCTCP
2001053809,2,0.2,10000,0.1,100,3,100000000000,DCTCP
2001055137,3,0.3,10000,0.1,100,3,100000000000,DCTCP
2001056465,4,0.4,10000,0.1,100,3,100000000000,DCTCP
2001058374,5,0.5,10000,0.1,100,3,100000000000,DCTCP
2001059121,2,0.2,10000,0.1,100,3,100000000000,DCTCP
2001060453,2,0.2,10000,0.1,100,3,100000000000,DCTCP
2001060781,3,0.3,10000,0.1,100,3,100000000000,DCTCP
2001063354,4,0.4,10000,0.1,100,3,100000000000,DCTCP
2001063437,5,0.5,10000,0.1,100,3,100000000000,DCTCP
2001064765,3,0.3,10000,0.1,100,3,100000000000,DCTCP
2001067255,4,0.4,10000,0.1,100,3,100000000000,DCTCP
2001067421,5,0.5,10000,0.1,100,3,100000000000,DCTCP
2001068749,2,0.2,10000,0.1,100,3,100000000000,DCTCP
2001070081,3,0.3,10000,0.1,100,3,100000000000,DCTCP
2001070662,4,0.4,10000,0.1,100,3,100000000000,DCTCP
2001070745,5,0.5,10000,0.1,100,3,100000000000,DCTCP
2001071073,2,0.2,10000,0.1,100,3,100000000000,DCTCP
2001072401,3,0.3,10000,0.1,100,3,100000000000,DCTCP
2001073729,4,0.4,10000,0.1,100,3,100000000000,DCTCP
2001075638,5,0.5,10000,0.1,100,3,100000000000,DCTCP
2001076385,2,0.2,10000,0.1,100,3,100000000000,DCTCP
2001077717,2,0.2,10000,0.1,100,3,100000000000,DCTCP
2001078045,3,0.3,10000,0.1,100,3,100000000000,DCTCP
2001080618,4,0.4,10000,0.1,100,3,100000000000,DCTCP
2001080701,5,0.5,10000,0.1,100,3,100000000000,DCTCP
2001082029,3,0.3,10000,0.1,100,3,100000000000,DCTCP
2001084519,4,0.4,10000,0.1,100,3,100000000000,DCTCP
2001084685,5,0.5,10000,0.1,100,3,100000000000,DCTCP
2001086013,2,0.2,10000,0.1,100,3,100000000000,DCTCP
2001087345,3,0.3,10000,0.1,100,3,100000000000,DCTCP
2001087926,4,0.4,10000,0.1,100,3,100000000000,DCTCP
2001088009,5,0.5,10000,0.1,100,3,100000000000,DCTCP
2001088337,2,0.2,10000,0.1,100,3,100000000000,DCTCP
2001089665,3,0.3,10000,0.1,100,3,100000000000,DCTCP
2001090993,4,0.4,10000,0.1,100,3,100000000000,DCTCP
2001092902,5,0.5,10000,0.1,100,3,100000000000,DCTCP
2001093649,2,0.2,10000,0.1,100,3,100000000000,DCTCP
2001094981,2,0.2,10000,0.1,100,3,100000000000,DCTCP
2001095309,3,0.3,10000,0.1,100,3,100000000000,DCTCP
2001097882,4,0.4,10000,0.1,100,3,100000000000,DCTCP
2001097965,5,0.5,10000,0.1,100,3,100000000000,DCTCP
2001099293,3,0.3,10000,0.1,100,3,100000000000,DCTCP
2001101783,4,0.4,10000,0.1,100,3,100000000000,DCTCP
2001101949,5,0.5,10000,0.1,100,3,100000000000,DCTCP
2001103277,2,0.2,10000,0.1,100,3,100000000000,DCTCP
2001104609,3,0.3,10000,0.1,100,3,100000000000,DCTCP
2001105190,4,0.4,10000,0.1,100,3,100000000000,DCTCP
2001105273,5,0.5,10000,0.1,100,3,100000000000,DCTCP
2001105601,2,0.2,10000,0.1,100,3,100000000000,DCTCP
2001106929,3,0.3,10000,0.1,100,3,100000000000,DCTCP
2001108257,4,0.4,10000,0.1,100,3,100000000000,DCTCP
2001110166,5,0.5,10000,0.1,100,3,100000000000,DCTCP
2001110913,2,0.2,10000,0.1,100,3,100000000000,DCTCP
2001112245,2,0.2,10000,0.1,100,3,100000000000,DCTCP
2001112573,3,0.3,10000,0.1,100,3,100000000000,DCTCP
2001115146,4,0.4,10000,0.1,100,3,100000000000,DCTCP
2001115229,5,0.5,10000,0.1,100,3,100000000000,DCTCP
2001116557,3,0.3,10000,0.1,100,3,100000000000,DCTCP
2001119047,4,0.4,10000,0.1,100,3,100000000000,DCTCP
2001119213,5,0.5,10000,0.1,100,3,100000000000,DCTCP
2001120541,2,0.2,10000,0.1,100,3,100000000000,DCTCP
2001121873,3,0.3,10000,0.1,100,3,100000000000,DCTCP
2001122454,4,0.4,10000,0.1,100,3,100000000000,DCTCP
2001122537,5,0.5,10000,0.1,100,3,100000000000,DCTCP
2001122865,2,0.2,10000,0.1,100,3,100000000000,DCTCP
2001124193,3,0.3,10000,0.1,100,3,100000000000,DCTCP
2001125521,4,0.4,10000,0.1,100,3,100000000000,DCTCP
2001127430,5,0.5,10000,0.1,100,3,100000000000,DCTCP
2001128177,2,0.2,10000,0.1,100,3,100000000000,DCTCP
2001129509,2,0.2,10000,0.1,100,3,100000000000,DCTCP
2001129837,3,0.3,10000,0.1,100,3,100000000000,DCTCP
2001132410,4,0.4,10000,0.1,100,3,100000000000,DCTCP
2001132493,5,0.5,10000,0.1,100,3,100000000000,DCTCP
2001133821,3,0.3,10000,0.1,100,3,100000000000,DCTCP
2001136311,4,0.4,10000,0.1,100,3,100000000000,DCTCP
2001136477,5,0.5,10000,0.1,100,3,100000000000,DCTCP
2001137805,2,0.2,10000,0.1,100,3,100000000000,DCTCP
2001139137,3,0.3,10000,0.1,100,3,100000000000,DCTCP
2001139718,4,0.4,10000,0.1,100,3,100000000000,DCTCP
2001139801,5,0.5,10000,0.1,100,3,100000000000,DCTCP
2001140129,2,0.2,10000,0.1,100,3,100000000000,DCTCP
2001141457,3,0.3,10000,0.1,100,3,100000000000,DCTCP
2001142785,4,0.4,10000,0.1,100,3,100000000000,DCTCP
2001144694,5,0.5,10000,0.1,100,3,100000000000,DCTCP
2001145441,2,0.2,10000,0.1,100,3,100000000000,DCTCP
2001146773,2,0.2,10000,0.1,100,3,100000000000,DCTCP
2001147101,3,0.3,10000,0.1,100,3,100000000000,DCTCP
2001149674,4,0.4,10000,0.1,100,3,100000000000,DCTCP
2001149757,5,0.5,10000,0.1,100,3,100000000000,DCTCP
2001151085,3,0.3,10000,0.1,100,3,100000000000,DCTCP
2001153575,4,0.4,10000,0.1,100,3,100000000000,DCTCP
2001153741,5,0.5,10000,0.1,100,3,100000000000,DCTCP
2001155069,2,0.2,10000,0.1,100,3,100000000000,DCTCP
2001156401,3,0.3,10000,0.1,100,3,100000000000,DCTCP
2001156982,4,0.4,10000,0.1,100,3,100000000000,DCTCP
2001157065,5,0.5,10000,0.1,100,3,100000000000,DCTCP
2001157393,2,0.2,10000,0.1,100,3,100000000000,DCTCP
2001158721,3,0.3,10000,0.1,100,3,100000000000,DCTCP
2001160049,4,0.4,10000,0.1,100,3,100000000000,DCTCP
2001161958,5,0.5,10000,0.1,100,3,100000000000,DCTCP
2001162705,2,0.2,10000,0.1,100,3,100000000000,DCTCP
2001164037,2,0.2,10000,0.1,100,3,100000000000,DCTCP
2001164365,3,0.3,10000,0.1,100,3,100000000000,DCTCP
2001166938,4,0.4,10000,0.1,100,3,100000000000,DCTCP
2001167021,5,0.5,10000,0.1,100,3,100000000000,DCTCP
2001168349,3,0.3,10000,0.1,100,3,100000000000,DCTCP
2001170839,4,0.4,10000,0.1,100,3,100000000000,DCTCP
2001171005,5,0.5,10000,0.1,100,3,100000000000,DCTCP
2001172333,2,0.2,10000,0.1,100,3,100000000000,DCTCP
2001173665,3,0.3,10000,0.1,100,3,100000000000,DCTCP
2001174246,4,0.4,10000,0.1,100,3,100000000000,DCTCP
2001174329,5,0.5,10000,0.1,100,3,100000000000,DCTCP
2001174657,2,0.2,10000,0.1,100,3,100000000000,DCTCP
2001175985,3,0.3,10000,0.1,100,3,100000000000,DCTCP
2001177313,4,0.4,10000,0.1,100,3,100000000000,DCTCP
2001179222,5,0.5,10000,0.1,100,3,100000000000,DCTCP
2001179969,2,0.2,10000,0.1,100,3,100000000000,DCTCP
2001181301,2,0.2,10000,0.1,100,3,100000000000,DCTCP
2001181629,3,0.3,10000,0.1,100,3,100000000000,DCTCP
2001184202,4,0.4,10000,0.1,100,3,100000000000,DCTCP
2001184285,5,0.5,10000,0.1,100,3,100000000000,DCTCP
2001185613,3,0.3,10000,0.1,100,3,100000000000,DCTCP
2001188103,4,0.4,10000,0.1,100,3,100000000000,DCTCP
2001188269,5,0.5,10000,0.1,100,3,100000000000,DCTCP
2001189597,2,0.2,10000,0.1,100,3,100000000000,DCTCP
2001190929,3,0.3,10000,0.1,100,3,100000000000,DCTCP
2001191510,4,0.4,10000,0.1,100,3,100000000000,DCTCP
2001191593,5,0.5,10000,0.1,100,3,100000000000,DCTCP
2001191921,2,0.2,10000,0.1,100,3,100000000000,DCTCP
2001193249,3,0.3,10000,0.1,100,3,100000000000,DCTCP
2001194577,4,0.4,10000,0.1,100,3,100000000000,DCTCP
2001196486,5,0.5,10000,0.1,100,3,100000000000,DCTCP
2001197233,2,0.2,10000,0.1,100,3,100000000000,DCTCP
2001198565,2,0.2,10000,0.1,100,3,100000000000,DCTCP
2001198893,3,0.3,10000,0.1,100,3,100000000000,DCTCP
2001201466,4,0.4,10000,0.1,100,3,100000000000,DCTCP
2001201549,5,0.5,10000,0.1,100,3,100000000000,DCTCP
2001202877,3,0.3,10000,0.1,100,3,100000000000,DCTCP
2001205367,4,0.4,10000,0.1,100,3,100000000000,DCTCP
2001205533,5,0.5,10000,0.1,100,3,100000000000,DCTCP
2001206861,2,0.2,10000,0.1,100,3,100000000000,DCTCP
2001208193,3,0.3,10000,0.1,100,3,100000000000,DCTCP
2001208774,4,0.4,10000,0.1,100,3,100000000000,DCTCP
2001208857,5,0.5,10000,0.1,100,3,100000000000,DCTCP
2001209185,2,0.2,10000,0.1,100,3,100000000000,DCTCP
2001210513,3,0.3,10000,0.1,100,3,100000000000,DCTCP
2001211841,4,0.4,10000,0.1,100,3,100000000000,DCTCP
2001213750,5,0.5,10000,0.1,100,3,100000000000,DCTCP
2001214497,2,0.2,10000,0.1,100,3,100000000000,DCTCP
2001215829,2,0.2,10000,0.1,100,3,100000000000,DCTCP
2001216157,3,0.3,10000,0.1,100,3,100000000000,DCTCP
2001218730,4,0.4,10000,0.1,100,3,100000000000,DCTCP
2001218813,5,0.5,10000,0.1,100,3,100000000000,DCTCP
2001220141,3,0.3,10000,0.1,100,3,100000000000,DCTCP
2001222631,4,0.4,10000,0.1,100,3,100000000000,DCTCP
2001222797,5,0.5,10000,0.1,100,3,100000000000,DCTCP
2001224125,2,0.2,10000,0.1,100,3,100000000000,DCTCP
2001225457,3,0.3,10000,0.1,100,3,100000000000,DCTCP
2001226038,4,0.4,10000,0.1,100,3,100000000000,DCTCP
2001226121,5,0.5,10000,0.1,100,3,100000000000,DCTCP
2001226449,2,0.2,10000,0.1,100,3,100000000000,DCTCP
2001227777,3,0.3,10000,0.1,100,3,100000000000,DCTCP
2001229105,4,0.4,10000,0.1,100,3,100000000000,DCTCP
2001231014,5,0.5,10000,0.1,100,3,100000000000,DCTCP
2001231761,2,0.2,10000,0.1,100,3,100000000000,DCTCP
2001233093,2,0.2,10000,0.1,100,3,100000000000,DCTCP
2001233421,3,0.3,10000,0.1,100,3,100000000000,DCTCP
2001235994,4,0.4,10000,0.1,100,3,100000000000,DCTCP
2001236077,5,0.5,10000,0.1,100,3,100000000000,DCTCP
2001237405,3,0.3,10000,0.1,100,3,100000000000,DCTCP
2001239895,4,0.4,10000,0.1,100,3,100000000000,DCTCP
2001240061,5,0.5,10000,0.1,100,3,100000000000,DCTCP
2001241389,2,0.2,10000,0.1,100,3,100000000000,DCTCP
2001242721,3,0.3,10000,0.1,100,3,100000000000,DCTCP
2001243302,4,0.4,10000,0.1,100,3,100000000000,DCTCP
2001243385,5,0.5,10000,0.1,100,3,100000000000,DCTCP
2001243713,2,0.2,10000,0.1,100,3,100000000000,DCTCP
2001245041,3,0.3,10000,0.1,100,3,100000000000,DCTCP
2001246369,4,0.4,10000,0.1,100,3,100000000000,DCTCP
2001248278,5,0.5,10000,0.1,100,3,100000000000,DCTCP
2001249025,2,0.2,10000,0.1,100,3,100000000000,DCTCP
2001250357,2,0.2,10000,0.1,100,3,100000000000,DCTCP
2001250685,3,0.3,10000,0.1,100,3,100000000000,DCTCP
2001253258,4,0.4,10000,0.1,100,3,100000000000,DCTCP
2001253341,5,0.5,10000,0.1,100,3,100000000000,DCTCP
2001254669,3,0.3,10000,0.1,100,3,100000000000,DCTCP
2001257159,4,0.4,10000,0.1,100,3,100000000000,DCTCP
2001257325,5,0.5,10000,0.1,100,3,100000000000,DCTCP
2001258653,2,0.2,10000,0.1,100,3,100000000000,DCTCP
2001259985,3,0.3,10000,0.1,100,3,100000000000,DCTCP
2001260566,4,0.4,10000,0.1,100,3,100000000000,DCTCP
2001260649,5,0.5,10000,0.1,100,3,100000000000,DCTCP
2001260977,2,0.2,10000,0.1,100,3,100000000000,DCTCP
2001262305,3,0.3,10000,0.1,100,3,100000000000,DCTCP
2001263633,4,0.4,10000,0.1,100,3,100000000000,DCTCP
2001265542,5,0.5,10000,0.1,100,3,100000000000,DCTCP
2001266289,2,0.2,10000,0.1,100,3,100000000000,DCTCP
2001267621,2,0.2,10000,0.1,100,3,100000000000,DCTCP
2001267949,3,0.3,10000,0.1,100,3,100000000000,DCTCP
2001270522,4,0.4,10000,0.1,100,3,100000000000,DCTCP
2001270605,5,0.5,10000,0.1,100,3,100000000000,DCTCP
2001271933,3,0.3,10000,0.1,100,3,100000000000,DCTCP
2001274423,4,0.4,10000,0.1,100,3,100000000000,DCTCP
2001274589,5,0.5,10000,0.1,100,3,100000000000,DCTCP
2001275917,2,0.2,10000,0.1,100,3,100000000000,DCTCP
2001277249,3,0.3,10000,0.1,100,3,100000000000,DCTCP
2001277830,4,0.4,10000,0.1,100,3,100000000000,DCTCP
2001277913,5,0.5,10000,0.1,100,3,100000000000,DCTCP
2001278241,2,0.2,10000,0.1,100,3,100000000000,DCTCP
2001279569,3,0.3,10000,0.1,100,3,100000000000,DCTCP
2001280897,4,0.4,10000,0.1,100,3,100000000000,DCTCP
2001282806,5,0.5,10000,0.1,100,3,100000000000,DCTCP
2001283553,2,0.2,10000,0.1,100,3,100000000000,DCTCP
2001284885,2,0.2,10000,0.1,100,3,100000000000,DCTCP
2001285213,3,0.3,10000,0.1,100,3,100000000000,DCTCP
2001287786,4,0.4,10000,0.1,100,3,100000000000,DCTCP
2001287869,5,0.5,10000,0.1,100,3,100000000000,DCTCP
2001289197,3,0.3,10000,0.1,100,3,100000000000,DCTCP
2001291687,4,0.4,10000,0.1,100,3,100000000000,DCTCP
2001291853,5,0.5,10000,0.1,100,3,100000000000,DCTCP
2001293181,2,0.2,10000,0.1,100,3,100000000000,DCTCP
2001294513,3,0.3,10000,0.1,100,3,100000000000,DCTCP
2001295094,4,0.4,10000,0.1,100,3,100000000000,DCTCP
2001295177,5,0.5,10000,0.1,100,3,100000000000,DCTCP
2001295505,2,0.2,10000,0.1,100,3,100000000000,DCTCP
2001296833,3,0.3,10000,0.1,100,3,100000000000,DCTCP
2001298161,4,0.4,10000,0.1,100,3,100000000000,DCTCP
2001300070,5,0.5,10000,0.1,100,3,100000000000,DCTCP
2001300817,2,0.2,10000,0.1,100,3,100000000000,DCTCP
2001302149,2,0.2,10000,0.1,100,3,100000000000,DCTCP
2001302477,3,0.3,10000,0.1,100,3,100000000000,DCTCP
2001305050,4,0.4,10000,0.1,100,3,100000000000,DCTCP
2001305133,5,0.5,10000,0.1,100,3,100000000000,DCTCP
2001306461,3,0.3,10000,0.1,100,3,100000000000,DCTCP
2001308951,4,0.4,10000,0.1,100,3,100000000000,DCTCP
2001309117,5,0.5,10000,0.1,100,3,100000000000,DCTCP
2001310445,2,0.2,10000,0.1,100,3,100000000000,DCTCP
2001311777,3,0.3,10000,0.1,100,3,100000000000,DCTCP
2001312358,4,0.4,10000,0.1,100,3,100000000000,DCTCP
2001312441,5,0.5,10000,0.1,100,3,100000000000,DCTCP
2001312769,2,0.2,10000,0.1,100,3,100000000000,DCTCP
2001314097,3,0.3,10000,0.1,100,3,100000000000,DCTCP
2001315425,4,0.4,10000,0.1,100,3,100000000000,DCTCP
2001317334,5,0.5,10000,0.1,100,3,100000000000,DCTCP
2001318081,2,0.2,10000,0.1,100,3,100000000000,DCTCP
2001319413,2,0.2,10000,0.1,100,3,100000000000,DCTCP
2001319741,3,0.3,10000,0.1,100,3,100000000000,DCTCP
2001322314,4,0.4,10000,0.1,100,3,100000000000,DCTCP
2001322397,5,0.5,10000,0.1,100,3,100000000000,DCTCP
2001323725,3,0.3,10000,0.1,100,3,100000000000,DCTCP
2001326215,4,0.4,10000,0.1,100,3,100000000000,DCTCP
2001326381,5,0.5,10000,0.1,100,3,100000000000,DCTCP
2001327709,2,0.2,10000,0.1,100,3,100000000000,DCTCP
2001329041,3,0.3,10000,0.1,100,3,100000000000,DCTCP
2001329622,4,0.4,10000,0.1,100,3,100000000000,DCTCP
2001329705,5,0.5,10000,0.1,100,3,100000000000,DCTCP
2001330033,2,0.2,10000,0.1,100,3,100000000000,DCTCP
2001331361,3,0.3,10000,0.1,100,3,100000000000,DCTCP
2001332689,4,0.4,10000,0.1,100,3,100000000000,DCTCP
2001334598,5,0.5,10000,0.1,100,3,100000000000,DCTCP
2001335345,2,0.2,10000,0.1,100,3,100000000000,DCTCP
2001336677,2,0.2,10000,0.1,100,3,100000000000,DCTCP
2001337005,3,0.3,10000,0.1,100,3,100000000000,DCTCP
2001339578,4,0.4,10000,0.1,100,3,100000000000,DCTCP
2001339661,5,0.5,10000,0.1,100,3,100000000000,DCTCP
2001340989,3,0.3,10000,0.1,100,3,100000000000,DCTCP
2001343479,4,0.4,10000,0.1,100,3,100000000000,DCTCP
2001343645,5,0.5,10000,0.1,100,3,100000000000,DCTCP
2001344973,2,0.2,10000,0.1,100,3,100000000000,DCTCP
2001346305,3,0.3,10000,0.1,100,3,100000000000,DCTCP
2001346886,4,0.4,10000,0.1,100,3,100000000000,DCTCP
2001346969,5,0.5,10000,0.1,100,3,100000000000,DCTCP
2001347297,2,0.2,10000,0.1,100,3,100000000000,DCTCP
2001348625,3,0.3,10000,0.1,100,3,100000000000,DCTCP
2001349953,4,0.4,10000,0.1,100,3,100000000000,DCTCP
2001351862,5,0.5,10000,0.1,100,3,100000000000,DCTCP
2001352609,2,0.2,10000,0.1,100,3,100000000000,DCTCP
2001353941,2,0.2,10000,0.1,100,3,100000000000,DCTCP
2001354269,3,0.3,10000,0.1,100,3,100000000000,DCTCP
2001356842,4,0.4,10000,0.1,100,3,100000000000,DCTCP
2001356925,5,0.5,10000,0.1,100,3,100000000000,DCTCP
2001358253,3,0.3,10000,0.1,100,3,100000000000,DCTCP
2001360743,4,0.4,10000,0.1,100,3,100000000000,DCTCP
2001360909,5,0.5,10000,0.1,100,3,100000000000,DCTCP
2001362237,2,0.2,10000,0.1,100,3,100000000000,DCTCP
2001363569,3,0.3,10000,0.1,100,3,100000000000,DCTCP
2001364150,4,0.4,10000,0.1,100,3,100000000000,DCTCP
2001364233,5,0.5,10000,0.1,100,3,100000000000,DCTCP
2001364561,2,0.2,10000,0.1,100,3,100000000000,DCTCP
2001365889,3,0.3,10000,0.1,100,3,100000000000,DCTCP
2001367217,4,0.4,10000,0.1,100,3,100000000000,DCTCP
2001369126,5,0.5,10000,0.1,100,3,100000000000,DCTCP
2001369873,2,0.2,10000,0.1,100,3,100000000000,DCTCP
2001371205,2,0.2,10000,0.1,100,3,100000000000,DCTCP
2001371533,3,0.3,10000,0.1,100,3,100000000000,DCTCP
2001374106,4,0.4,10000,0.1,100,3,100000000000,DCTCP
2001374189,5,0.5,10000,0.1,100,3,100000000000,DCTCP
2001375517,3,0.3,10000,0.1,100,3,100000000000,DCTCP
2001378007,4,0.4,10000,0.1,100,3,100000000000,DCTCP
2001378173,5,0.5,10000,0.1,100,3,100000000000,DCTCP
2001379501,2,0.2,10000,0.1,100,3,100000000000,DCTCP
2001380833,3,0.3,10000,0.1,100,3,100000000000,DCTCP
2001381414,4,0.4,10000,0.1,100,3,100000000000,DCTCP
2001381497,5,0.5,10000,0.1,100,3,100000000000,DCTCP
2001381825,2,0.2,10000,0.1,100,3,100000000000,DCTCP
2001383153,3,0.3,10000,0.1,100,3,100000000000,DCTCP
2001384481,4,0.4,10000,0.1,100,3,100000000000,DCTCP
2001386390,5,0.5,10000,0.1,100,3,100000000000,DCTCP
2001387137,2,0.2,10000,0.1,100,3,100000000000,DCTCP
2001388469,2,0.2,10000,0.1,100,3,100000000000,DCTCP
2001388797,3,0.3,10000,0.1,100,3,100000000000,DCTCP
2001391370,4,0.4,10000,0.1,100,3,100000000000,DCTCP
2001391453,5,0.5,10000,0.1,100,3,100000000000,DCTCP
2001392781,3,0.3,10000,0.1,100,3,100000000000,DCTCP
2001395271,4,0.4,10000,0.1,100,3,100000000000,DCTCP
2001395437,5,0.5,10000,0.1,100,3,100000000000,DCTCP
2001396765,2,0.2,10000,0.1,100,3,100000000000,DCTCP
2001398097,3,0.3,10000,0.1,100,3,100000000000,DCTCP
2001398678,4,0.4,10000,0.1,100,3,100000000000,DCTCP
2001398761,5,0.5,10000,0.1,100,3,100000000000,DCTCP
2001399089,2,0.2,10000,0.1,100,3,100000000000,DCTCP
2001400417,3,0.3,10000,0.1,100,3,100000000000,DCTCP
2001401745,4,0.4,10000,0.1,100,3,100000000000,DCTCP
2001403654,5,0.5,10000,0.1,100,3,100000000000,DCTCP
2001404401,2,0.2,10000,0.1,100,3,100000000000,DCTCP
2001405733,2,0.2,10000,0.1,100,3,100000000000,DCTCP
2001406061,3,0.3,10000,0.1,100,3,100000000000,DCTCP
2001408634,4,0.4,10000,0.1,100,3,100000000000,DCTCP
2001408717,5,0.5,10000,0.1,100,3,100000000000,DCTCP
2001410045,3,0.3,10000,0.1,100,3,100000000000,DCTCP
2001412535,4,0.4,10000,0.1,100,3,100000000000,DCTCP
2001412701,5,0.5,10000,0.1,100,3,100000000000,DCTCP
2001414029,2,0.2,10000,0.1,100,3,100000000000,DCTCP
2001415361,3,0.3,10000,0.1,100,3,100000000000,DCTCP
2001415942,4,0.4,10000,0.1,100,3,100000000000,DCTCP
2001416025,5,0.5,10000,0.1,100,3,100000000000,DCTCP
2001416353,2,0.2,10000,0.1,100,3,100000000000,DCTCP
2001417681,3,0.3,10000,0.1,100,3,100000000000,DCTCP
2001419009,4,0.4,10000,0.1,100,3,100000000000,DCTCP
2001420918,5,0.5,10000,0.1,100,3,100000000000,DCTCP
2001421665,2,0.2,10000,0.1,100,3,100000000000,DCTCP
2001422997,2,0.2,10000,0.1,100,3,100000000000,DCTCP
2001423325,3,0.3,10000,0.1,100,3,100000000000,DCTCP
2001425898,4,0.4,10000,0.1,100,3,100000000000,DCTCP
2001425981,5,0.5,10000,0.1,100,3,100000000000,DCTCP
2001427309,3,0.3,10000,0.1,100,3,100000000000,DCTCP
2001429799,4,0.4,10000,0.1,100,3,100000000000,DCTCP
2001429965,5,0.5,10000,0.1,100,3,100000000000,DCTCP
2001431293,2,0.2,10000,0.1,100,3,100000000000,DCTCP
2001432625,3,0.3,10000,0.1,100,3,100000000000,DCTCP
2001433206,4,0.4,10000,0.1,100,3,100000000000,DCTCP
2001433289,5,0.5,10000,0.1,100,3,100000000000,DCTCP
2001433617,2,0.2,10000,0.1,100,3,100000000000,DCTCP
2001434945,3,0.3,10000,0.1,100,3,100000000000,DCTCP
2001436273,4,0.4,10000,0.1,100,3,100000000000,DCTCP
2001438182,5,0.5,10000,0.1,100,3,100000000000,DCTCP
2001438929,2,0.2,10000,0.1,100,3,100000000000,DCTCP
2001440261,2,0.2,10000,0.1,100,3,100000000000,DCTCP
2001440589,3,0.3,10000,0.1,100,3,100000000000,DCTCP
2001443162,4,0.4,10000,0.1,100,3,100000000000,DCTCP
2001443245,5,0.5,10000,0.1,100,3,100000000000,DCTCP
2001444573,3,0.3,10000,0.1,100,3,100000000000,DCTCP
2001447063,4,0.4,10000,0.1,100,3,100000000000,DCTCP
2001447229,5,0.5,10000,0.1,100,3,100000000000,DCTCP
2001448893,2,0.2,10000,0.1,100,3,100000000000,DCTCP
2001449806,4,0.4,10000,0.1,100,3,100000000000,DCTCP
2001449885,3,0.3,10000,0.1,100,3,100000000000,DCTCP
2001449889,5,0.5,10000,0.1,100,3,100000000000,DCTCP
2001451217,3,0.3,10000,0.1,100,3,100000000000,DCTCP
2001451545,4,0.4,10000,0.1,100,3,100000000000,DCTCP
2001452873,5,0.5,10000,0.1,100,3,100000000000,DCTCP
2001454201,3,0.3,10000,0.1,100,3,100000000000,DCTCP
2001456774,4,0.4,10000,0.1,100,3,100000000000,DCTCP
2001456857,5,0.5,10000,0.1,100,3,100000000000,DCTCP
2001458185,3,0.3,10000,0.1,100,3,100000000000,DCTCP
2001460675,4,0.4,10000,0.1,100,3,100000000000,DCTCP
2001460841,5,0.5,10000,0.1,100,3,100000000000,DCTCP
2001462671,4,0.4,10000,0.1,100,3,100000000000,DCTCP
2001462833,3,0.3,10000,0.1,100,3,100000000000,DCTCP
2001462837,5,0.5,10000,0.1,100,3,100000000000,DCTCP
2001464165,3,0.3,10000,0.1,100,3,100000000000,DCTCP
2001464493,4,0.4,10000,0.1,100,3,100000000000,DCTCP
2001465821,5,0.5,10000,0.1,100,3,100000000000,DCTCP
2001467149,3,0.3,10000,0.1,100,3,100000000000,DCTCP
2001469722,4,0.4,10000,0.1,100,3,100000000000,DCTCP
2001469805,5,0.5,10000,0.1,100,3,100000000000,DCTCP
2001471133,3,0.3,10000,0.1,100,3,100000000000,DCTCP
2001473623,4,0.4,10000,0.1,100,3,100000000000,DCTCP
2001473789,5,0.5,10000,0.1,100,3,100000000000,DCTCP
2001475453,4,0.4,10000,0.1,100,3,100000000000,DCTCP
2001475781,3,0.3,10000,0.1,100,3,100000000000,DCTCP
2001475785,5,0.5,10000,0.1,100,3,100000000000,DCTCP
2001477113,3,0.3,10000,0.1,100,3,100000000000,DCTCP
2001477441,4,0.4,10000,0.1,100,3,100000000000,DCTCP
2001478769,5,0.5,10000,0.1,100,3,100000000000,DCTCP
2001480097,3,0.3,10000,0.1,100,3,100000000000,DCTCP
2001482670,4,0.4,10000,0.1,100,3,100000000000,DCTCP
2001482753,5,0.5,10000,0.1,100,3,100000000000,DCTCP
2001484081,3,0.3,10000,0.1,100,3,100000000000,DCTCP
2001486571,4,0.4,10000,0.1,100,3,100000000000,DCTCP
2001486737,5,0.5,10000,0.1,100,3,100000000000,DCTCP
2001488069,4,0.4,10000,0.1,100,3,100000000000,DCTCP
2001488729,3,0.3,10000,0.1,100,3,100000000000,DCTCP
2001488733,5,0.5,10000,0.1,100,3,100000000000,DCTCP
2001490061,3,0.3,10000,0.1,100,3,100000000000,DCTCP
2001490389,4,0.4,10000,0.1,100,3,100000000000,DCTCP
2001491717,5,0.5,10000,0.1,100,3,100000000000,DCTCP
2001493045,3,0.3,10000,0.1,100,3,100000000000,DCTCP
2001495618,4,0.4,10000,0.1,100,3,100000000000,DCTCP
2001495701,5,0.5,10000,0.1,100,3,100000000000,DCTCP
2001497029,3,0.3,10000,0.1,100,3,100000000000,DCTCP
2001499519,4,0.4,10000,0.1,100,3,100000000000,DCTCP
2001499685,5,0.5,10000,0.1,100,3,100000000000,DCTCP
2001501017,4,0.4,10000,0.1,100,3,100000000000,DCTCP
2001501677,3,0.3,10000,0.1,100,3,100000000000,DCTCP
2001501681,5,0.5,10000,0.1,100,3,100000000000,DCTCP
2001503009,3,0.3,10000,0.1,100,3,100000000000,DCTCP
2001503337,4,0.4,10000,0.1,100,3,100000000000,DCTCP
2001504665,5,0.5,10000,0.1,100,3,100000000000,DCTCP
2001505993,3,0.3,10000,0.1,100,3,100000000000,DCTCP
2001508566,4,0.4,10000,0.1,100,3,100000000000,DCTCP
2001508649,5,0.5,10000,0.1,100,3,100000000000,DCTCP
2001509977,3,0.3,10000,0.1,100,3,100000000000,DCTCP
2001512467,4,0.4,10000,0.1,100,3,100000000000,DCTCP
2001512633,5,0.5,10000,0.1,100,3,100000000000,DCTCP
2001513965,4,0.4,10000,0.1,100,3,100000000000,DCTCP
2001514625,3,0.3,10000,0.1,100,3,100000000000,DCTCP
2001514629,5,0.5,10000,0.1,100,3,100000000000,DCTCP
2001515957,3,0.3,10000,0.1,100,3,100000000000,DCTCP
2001516285,4,0.4,10000,0.1,100,3,100000000000,DCTCP
2001517613,5,0.5,10000,0.1,100,3,100000000000,DCTCP
2001518941,3,0.3,10000,0.1,100,3,100000000000,DCTCP
2001521514,4,0.4,10000,0.1,100,3,100000000000,DCTCP
2001521597,5,0.5,10000,0.1,100,3,100000000000,DCTCP
2001522925,3,0.3,10000,0.1,100,3,100000000000,DCTCP
2001525415,4,0.4,10000,0.1,100,3,100000000000,DCTCP
2001525581,5,0.5,10000,0.1,100,3,100000000000,DCTCP
2001526913,4,0.4,10000,0.1,100,3,100000000000,DCTCP
2001527573,3,0.3,10000,0.1,100,3,100000000000,DCTCP
2001527577,5,0.5,10000,0.1,100,3,100000000000,DCTCP
2001528905,3,0.3,10000,0.1,100,3,100000000000,DCTCP
2001529233,4,0.4,10000,0.1,100,3,100000000000,DCTCP
2001530561,5,0.5,10000,0.1,100,3,100000000000,DCTCP
2001531889,3,0.3,10000,0.1,100,3,100000000000,DCTCP
2001534462,4,0.4,10000,0.1,100,3,100000000000,DCTCP
2001534545,5,0.5,10000,0.1,100,3,100000000000,DCTCP
2001535873,3,0.3,10000,0.1,100,3,100000000000,DCTCP
2001538363,4,0.4,10000,0.1,100,3,100000000000,DCTCP
2001538529,5,0.5,10000,0.1,100,3,100000000000,DCTCP
2001539861,4,0.4,10000,0.1,100,3,100000000000,DCTCP
2001540521,3,0.3,10000,0.1,100,3,100000000000,DCTCP
2001540525,5,0.5,10000,0.1,100,3,100000000000,DCTCP
2001541853,3,0.3,10000,0.1,100,3,100000000000,DCTCP
2001542181,4,0.4,10000,0.1,100,3,100000000000,DCTCP
2001543509,5,0.5,10000,0.1,100,3,100000000000,DCTCP
2001544837,3,0.3,10000,0.1,100,3,100000000000,DCTCP
2001547410,4,0.4,10000,0.1,100,3,100000000000,DCTCP
2001547493,5,0.5,10000,0.1,100,3,100000000000,DCTCP
2001548821,3,0.3,10000,0.1,100,3,100000000000,DCTCP
2001551311,4,0.4,10000,0.1,100,3,100000000000,DCTCP
2001551477,5,0.5,10000,0.1,100,3,100000000000,DCTCP
2001552809,4,0.4,10000,0.1,100,3,100000000000,DCTCP
2001553469,3,0.3,10000,0.1,100,3,100000000000,DCTCP
2001553473,5,0.5,10000,0.1,100,3,100000000000,DCTCP
2001554801,3,0.3,10000,0.1,100,3,100000000000,DCTCP
2001555129,4,0.4,10000,0.1,100,3,100000000000,DCTCP
2001556457,5,0.5,10000,0.1,100,3,100000000000,DCTCP
2001557785,3,0.3,10000,0.1,100,3,100000000000,DCTCP
2001560358,4,0.4,10000,0.1,100,3,100000000000,DCTCP
2001560441,5,0.5,10000,0.1,100,3,100000000000,DCTCP
2001561769,3,0.3,10000,0.1,100,3,100000000000,DCTCP
2001564259,4,0.4,10000,0.1,100,3,100000000000,DCTCP
2001564425,5,0.5,10000,0.1,100,3,100000000000,DCTCP
2001565757,4,0.4,10000,0.1,100,3,100000000000,DCTCP
2001566417,3,0.3,10000,0.1,100,3,100000000000,DCTCP
2001566421,5,0.5,10000,0.1,100,3,100000000000,DCTCP
2001567749,3,0.3,10000,0.1,100,3,100000000000,DCTCP
2001568077,4,0.4,10000,0.1,100,3,100000000000,DCTCP
2001569405,5,0.5,10000,0.1,100,3,100000000000,DCTCP
2001570733,3,0.3,10000,0.1,100,3,100000000000,DCTCP
2001573306,4,0.4,10000,0.1,100,3,100000000000,DCTCP
2001573389,5,0.5,10000,0.1,100,3,100000000000,DCTCP
2001574717,3,0.3,10000,0.1,100,3,100000000000,DCTCP
2001577207,4,0.4,10000,0.1,100,3,100000000000,DCTCP
2001577373,5,0.5,10000,0.1,100,3,100000000000,DCTCP
2001578705,4,0.4,10000,0.1,100,3,100000000000,DCTCP
2001579365,3,0.3,10000,0.1,100,3,100000000000,DCTCP
2001579369,5,0.5,10000,0.1,100,3,100000000000,DCTCP
2001580697,3,0.3,10000,0.1,100,3,100000000000,DCTCP
2001581025,4,0.4,10000,0.1,100,3,100000000000,DCTCP
2001582353,5,0.5,10000,0.1,100,3,100000000000,DCTCP
2001583681,3,0.3,10000,0.1,100,3,100000000000,DCTCP
2001586254,4,0.4,10000,0.1,100,3,100000000000,DCTCP
2001586337,5,0.5,10000,0.1,100,3,100000000000,DCTCP
2001587665,3,0.3,10000,0.1,100,3,100000000000,DCTCP
2001590155,4,0.4,10000,0.1,100,3,100000000000,DCTCP
2001590321,5,0.5,10000,0.1,100,3,100000000000,DCTCP
2001591653,4,0.4,10000,0.1,100,3,100000000000,DCTCP
2001592313,3,0.3,10000,0.1,100,3,100000000000,DCTCP
2001592317,5,0.5,10000,0.1,100,3,100000000000,DCTCP
2001593645,3,0.3,10000,0.1,100,3,100000000000,DCTCP
2001593973,4,0.4,10000,0.1,100,3,100000000000,DCTCP
2001595301,5,0.5,10000,0.1,100,3,100000000000,DCTCP
2001596629,3,0.3,10000,0.1,100,3,100000000000,DCTCP
2001599202,4,0.4,10000,0.1,100,3,100000000000,DCTCP
2001599285,5,0.5,10000,0.1,100,3,100000000000,DCTCP
2001600613,3,0.3,10000,0.1,100,3,100000000000,DCTCP
2001603103,4,0.4,10000,0.1,100,3,100000000000,DCTCP
2001603269,5,0.5,10000,0.1,100,3,100000000000,DCTCP
2001604601,4,0.4,10000,0.1,100,3,100000000000,DCTCP
2001605261,3,0.3,10000,0.1,100,3,100000000000,DCTCP
2001605265,5,0.5,10000,0.1,100,3,100000000000,DCTCP
2001606593,3,0.3,10000,0.1,100,3,100000000000,DCTCP
2001606921,4,0.4,10000,0.1,100,3,100000000000,DCTCP
2001608249,5,0.5,10000,0.1,100,3,100000000000,DCTCP
2001609577,3,0.3,10000,0.1,100,3,100000000000,DCTCP
2001612150,4,0.4,10000,0.1,100,3,100000000000,DCTCP
2001612233,5,0.5,10000,0.1,100,3,100000000000,DCTCP
2001613561,3,0.3,10000,0.1,100,3,100000000000,DCTCP
2001616051,4,0.4,10000,0.1,100,3,100000000000,DCTCP
2001616217,5,0.5,10000,0.1,100,3,100000000000,DCTCP
2001617549,4,0.4,10000,0.1,100,3,100000000000,DCTCP
2001618209,3,0.3,10000,0.1,100,3,100000000000,DCTCP
2001618213,5,0.5,10000,0.1,100,3,100000000000,DCTCP
2001619541,3,0.3,10000,0.1,100,3,100000000000,DCTCP
2001619869,4,0.4,10000,0.1,100,3,100000000000,DCTCP
2001621197,5,0.5,10000,0.1,100,3,100000000000,DCTCP
2001622525,3,0.3,10000,0.1,100,3,100000000000,DCTCP
2001625098,4,0.4,10000,0.1,100,3,100000000000,DCTCP
2001625181,5,0.5,10000,0.1,100,3,100000000000,DCTCP
2001626509,3,0.3,10000,0.1,100,3,100000000000,DCTCP
2001628999,4,0.4,10000,0.1,100,3,100000000000,DCTCP
2001629165,5,0.5,10000,0.1,100,3,100000000000,DCTCP
2001630497,4,0.4,10000,0.1,100,3,100000000000,DCTCP
2001631157,3,0.3,10000,0.1,100,3,100000000000,DCTCP
2001631161,5,0.5,10000,0.1,100,3,100000000000,DCTCP
2001632489,3,0.3,10000,0.1,100,3,100000000000,DCTCP
2001632817,4,0.4,10000,0.1,100,3,100000000000,DCTCP
2001634145,5,0.5,10000,0.1,100,3,100000000000,DCTCP
2001635473,3,0.3,10000,0.1,100,3,100000000000,DCTCP
2001638046,4,0.4,10000,0.1,100,3,100000000000,DCTCP
2001638129,5,0.5,10000,0.1,100,3,100000000000,DCTCP
2001639457,3,0.3,10000,0.1,100,3,100000000000,DCTCP
2001641947,4,0.4,10000,0.1,100,3,100000000000,DCTCP
2001642113,5,0.5,10000,0.1,100,3,100000000000,DCTCP
2001643445,4,0.4,10000,0.1,100,3,100000000000,DCTCP
2001644105,3,0.3,10000,0.1,100,3,100000000000,DCTCP
2001644109,5,0.5,10000,0.1,100,3,100000000000,DCTCP
2001645437,3,0.3,10000,0.1,100,3,100000000000,DCTCP
2001645765,4,0.4,10000,0.1,100,3,100000000000,DCTCP
2001647093,5,0.5,10000,0.1,100,3,100000000000,DCTCP
2001648421,3,0.3,10000,0.1,100,3,100000000000,DCTCP
2001650994,4,0.4,10000,0.1,100,3,100000000000,DCTCP
2001651077,5,0.5,10000,0.1,100,3,100000000000,DCTCP
2001652405,3,0.3,10000,0.1,100,3,100000000000,DCTCP
2001654895,4,0.4,10000,0.1,100,3,100000000000,DCTCP
2001655061,5,0.5,10000,0.1,100,3,100000000000,DCTCP
2001656393,4,0.4,10000,0.1,100,3,100000000000,DCTCP
2001657053,3,0.3,10000,0.1,100,3,100000000000,DCTCP
2001657057,5,0.5,10000,0.1,100,3,100000000000,DCTCP
2001658385,3,0.3,10000,0.1,100,3,100000000000,DCTCP
2001658713,4,0.4,10000,0.1,100,3,100000000000,DCTCP
2001660041,5,0.5,10000,0.1,100,3,100000000000,DCTCP
2001661369,3,0.3,10000,0.1,100,3,100000000000,DCTCP
2001663942,4,0.4,10000,0.1,100,3,100000000000,DCTCP
2001664025,5,0.5,10000,0.1,100,3,100000000000,DCTCP
2001665353,3,0.3,10000,0.1,100,3,100000000000,DCTCP
2001667843,4,0.4,10000,0.1,100,3,100000000000,DCTCP
2001668009,5,0.5,10000,0.1,100,3,100000000000,DCTCP
2001669341,4,0.4,10000,0.1,100,3,100000000000,DCTCP
2001670001,3,0.3,10000,0.1,100,3,100000000000,DCTCP
2001670005,5,0.5,10000,0.1,100,3,100000000000,DCTCP
2001671333,3,0.3,10000,0.1,100,3,100000000000,DCTCP
2001671661,4,0.4,10000,0.1,100,3,100000000000,DCTCP
2001672989,5,0.5,10000,0.1,100,3,100000000000,DCTCP
2001674317,3,0.3,10000,0.1,100,3,100000000000,DCTCP
2001676890,4,0.4,10000,0.1,100,3,100000000000,DCTCP
2001676973,5,0.5,10000,0.1,100,3,100000000000,DCTCP
2001678301,3,0.3,10000,0.1,100,3,100000000000,DCTCP
2001680791,4,0.4,10000,0.1,100,3,100000000000,DCTCP
2001680957,5,0.5,10000,0.1,100,3,100000000000,DCTCP
2001682289,4,0.4,10000,0.1,100,3,100000000000,DCTCP
2001682953,5,0.5,10000,0.1,100,3,100000000000,DCTCP
2001683617,3,0.3,10000,0.1,100,3,100000000000,DCTCP
2001684281,4,0.4,10000,0.1,100,3,100000000000,DCTCP
2001684945,5,0.5,10000,0.1,100,3,100000000000,DCTCP
2000005419,2,0.2,10000,0.1,100,3,100000000000,HPCC-PINT
2000006747,2,0.2,10000,0.1,100,3,100000000000,HPCC-PINT
2000008075,2,0.2,10000,0.1,100,3,100000000000,HPCC-PINT
2000009407,2,0.2,10000,0.1,100,3,100000000000,HPCC-PINT
2000010838,2,0.2,10000,0.1,100,3,100000000000,HPCC-PINT
2000012166,2,0.2,10000,0.1,100,3,100000000000,HPCC-PINT
2000013494,2,0.2,10000,0.1,100,3,100000000000,HPCC-PINT
2000014830,2,0.2,10000,0.1,100,3,100000000000,HPCC-PINT
2000016257,2,0.2,10000,0.1,100,3,100000000000,HPCC-PINT
2000017585,2,0.2,10000,0.1,100,3,100000000000,HPCC-PINT
2000018913,2,0.2,10000,0.1,100,3,100000000000,HPCC-PINT
2000020253,2,0.2,10000,0.1,100,3,100000000000,HPCC-PINT
2000021676,2,0.2,10000,0.1,100,3,100000000000,HPCC-PINT
2000023004,2,0.2,10000,0.1,100,3,100000000000,HPCC-PINT
2000024332,2,0.2,10000,0.1,100,3,100000000000,HPCC-PINT
2000025676,2,0.2,10000,0.1,100,3,100000000000,HPCC-PINT
2000027095,2,0.2,10000,0.1,100,3,100000000000,HPCC-PINT
2000028423,2,0.2,10000,0.1,100,3,100000000000,HPCC-PINT
2000029751,2,0.2,10000,0.1,100,3,100000000000,HPCC-PINT
2000031099,2,0.2,10000,0.1,100,3,100000000000,HPCC-PINT
2000032514,2,0.2,10000,0.1,100,3,100000000000,HPCC-PINT
2000033842,2,0.2,10000,0.1,100,3,100000000000,HPCC-PINT
2000035170,2,0.2,10000,0.1,100,3,100000000000,HPCC-PINT
2000036522,2,0.2,10000,0.1,100,3,100000000000,HPCC-PINT
2000037933,2,0.2,10000,0.1,100,3,100000000000,HPCC-PINT
2000039261,2,0.2,10000,0.1,100,3,100000000000,HPCC-PINT
2000040589,2,0.2,10000,0.1,100,3,100000000000,HPCC-PINT
2000041945,2,0.2,10000,0.1,100,3,100000000000,HPCC-PINT
2000043352,2,0.2,10000,0.1,100,3,100000000000,HPCC-PINT
2000044680,2,0.2,10000,0.1,100,3,100000000000,HPCC-PINT
2000046008,2,0.2,10000,0.1,100,3,100000000000,HPCC-PINT
2000047368,2,0.2,10000,0.1,100,3,100000000000,HPCC-PINT
2000048771,2,0.2,10000,0.1,100,3,100000000000,HPCC-PINT
2000050099,2,0.2,10000,0.1,100,3,100000000000,HPCC-PINT
2000051427,2,0.2,10000,0.1,100,3,100000000000,HPCC-PINT
2000052791,2,0.2,10000,0.1,100,3,100000000000,HPCC-PINT
2000054190,2,0.2,10000,0.1,100,3,100000000000,HPCC-PINT
2000055518,2,0.2,10000,0.1,100,3,100000000000,HPCC-PINT
2000056846,2,0.2,10000,0.1,100,3,100000000000,HPCC-PINT
2000058214,2,0.2,10000,0.1,100,3,100000000000,HPCC-PINT
2000059609,2,0.2,10000,0.1,100,3,100000000000,HPCC-PINT
2000060937,2,0.2,10000,0.1,100,3,100000000000,HPCC-PINT
2000062265,2,0.2,10000,0.1,100,3,100000000000,HPCC-PINT
2000063637,2,0.2,10000,0.1,100,3,100000000000,HPCC-PINT
2000065028,2,0.2,10000,0.1,100,3,100000000000,HPCC-PINT
2000066356,2,0.2,10000,0.1,100,3,100000000000,HPCC-PINT
2000067684,2,0.2,10000,0.1,100,3,100000000000,HPCC-PINT
2000069060,2,0.2,10000,0.1,100,3,100000000000,HPCC-PINT
2000070447,2,0.2,10000,0.1,100,3,100000000000,HPCC-PINT
2000071775,2,0.2,10000,0.1,100,3,100000000000,HPCC-PINT
2000073103,2,0.2,10000,0.1,100,3,100000000000,HPCC-PINT
2000074483,2,0.2,10000,0.1,100,3,100000000000,HPCC-PINT
2000075866,2,0.2,10000,0.1,100,3,100000000000,HPCC-PINT
2000077194,2,0.2,10000,0.1,100,3,100000000000,HPCC-PINT
2000078522,2,0.2,10000,0.1,100,3,100000000000,HPCC-PINT
2000079906,2,0.2,10000,0.1,100,3,100000000000,HPCC-PINT
2000081285,2,0.2,10000,0.1,100,3,100000000000,HPCC-PINT
2000082613,2,0.2,10000,0.1,100,3,100000000000,HPCC-PINT
2000083941,2,0.2,10000,0.1,100,3,100000000000,HPCC-PINT
2000085329,2,0.2,10000,0.1,100,3,100000000000,HPCC-PINT
2000086704,2,0.2,10000,0.1,100,3,100000000000,HPCC-PINT
2000088032,2,0.2,10000,0.1,100,3,100000000000,HPCC-PINT
2000089360,2,0.2,10000,0.1,100,3,100000000000,HPCC-PINT
2000090752,2,0.2,10000,0.1,100,3,100000000000,HPCC-PINT
2000092123,2,0.2,10000,0.1,100,3,100000000000,HPCC-PINT
2000093451,2,0.2,10000,0.1,100,3,100000000000,HPCC-PINT
2000094779,2,0.2,10000,0.1,100,3,100000000000,HPCC-PINT
2000096175,2,0.2,10000,0.1,100,3,100000000000,HPCC-PINT
2000097542,2,0.2,10000,0.1,100,3,100000000000,HPCC-PINT
2000098870,2,0.2,10000,0.1,100,3,100000000000,HPCC-PINT
2000100198,2,0.2,10000,0.1,100,3,100000000000,HPCC-PINT
2000101598,2,0.2,10000,0.1,100,3,100000000000,HPCC-PINT
2000102961,2,0.2,10000,0.1,100,3,100000000000,HPCC-PINT
2000104787,2,0.2,10000,0.1,100,3,100000000000,HPCC-PINT
2000109186,3,0.3,10000,0.1,100,3,100000000000,HPCC-PINT
2000109269,4,0.4,10000,0.1,100,3,100000000000,HPCC-PINT
2000109352,5,0.5,10000,0.1,100,3,100000000000,HPCC-PINT
2000110099,2,0.2,10000,0.1,100,3,37389337057,HPCC-PINT
2000112676,2,0.2,10000,0.1,100,3,32305123254,HPCC-PINT
2000113751,3,0.3,10000,0.1,100,3,30769165004,HPCC-PINT
2000113834,4,0.4,10000,0.1,100,3,32305123254,HPCC-PINT
2000113917,5,0.5,10000,0.1,100,3,32305123254,HPCC-PINT
2000118731,3,0.3,10000,0.1,100,3,30769165004,HPCC-PINT
2000118814,4,0.4,10000,0.1,100,3,30769165004,HPCC-PINT
2000118897,5,0.5,10000,0.1,100,3,30769165004,HPCC-PINT
2000119976,2,0.2,10000,0.1,100,3,32305123254,HPCC-PINT
2000121059,3,0.3,10000,0.1,100,3,32305123254,HPCC-PINT
2000121142,4,0.4,10000,0.1,100,3,32305123254,HPCC-PINT
2000121225,5,0.5,10000,0.1,100,3,33917879417,HPCC-PINT
2000121553,2,0.2,10000,0.1,100,3,11538113198,HPCC-PINT
2000125288,3,0.3,10000,0.1,100,3,50088282814,HPCC-PINT
2000125454,4,0.4,10000,0.1,100,3,50088282814,HPCC-PINT
2000125537,5,0.5,10000,0.1,100,3,50088282814,HPCC-PINT
2000126703,3,0.3,10000,0.1,100,3,25113316611,HPCC-PINT
2000126786,4,0.4,10000,0.1,100,3,26366482441,HPCC-PINT
2000126952,5,0.5,10000,0.1,100,3,26366482441,HPCC-PINT
2000129639,2,0.2,10000,0.1,100,3,32055453605,HPCC-PINT
2000133782,3,0.3,10000,0.1,100,3,49673652545,HPCC-PINT
2000133865,5,0.5,10000,0.1,100,3,49673652545,HPCC-PINT
2000133948,4,0.4,10000,0.1,100,3,49673652545,HPCC-PINT
2000137743,2,0.2,10000,0.1,100,3,62928865627,HPCC-PINT
2000139039,2,0.2,10000,0.1,100,3,100000000000,HPCC-PINT
2000141774,3,0.3,10000,0.1,100,3,49262868480,HPCC-PINT
2000141857,5,0.5,10000,0.1,100,3,49262868480,HPCC-PINT
2000141940,4,0.4,10000,0.1,100,3,46919398553,HPCC-PINT
2000145430,3,0.3,10000,0.1,100,3,38290695764,HPCC-PINT
2000145596,5,0.5,10000,0.1,100,3,38290695764,HPCC-PINT
2000145758,2,0.2,10000,0.1,100,3,46572890837,HPCC-PINT
2000145762,4,0.4,10000,0.1,100,3,34737198558,HPCC-PINT
2000147086,2,0.2,10000,0.1,100,3,31279957110,HPCC-PINT
2000148829,2,0.2,10000,0.1,100,3,28376491709,HPCC-PINT
2000150659,2,0.2,10000,0.1,100,3,27027611152,HPCC-PINT
2000152481,3,0.3,10000,0.1,100,3,30012585755,HPCC-PINT
2000152564,5,0.5,10000,0.1,100,3,30012585755,HPCC-PINT
2000152979,4,0.4,10000,0.1,100,3,28587244097,HPCC-PINT
2000154394,3,0.3,10000,0.1,100,3,19216918965,HPCC-PINT
2000154560,5,0.5,10000,0.1,100,3,19216918965,HPCC-PINT
2000154643,4,0.4,10000,0.1,100,3,18306653909,HPCC-PINT
2000158349,2,0.2,10000,0.1,100,3,50920309331,HPCC-PINT
2000160617,5,0.5,10000,0.1,100,3,34471032674,HPCC-PINT
2000160700,3,0.3,10000,0.1,100,3,34471032674,HPCC-PINT
2000161450,4,0.4,10000,0.1,100,3,38004272273,HPCC-PINT
2000165040,2,0.2,10000,0.1,100,3,100000000000,HPCC-PINT
2000168696,2,0.2,10000,0.1,100,3,100000000000,HPCC-PINT
2000169439,5,0.5,10000,0.1,100,3,34201271558,HPCC-PINT
2000169605,3,0.3,10000,0.1,100,3,34201271558,HPCC-PINT
2000170020,4,0.4,10000,0.1,100,3,35908796215,HPCC-PINT
2000170937,5,0.5,10000,0.1,100,3,32320488388,HPCC-PINT
2000171103,3,0.3,10000,0.1,100,3,32320488388,HPCC-PINT
2000171763,2,0.2,10000,0.1,100,3,85632444509,HPCC-PINT
2000172099,4,0.4,10000,0.1,100,3,30781625594,HPCC-PINT
2000173091,2,0.2,10000,0.1,100,3,69846513623,HPCC-PINT
2000174419,2,0.2,10000,0.1,100,3,69846513623,HPCC-PINT
2000175834,2,0.2,10000,0.1,100,3,69846513623,HPCC-PINT
2000179316,5,0.5,10000,0.1,100,3,24130735292,HPCC-PINT
2000179565,3,0.3,10000,0.1,100,3,24130735292,HPCC-PINT
2000180146,4,0.4,10000,0.1,100,3,25332984431,HPCC-PINT
2000180229,2,0.2,10000,0.1,100,3,60342852714,HPCC-PINT
2000180731,5,0.5,10000,0.1,100,3,17040182601,HPCC-PINT
2000180980,3,0.3,10000,0.1,100,3,17040182601,HPCC-PINT
2000181395,4,0.4,10000,0.1,100,3,17886672862,HPCC-PINT
2000181640,2,0.2,10000,0.1,100,3,44661068730,HPCC-PINT
2000183055,2,0.2,10000,0.1,100,3,44661068730,HPCC-PINT
2000187059,2,0.2,10000,0.1,100,3,62822253666,HPCC-PINT
2000188142,5,0.5,10000,0.1,100,3,23956893119,HPCC-PINT
2000188308,3,0.3,10000,0.1,100,3,25152237775,HPCC-PINT
2000189132,4,0.4,10000,0.1,100,3,26402889419,HPCC-PINT
2000189237,2,0.2,10000,0.1,100,3,62289500196,HPCC-PINT
2000193376,2,0.2,10000,0.1,100,3,100000000000,HPCC-PINT
2000196281,2,0.2,10000,0.1,100,3,100000000000,HPCC-PINT
2000197530,2,0.2,10000,0.1,100,3,100000000000,HPCC-PINT
2000198360,5,0.5,10000,0.1,100,3,24971396723,HPCC-PINT
2000198526,3,0.3,10000,0.1,100,3,26214865910,HPCC-PINT
2000198692,4,0.4,10000,0.1,100,3,27515868741,HPCC-PINT
2000199020,2,0.2,10000,0.1,100,3,94404645072,HPCC-PINT
2000200348,2,0.2,10000,0.1,100,3,89125167789,HPCC-PINT
2000201676,2,0.2,10000,0.1,100,3,89125167789,HPCC-PINT
2000203008,2,0.2,10000,0.1,100,3,89125167789,HPCC-PINT
2000205578,2,0.2,10000,0.1,100,3,89125167789,HPCC-PINT
2000208234,2,0.2,10000,0.1,100,3,65939642386,HPCC-PINT
2000209815,5,0.5,10000,0.1,100,3,18511187123,HPCC-PINT
2000210143,2,0.2,10000,0.1,100,3,65939642386,HPCC-PINT
2000210230,3,0.3,10000,0.1,100,3,19430475603,HPCC-PINT
2000210562,4,0.4,10000,0.1,100,3,20392298323,HPCC-PINT
2000212388,2,0.2,10000,0.1,100,3,51236174925,HPCC-PINT
2000213789,2,0.2,10000,0.1,100,3,72074088371,HPCC-PINT
2000216645,2,0.2,10000,0.1,100,3,75675292790,HPCC-PINT
2000219467,2,0.2,10000,0.1,100,3,75023311615,HPCC-PINT
2000219471,5,0.5,10000,0.1,100,3,18389473153,HPCC-PINT
2000220218,3,0.3,10000,0.1,100,3,19300234105,HPCC-PINT
2000220384,4,0.4,10000,0.1,100,3,20253134739,HPCC-PINT
2000221818,2,0.2,10000,0.1,100,3,95737055294,HPCC-PINT
2000224500,2,0.2,10000,0.1,100,3,100000000000,HPCC-PINT
2000227073,2,0.2,10000,0.1,100,3,99641425494,HPCC-PINT
2000229231,2,0.2,10000,0.1,100,3,89589346066,HPCC-PINT
2000229816,5,0.5,10000,0.1,100,3,17401322124,HPCC-PINT
2000230729,4,0.4,10000,0.1,100,3,18249784189,HPCC-PINT
2000230812,3,0.3,10000,0.1,100,3,16567612143,HPCC-PINT
2000230891,2,0.2,10000,0.1,100,3,89589346066,HPCC-PINT
2000232219,2,0.2,10000,0.1,100,3,89589346066,HPCC-PINT
2000235152,2,0.2,10000,0.1,100,3,100000000000,HPCC-PINT
2000237227,2,0.2,10000,0.1,100,3,88808294978,HPCC-PINT
2000239800,2,0.2,10000,0.1,100,3,79854525258,HPCC-PINT
2000240385,5,0.5,10000,0.1,100,3,15687100693,HPCC-PINT
2000240634,3,0.3,10000,0.1,100,3,14937915842,HPCC-PINT
2000240717,4,0.4,10000,0.1,100,3,16449541998,HPCC-PINT
2000241128,2,0.2,10000,0.1,100,3,79854525258,HPCC-PINT
2000243373,2,0.2,10000,0.1,100,3,79854525258,HPCC-PINT
2000245910,2,0.2,10000,0.1,100,3,96213289888,HPCC-PINT
2000248317,2,0.2,10000,0.1,100,3,83119465404,HPCC-PINT
2000250230,3,0.3,10000,0.1,100,3,14849348347,HPCC-PINT
2000250396,5,0.5,10000,0.1,100,3,15591583590,HPCC-PINT
2000250519,2,0.2,10000,0.1,100,3,86515851916,HPCC-PINT
2000250562,4,0.4,10000,0.1,100,3,15570906968,HPCC-PINT
2000251911,2,0.2,10000,0.1,100,3,86515851916,HPCC-PINT
2000254299,2,0.2,10000,0.1,100,3,90839144511,HPCC-PINT
2000256602,2,0.2,10000,0.1,100,3,100000000000,HPCC-PINT
2000258594,2,0.2,10000,0.1,100,3,90046500009,HPCC-PINT
2000260092,3,0.3,10000,0.1,100,3,14061049928,HPCC-PINT
2000260586,2,0.2,10000,0.1,100,3,81679478466,HPCC-PINT
2000260673,5,0.5,10000,0.1,100,3,14761383357,HPCC-PINT
2000260922,4,0.4,10000,0.1,100,3,14741874004,HPCC-PINT
2000262021,2,0.2,10000,0.1,100,3,77118382003,HPCC-PINT
2000264698,2,0.2,10000,0.1,100,3,85017891158,HPCC-PINT
2000266756,2,0.2,10000,0.1,100,3,89266285716,HPCC-PINT
2000269411,2,0.2,10000,0.1,100,3,88488231409,HPCC-PINT
2000269499,3,0.3,10000,0.1,100,3,13980616440,HPCC-PINT
2000269830,5,0.5,10000,0.1,100,3,15405676088,HPCC-PINT
2000270162,4,0.4,10000,0.1,100,3,15385381290,HPCC-PINT
2000271118,2,0.2,10000,0.1,100,3,97553150128,HPCC-PINT
2000273528,2,0.2,10000,0.1,100,3,100000000000,HPCC-PINT
2000275416,2,0.2,10000,0.1,100,3,100000000000,HPCC-PINT
2000277408,2,0.2,10000,0.1,100,3,96698224988,HPCC-PINT
2000279566,2,0.2,10000,0.1,100,3,86944539979,HPCC-PINT
2000279653,3,0.3,10000,0.1,100,3,13241361020,HPCC-PINT
2000279985,4,0.4,10000,0.1,100,3,13875544675,HPCC-PINT
2000280234,5,0.5,10000,0.1,100,3,13893781898,HPCC-PINT
2000280894,2,0.2,10000,0.1,100,3,86944539979,HPCC-PINT
2000282528,2,0.2,10000,0.1,100,3,91289266978,HPCC-PINT
2000285321,2,0.2,10000,0.1,100,3,99762797859,HPCC-PINT
2000287230,2,0.2,10000,0.1,100,3,90492447038,HPCC-PINT
2000289139,2,0.2,10000,0.1,100,3,85433827219,HPCC-PINT
2000289392,3,0.3,10000,0.1,100,3,12543839193,HPCC-PINT
2000290222,4,0.4,10000,0.1,100,3,13142220929,HPCC-PINT
2000290305,5,0.5,10000,0.1,100,3,13159428596,HPCC-PINT
2000290755,2,0.2,10000,0.1,100,3,89703018580,HPCC-PINT
2000292416,2,0.2,10000,0.1,100,3,89703018580,HPCC-PINT
2000295236,2,0.2,10000,0.1,100,3,100000000000,HPCC-PINT
2000297145,2,0.2,10000,0.1,100,3,93364458692,HPCC-PINT
2000299307,3,0.3,10000,0.1,100,3,11885694948,HPCC-PINT
2000299410,2,0.2,10000,0.1,100,3,92548388803,HPCC-PINT
2000299971,4,0.4,10000,0.1,100,3,12450295912,HPCC-PINT
2000300054,5,0.5,10000,0.1,100,3,12466532145,HPCC-PINT
2000300738,2,0.2,10000,0.1,100,3,92548388803,HPCC-PINT
2000302298,2,0.2,10000,0.1,100,3,92548388803,HPCC-PINT
2000303387,2,0.2,10000,0.1,100,3,96324383412,HPCC-PINT
2000305369,2,0.2,10000,0.1,100,3,100000000000,HPCC-PINT
2000307195,2,0.2,10000,0.1,100,3,91739888963,HPCC-PINT
2000309021,2,0.2,10000,0.1,100,3,83215432166,HPCC-PINT
2000309855,3,0.3,10000,0.1,100,3,10730671697,HPCC-PINT
2000310353,4,0.4,10000,0.1,100,3,11238030969,HPCC-PINT
2000310436,5,0.5,10000,0.1,100,3,11252621103,HPCC-PINT
2000310539,2,0.2,10000,0.1,100,3,74828691110,HPCC-PINT
2000312370,2,0.2,10000,0.1,100,3,86615682296,HPCC-PINT
2000315060,2,0.2,10000,0.1,100,3,100000000000,HPCC-PINT
2000317483,2,0.2,10000,0.1,100,3,100000000000,HPCC-PINT
2000319230,3,0.3,10000,0.1,100,3,11212688130,HPCC-PINT
2000319317,2,0.2,10000,0.1,100,3,100000000000,HPCC-PINT
2000319562,4,0.4,10000,0.1,100,3,12324997351,HPCC-PINT
2000319728,5,0.5,10000,0.1,100,3,11755651200,HPCC-PINT
2000320645,2,0.2,10000,0.1,100,3,100000000000,HPCC-PINT
2000322570,2,0.2,10000,0.1,100,3,100000000000,HPCC-PINT
2000324653,2,0.2,10000,0.1,100,3,100000000000,HPCC-PINT
2000326317,3,0.3,10000,0.1,100,3,12297316053,HPCC-PINT
2000326479,2,0.2,10000,0.1,100,3,99122377325,HPCC-PINT
2000328471,2,0.2,10000,0.1,100,3,94404645072,HPCC-PINT
2000328807,3,0.3,10000,0.1,100,3,11653088915,HPCC-PINT
2000329637,4,0.4,10000,0.1,100,3,11679207505,HPCC-PINT
2000329965,2,0.2,10000,0.1,100,3,94404645072,HPCC-PINT
2000329969,5,0.5,10000,0.1,100,3,10613812348,HPCC-PINT
2000331655,2,0.2,10000,0.1,100,3,89125167789,HPCC-PINT
2000333675,2,0.2,10000,0.1,100,3,98255372487,HPCC-PINT
2000335633,2,0.2,10000,0.1,100,3,93578926178,HPCC-PINT
2000335886,3,0.3,10000,0.1,100,3,12233243360,HPCC-PINT
2000337849,2,0.2,10000,0.1,100,3,100000000000,HPCC-PINT
2000339102,5,0.5,10000,0.1,100,3,11643180230,HPCC-PINT
2000339268,4,0.4,10000,0.1,100,3,12199411954,HPCC-PINT
2000339347,2,0.2,10000,0.1,100,3,92760866840,HPCC-PINT
2000340898,2,0.2,10000,0.1,100,3,92760866840,HPCC-PINT
2000341981,2,0.2,10000,0.1,100,3,91950396006,HPCC-PINT
2000343434,2,0.2,10000,0.1,100,3,100000000000,HPCC-PINT
2000345260,2,0.2,10000,0.1,100,3,96545415806,HPCC-PINT
2000345762,3,0.3,10000,0.1,100,3,12775753271,HPCC-PINT
2000347086,2,0.2,10000,0.1,100,3,87574186672,HPCC-PINT
2000348570,4,0.4,10000,0.1,100,3,12740559814,HPCC-PINT
2000348653,5,0.5,10000,0.1,100,3,11585175450,HPCC-PINT
2000348981,2,0.2,10000,0.1,100,3,86811828659,HPCC-PINT
2000350450,2,0.2,10000,0.1,100,3,82680313009,HPCC-PINT
2000353321,2,0.2,10000,0.1,100,3,100000000000,HPCC-PINT
2000355068,3,0.3,10000,0.1,100,3,14004609841,HPCC-PINT
2000355147,2,0.2,10000,0.1,100,3,100000000000,HPCC-PINT
2000357309,2,0.2,10000,0.1,100,3,100000000000,HPCC-PINT
2000357698,4,0.4,10000,0.1,100,3,13303494266,HPCC-PINT
2000358177,5,0.5,10000,0.1,100,3,13336882575,HPCC-PINT
2000358740,2,0.2,10000,0.1,100,3,100000000000,HPCC-PINT
2000360234,2,0.2,10000,0.1,100,3,100000000000,HPCC-PINT
2000362147,2,0.2,10000,0.1,100,3,100000000000,HPCC-PINT
2000364247,2,0.2,10000,0.1,100,3,99122377325,HPCC-PINT
2000364666,3,0.3,10000,0.1,100,3,13924699904,HPCC-PINT
2000365907,2,0.2,10000,0.1,100,3,93576567312,HPCC-PINT
2000367405,4,0.4,10000,0.1,100,3,12004728377,HPCC-PINT
2000367484,2,0.2,10000,0.1,100,3,89122921249,HPCC-PINT
2000367488,5,0.5,10000,0.1,100,3,12034731635,HPCC-PINT
2000369421,2,0.2,10000,0.1,100,3,100000000000,HPCC-PINT
2000371125,2,0.2,10000,0.1,100,3,100000000000,HPCC-PINT
2000373595,2,0.2,10000,0.1,100,3,100000000000,HPCC-PINT
2000374405,3,0.3,10000,0.1,100,3,14535307791,HPCC-PINT
2000375255,2,0.2,10000,0.1,100,3,94404645072,HPCC-PINT
2000376915,2,0.2,10000,0.1,100,3,89911566735,HPCC-PINT
2000377334,4,0.4,10000,0.1,100,3,11377018852,HPCC-PINT
2000377500,5,0.5,10000,0.1,100,3,11405328319,HPCC-PINT
2000378765,2,0.2,10000,0.1,100,3,99122377325,HPCC-PINT
2000380523,2,0.2,10000,0.1,100,3,100000000000,HPCC-PINT
2000382939,2,0.2,10000,0.1,100,3,100000000000,HPCC-PINT
2000383706,3,0.3,10000,0.1,100,3,15170498729,HPCC-PINT
2000384599,2,0.2,10000,0.1,100,3,99122377325,HPCC-PINT
2000386259,2,0.2,10000,0.1,100,3,94404645072,HPCC-PINT
2000386678,4,0.4,10000,0.1,100,3,10784745757,HPCC-PINT
2000386927,5,0.5,10000,0.1,100,3,10811457054,HPCC-PINT
2000388109,2,0.2,10000,0.1,100,3,100000000000,HPCC-PINT
2000389854,2,0.2,10000,0.1,100,3,100000000000,HPCC-PINT
2000391688,2,0.2,10000,0.1,100,3,99122377325,HPCC-PINT
2000393020,3,0.3,10000,0.1,100,3,15079773743,HPCC-PINT
2000393611,2,0.2,10000,0.1,100,3,99122377325,HPCC-PINT
2000395271,2,0.2,10000,0.1,100,3,93576567312,HPCC-PINT
2000396022,4,0.4,10000,0.1,100,3,10225908580,HPCC-PINT
2000396354,5,0.5,10000,0.1,100,3,10251111930,HPCC-PINT
2000396786,2,0.2,10000,0.1,100,3,93576567312,HPCC-PINT
2000398830,2,0.2,10000,0.1,100,3,100000000000,HPCC-PINT
2000400584,2,0.2,10000,0.1,100,3,99122377325,HPCC-PINT
2000402209,3,0.3,10000,0.1,100,3,14989890342,HPCC-PINT
2000402537,2,0.2,10000,0.1,100,3,99122377325,HPCC-PINT
2000404396,2,0.2,10000,0.1,100,3,99122377325,HPCC-PINT
2000405562,4,0.4,10000,0.1,100,3,10181050733,HPCC-PINT
2000405890,2,0.2,10000,0.1,100,3,98252895677,HPCC-PINT
2000405894,5,0.5,10000,0.1,100,3,10206020291,HPCC-PINT
2000407792,2,0.2,10000,0.1,100,3,100000000000,HPCC-PINT
2000409649,2,0.2,10000,0.1,100,3,98252895677,HPCC-PINT
2000411475,2,0.2,10000,0.1,100,3,97391479538,HPCC-PINT
2000411562,3,0.3,10000,0.1,100,3,15643382756,HPCC-PINT
2000413135,2,0.2,10000,0.1,100,3,92756170989,HPCC-PINT
2000414902,2,0.2,10000,0.1,100,3,92756170989,HPCC-PINT
2000414906,4,0.4,10000,0.1,100,3,9656294283,HPCC-PINT
2000415321,5,0.5,10000,0.1,100,3,10161346932,HPCC-PINT
2000416731,2,0.2,10000,0.1,100,3,96540530900,HPCC-PINT
2000418471,2,0.2,10000,0.1,100,3,96540530900,HPCC-PINT
2000420736,2,0.2,10000,0.1,100,3,91945743715,HPCC-PINT
2000421321,3,0.3,10000,0.1,100,3,15548271190,HPCC-PINT
2000422396,2,0.2,10000,0.1,100,3,91142834148,HPCC-PINT
2000424056,2,0.2,10000,0.1,100,3,86805080141,HPCC-PINT
2000424641,4,0.4,10000,0.1,100,3,9161162197,HPCC-PINT
2000424973,5,0.5,10000,0.1,100,3,9637702832,HPCC-PINT
2000426037,2,0.2,10000,0.1,100,3,100000000000,HPCC-PINT
2000428064,2,0.2,10000,0.1,100,3,100000000000,HPCC-PINT
2000430294,2,0.2,10000,0.1,100,3,100000000000,HPCC-PINT
2000430872,3,0.3,10000,0.1,100,3,16224243996,HPCC-PINT
2000431018,5,0.5,10000,0.1,100,3,10075716381,HPCC-PINT
2000431709,4,0.4,10000,0.1,100,3,9579990238,HPCC-PINT
2000431871,2,0.2,10000,0.1,100,3,99122377325,HPCC-PINT
2000433448,2,0.2,10000,0.1,100,3,99122377325,HPCC-PINT
2000433618,4,0.4,10000,0.1,100,3,9541124076,HPCC-PINT
2000434863,5,0.5,10000,0.1,100,3,9556906429,HPCC-PINT
2000435547,2,0.2,10000,0.1,100,3,100000000000,HPCC-PINT
2000437045,4,0.4,10000,0.1,100,3,10015680280,HPCC-PINT
2000437128,5,0.5,10000,0.1,100,3,10531364338,HPCC-PINT
2000437373,2,0.2,10000,0.1,100,3,99122377325,HPCC-PINT
2000439116,2,0.2,10000,0.1,100,3,94404645072,HPCC-PINT
2000440697,3,0.3,10000,0.1,100,3,15358327838,HPCC-PINT
2000440780,4,0.4,10000,0.1,100,3,9500259579,HPCC-PINT
2000440859,2,0.2,10000,0.1,100,3,89911566735,HPCC-PINT
2000442709,2,0.2,10000,0.1,100,3,84885739671,HPCC-PINT
2000443211,4,0.4,10000,0.1,100,3,9500259579,HPCC-PINT
2000444184,5,0.5,10000,0.1,100,3,10483673014,HPCC-PINT
2000444258,2,0.2,10000,0.1,100,3,89127526655,HPCC-PINT
2000446883,2,0.2,10000,0.1,100,3,98257973137,HPCC-PINT
2000447722,4,0.4,10000,0.1,100,3,10426876651,HPCC-PINT
2000448731,2,0.2,10000,0.1,100,3,100000000000,HPCC-PINT
2000449565,4,0.4,10000,0.1,100,3,9932739667,HPCC-PINT
2000449814,3,0.3,10000,0.1,100,3,16026653531,HPCC-PINT
2000451057,2,0.2,10000,0.1,100,3,100000000000,HPCC-PINT
2000452644,2,0.2,10000,0.1,100,3,100000000000,HPCC-PINT
2000453561,5,0.5,10000,0.1,100,3,11501032554,HPCC-PINT
2000454138,2,0.2,10000,0.1,100,3,99122377325,HPCC-PINT
2000456441,2,0.2,10000,0.1,100,3,99122377325,HPCC-PINT
2000457192,4,0.4,10000,0.1,100,3,10382631387,HPCC-PINT
2000458018,2,0.2,10000,0.1,100,3,98252895677,HPCC-PINT
2000459516,3,0.3,10000,0.1,100,3,15171892056,HPCC-PINT
2000459678,2,0.2,10000,0.1,100,3,93576567312,HPCC-PINT
2000461777,2,0.2,10000,0.1,100,3,100000000000,HPCC-PINT
2000462611,5,0.5,10000,0.1,100,3,11444346368,HPCC-PINT
2000463271,2,0.2,10000,0.1,100,3,99122377325,HPCC-PINT
2000465038,2,0.2,10000,0.1,100,3,99122377325,HPCC-PINT
2000466432,4,0.4,10000,0.1,100,3,10336319744,HPCC-PINT
2000467396,2,0.2,10000,0.1,100,3,100000000000,HPCC-PINT
2000468973,2,0.2,10000,0.1,100,3,99122377325,HPCC-PINT
2000468977,3,0.3,10000,0.1,100,3,15081154145,HPCC-PINT
2000470467,2,0.2,10000,0.1,100,3,94404645072,HPCC-PINT
2000471799,5,0.5,10000,0.1,100,3,10848272396,HPCC-PINT
2000472566,2,0.2,10000,0.1,100,3,99122377325,HPCC-PINT
2000474042,4,0.4,10000,0.1,100,3,10290437698,HPCC-PINT
2000474309,2,0.2,10000,0.1,100,3,98252895677,HPCC-PINT
2000475890,4,0.4,10000,0.1,100,3,10244981264,HPCC-PINT
2000475969,2,0.2,10000,0.1,100,3,98252895677,HPCC-PINT
2000478068,2,0.2,10000,0.1,100,3,98252895677,HPCC-PINT
2000478155,3,0.3,10000,0.1,100,3,15738320836,HPCC-PINT
2000479728,2,0.2,10000,0.1,100,3,92756170989,HPCC-PINT
2000481143,5,0.5,10000,0.1,100,3,10285848915,HPCC-PINT
2000481305,2,0.2,10000,0.1,100,3,92756170989,HPCC-PINT
2000483325,4,0.4,10000,0.1,100,3,10754730327,HPCC-PINT
2000483404,2,0.2,10000,0.1,100,3,97391479538,HPCC-PINT
2000484981,2,0.2,10000,0.1,100,3,96538054091,HPCC-PINT
2000486973,2,0.2,10000,0.1,100,3,96538054091,HPCC-PINT
2000487807,3,0.3,10000,0.1,100,3,15642328603,HPCC-PINT
2000488995,2,0.2,10000,0.1,100,3,100000000000,HPCC-PINT
2000490572,2,0.2,10000,0.1,100,3,99122377325,HPCC-PINT
2000490659,5,0.5,10000,0.1,100,3,10240435048,HPCC-PINT
2000492317,2,0.2,10000,0.1,100,3,99122377325,HPCC-PINT
2000492404,4,0.4,10000,0.1,100,3,11237715360,HPCC-PINT
2000494331,2,0.2,10000,0.1,100,3,99122377325,HPCC-PINT
2000495991,2,0.2,10000,0.1,100,3,98252895677,HPCC-PINT
2000497489,3,0.3,10000,0.1,100,3,15547226816,HPCC-PINT
2000497817,2,0.2,10000,0.1,100,3,93576567312,HPCC-PINT
2000499587,2,0.2,10000,0.1,100,3,93576567312,HPCC-PINT
2000500089,5,0.5,10000,0.1,100,3,9712326143,HPCC-PINT
2000501163,2,0.2,10000,0.1,100,3,88343837958,HPCC-PINT
2000501333,4,0.4,10000,0.1,100,3,10653306442,HPCC-PINT
2000503082,2,0.2,10000,0.1,100,3,97393956348,HPCC-PINT
2000505255,2,0.2,10000,0.1,100,3,97393956348,HPCC-PINT
2000505342,5,0.5,10000,0.1,100,3,10658511224,HPCC-PINT
2000507251,3,0.3,10000,0.1,100,3,15453007214,HPCC-PINT
2000507342,2,0.2,10000,0.1,100,3,100000000000,HPCC-PINT
2000509014,2,0.2,10000,0.1,100,3,91945721833,HPCC-PINT
2000510512,4,0.4,10000,0.1,100,3,10604483955,HPCC-PINT
2000510591,2,0.2,10000,0.1,100,3,91945721833,HPCC-PINT
2000510678,5,0.5,10000,0.1,100,3,10609640457,HPCC-PINT
2000512678,2,0.2,10000,0.1,100,3,100000000000,HPCC-PINT
2000514299,2,0.2,10000,0.1,100,3,95697453092,HPCC-PINT
2000516509,2,0.2,10000,0.1,100,3,95697453092,HPCC-PINT
2000517177,3,0.3,10000,0.1,100,3,16125144696,HPCC-PINT
2000518429,2,0.2,10000,0.1,100,3,94859741818,HPCC-PINT
2000519923,2,0.2,10000,0.1,100,3,90344992208,HPCC-PINT
2000520010,4,0.4,10000,0.1,100,3,10055823197,HPCC-PINT
2000520259,5,0.5,10000,0.1,100,3,10060688596,HPCC-PINT
2000521873,2,0.2,10000,0.1,100,3,99600228909,HPCC-PINT
2000523863,2,0.2,10000,0.1,100,3,100000000000,HPCC-PINT
2000525278,4,0.4,10000,0.1,100,3,10510670255,HPCC-PINT
2000525610,5,0.5,10000,0.1,100,3,10515731535,HPCC-PINT
2000526047,2,0.2,10000,0.1,100,3,100000000000,HPCC-PINT
2000526772,3,0.3,10000,0.1,100,3,16025564197,HPCC-PINT
2000527624,2,0.2,10000,0.1,100,3,94404645072,HPCC-PINT
2000529284,2,0.2,10000,0.1,100,3,94404645072,HPCC-PINT
2000529537,4,0.4,10000,0.1,100,3,10463170894,HPCC-PINT
2000530699,4,0.4,10000,0.1,100,3,9967305613,HPCC-PINT
2000530784,5,0.5,10000,0.1,100,3,9972081166,HPCC-PINT
2000531217,2,0.2,10000,0.1,100,3,99122377325,HPCC-PINT
2000532887,2,0.2,10000,0.1,100,3,98252895677,HPCC-PINT
2000534874,2,0.2,10000,0.1,100,3,98252895677,HPCC-PINT
2000536289,3,0.3,10000,0.1,100,3,15926907429,HPCC-PINT
2000536700,2,0.2,10000,0.1,100,3,93576567312,HPCC-PINT
2000538360,2,0.2,10000,0.1,100,3,88343837958,HPCC-PINT
2000539194,4,0.4,10000,0.1,100,3,9454615834,HPCC-PINT
2000540046,2,0.2,10000,0.1,100,3,92758529855,HPCC-PINT
2000540216,5,0.5,10000,0.1,100,3,9929577880,HPCC-PINT
2000541959,2,0.2,10000,0.1,100,3,97393956348,HPCC-PINT
2000544401,2,0.2,10000,0.1,100,3,100000000000,HPCC-PINT
2000545318,4,0.4,10000,0.1,100,3,10377021222,HPCC-PINT
2000545484,5,0.5,10000,0.1,100,3,10895809422,HPCC-PINT
2000545899,3,0.3,10000,0.1,100,3,17446530321,HPCC-PINT
2000546061,2,0.2,10000,0.1,100,3,96540507925,HPCC-PINT
2000547721,2,0.2,10000,0.1,100,3,91945721833,HPCC-PINT
2000548223,4,0.4,10000,0.1,100,3,10330761620,HPCC-PINT
2000549658,5,0.5,10000,0.1,100,3,11384474294,HPCC-PINT
2000549737,2,0.2,10000,0.1,100,3,95697453092,HPCC-PINT
2000550903,5,0.5,10000,0.1,100,3,11384474294,HPCC-PINT
2000551401,4,0.4,10000,0.1,100,3,10844799701,HPCC-PINT
2000551563,2,0.2,10000,0.1,100,3,91142812469,HPCC-PINT
2000552480,4,0.4,10000,0.1,100,3,10794200880,HPCC-PINT
2000553306,2,0.2,10000,0.1,100,3,86805059494,HPCC-PINT
2000555164,4,0.4,10000,0.1,100,3,11331410924,HPCC-PINT
2000555492,2,0.2,10000,0.1,100,3,81954605790,HPCC-PINT
2000555579,3,0.3,10000,0.1,100,3,18198926967,HPCC-PINT
2000557235,2,0.2,10000,0.1,100,3,81954605790,HPCC-PINT
2000558318,4,0.4,10000,0.1,100,3,10282572266,HPCC-PINT
2000558563,5,0.5,10000,0.1,100,3,11328869329,HPCC-PINT
2000559836,2,0.2,10000,0.1,100,3,100000000000,HPCC-PINT
2000561846,2,0.2,10000,0.1,100,3,100000000000,HPCC-PINT
2000561998,4,0.4,10000,0.1,100,3,11281375645,HPCC-PINT
2000564508,2,0.2,10000,0.1,100,3,100000000000,HPCC-PINT
2000564902,3,0.3,10000,0.1,100,3,20922105618,HPCC-PINT
2000565176,4,0.4,10000,0.1,100,3,11842944427,HPCC-PINT
2000565919,2,0.2,10000,0.1,100,3,100000000000,HPCC-PINT
2000567579,2,0.2,10000,0.1,100,3,99122377325,HPCC-PINT
2000567915,5,0.5,10000,0.1,100,3,11273780168,HPCC-PINT
2000568994,4,0.4,10000,0.1,100,3,11783086589,HPCC-PINT
2000569844,2,0.2,10000,0.1,100,3,100000000000,HPCC-PINT
2000571587,2,0.2,10000,0.1,100,3,99122377325,HPCC-PINT
2000573085,4,0.4,10000,0.1,100,3,11783086589,HPCC-PINT
2000573413,2,0.2,10000,0.1,100,3,89911566735,HPCC-PINT
2000574994,3,0.3,10000,0.1,100,3,18850931902,HPCC-PINT
2000575405,2,0.2,10000,0.1,100,3,89911566735,HPCC-PINT
2000575990,4,0.4,10000,0.1,100,3,10638466218,HPCC-PINT
2000576899,2,0.2,10000,0.1,100,3,80845942544,HPCC-PINT
2000576986,5,0.5,10000,0.1,100,3,10180795489,HPCC-PINT
2000579540,2,0.2,10000,0.1,100,3,84885739671,HPCC-PINT
2000581322,2,0.2,10000,0.1,100,3,89127526655,HPCC-PINT
2000582239,4,0.4,10000,0.1,100,3,11723784006,HPCC-PINT
2000583650,2,0.2,10000,0.1,100,3,88350759508,HPCC-PINT
2000584173,3,0.3,10000,0.1,100,3,19659869702,HPCC-PINT
2000585184,2,0.2,10000,0.1,100,3,97401587358,HPCC-PINT
2000586365,5,0.5,10000,0.1,100,3,11170207624,HPCC-PINT
2000586840,2,0.2,10000,0.1,100,3,97401587358,HPCC-PINT
2000589450,2,0.2,10000,0.1,100,3,100000000000,HPCC-PINT
2000591276,2,0.2,10000,0.1,100,3,100000000000,HPCC-PINT
2000592110,4,0.4,10000,0.1,100,3,12245783103,HPCC-PINT
2000593102,2,0.2,10000,0.1,100,3,91952922046,HPCC-PINT
2000594434,3,0.3,10000,0.1,100,3,18600000278,HPCC-PINT
2000594762,2,0.2,10000,0.1,100,3,86811853230,HPCC-PINT
2000595430,5,0.5,10000,0.1,100,3,10087723578,HPCC-PINT
2000596446,2,0.2,10000,0.1,100,3,91149945891,HPCC-PINT
2000598304,2,0.2,10000,0.1,100,3,95704943186,HPCC-PINT
2000600933,2,0.2,10000,0.1,100,3,99608020554,HPCC-PINT
2000601601,4,0.4,10000,0.1,100,3,12788797864,HPCC-PINT
2000602676,2,0.2,10000,0.1,100,3,90352059459,HPCC-PINT
2000604091,3,0.3,10000,0.1,100,3,17599964245,HPCC-PINT
2000604336,2,0.2,10000,0.1,100,3,90352059459,HPCC-PINT
2000605253,5,0.5,10000,0.1,100,3,9568235777,HPCC-PINT
2000606276,2,0.2,10000,0.1,100,3,94039629932,HPCC-PINT
2000608510,2,0.2,10000,0.1,100,3,98739111428,HPCC-PINT
2000610520,2,0.2,10000,0.1,100,3,100000000000,HPCC-PINT
2000611105,4,0.4,10000,0.1,100,3,13353674379,HPCC-PINT
2000612180,2,0.2,10000,0.1,100,3,93214938135,HPCC-PINT
2000613558,3,0.3,10000,0.1,100,3,17486702986,HPCC-PINT
2000613933,2,0.2,10000,0.1,100,3,97873185042,HPCC-PINT
2000613937,5,0.5,10000,0.1,100,3,9529478652,HPCC-PINT
2000615690,2,0.2,10000,0.1,100,3,100000000000,HPCC-PINT
2000617447,2,0.2,10000,0.1,100,3,100000000000,HPCC-PINT
2000619190,5,0.5,10000,0.1,100,3,10458791854,HPCC-PINT
2000619850,2,0.2,10000,0.1,100,3,97015291185,HPCC-PINT
2000620518,4,0.4,10000,0.1,100,3,13941292801,HPCC-PINT
2000621348,5,0.5,10000,0.1,100,3,10411773729,HPCC-PINT
2000621593,2,0.2,10000,0.1,100,3,87229460631,HPCC-PINT
2000623253,2,0.2,10000,0.1,100,3,87229460631,HPCC-PINT
2000623257,5,0.5,10000,0.1,100,3,9448434221,HPCC-PINT
2000623755,3,0.3,10000,0.1,100,3,15763825273,HPCC-PINT
2000625106,2,0.2,10000,0.1,100,3,91588433663,HPCC-PINT
2000625193,5,0.5,10000,0.1,100,3,9918355932,HPCC-PINT
2000627361,5,0.5,10000,0.1,100,3,9876351013,HPCC-PINT
2000627593,2,0.2,10000,0.1,100,3,100000000000,HPCC-PINT
2000628510,5,0.5,10000,0.1,100,3,10883551992,HPCC-PINT
2000629502,2,0.2,10000,0.1,100,3,95325780514,HPCC-PINT
2000630170,4,0.4,10000,0.1,100,3,14552568718,HPCC-PINT
2000630419,5,0.5,10000,0.1,100,3,9876351013,HPCC-PINT
2000631162,2,0.2,10000,0.1,100,3,94491516959,HPCC-PINT
2000633261,2,0.2,10000,0.1,100,3,94491516959,HPCC-PINT
2000633348,3,0.3,10000,0.1,100,3,15667596455,HPCC-PINT
2000634676,5,0.5,10000,0.1,100,3,9834735741,HPCC-PINT
2000634838,2,0.2,10000,0.1,100,3,89994301866,HPCC-PINT
2000635755,5,0.5,10000,0.1,100,3,9368795944,HPCC-PINT
2000636586,2,0.2,10000,0.1,100,3,84963804110,HPCC-PINT
2000638850,2,0.2,10000,0.1,100,3,93667469032,HPCC-PINT
2000639601,4,0.4,10000,0.1,100,3,15188454580,HPCC-PINT
2000640842,2,0.2,10000,0.1,100,3,84963804110,HPCC-PINT
2000642921,3,0.3,10000,0.1,100,3,14833105026,HPCC-PINT
2000643202,2,0.2,10000,0.1,100,3,97493849100,HPCC-PINT
2000643392,5,0.5,10000,0.1,100,3,9331888868,HPCC-PINT
2000644732,2,0.2,10000,0.1,100,3,88434443628,HPCC-PINT
2000647155,2,0.2,10000,0.1,100,3,92853665809,HPCC-PINT
2000648631,5,0.5,10000,0.1,100,3,11849636753,HPCC-PINT
2000648797,4,0.4,10000,0.1,100,3,18340406912,HPCC-PINT
2000649042,2,0.2,10000,0.1,100,3,100000000000,HPCC-PINT
2000652057,3,0.3,10000,0.1,100,3,22847558970,HPCC-PINT
2000652166,5,0.5,10000,0.1,100,3,18262153974,HPCC-PINT
2000655221,5,0.5,10000,0.1,100,3,31198963739,HPCC-PINT
2000658093,4,0.4,10000,0.1,100,3,45965385366,HPCC-PINT
2000661285,3,0.3,10000,0.1,100,3,51931255290,HPCC-PINT
2000661547,5,0.5,10000,0.1,100,3,74437529753,HPCC-PINT
2000662816,5,0.5,10000,0.1,100,3,100000000000,HPCC-PINT
2000664997,4,0.4,10000,0.1,100,3,100000000000,HPCC-PINT
2000668049,4,0.4,10000,0.1,100,3,100000000000,HPCC-PINT
2000668211,5,0.5,10000,0.1,100,3,89689976308,HPCC-PINT
2000669124,3,0.3,10000,0.1,100,3,54072005650,HPCC-PINT
2000670203,5,0.5,10000,0.1,100,3,80646817915,HPCC-PINT
2000673025,5,0.5,10000,0.1,100,3,57328653760,HPCC-PINT
2000673693,3,0.3,10000,0.1,100,3,34581971322,HPCC-PINT
2000673855,4,0.4,10000,0.1,100,3,60871845500,HPCC-PINT
2000674689,5,0.5,10000,0.1,100,3,54601098819,HPCC-PINT
2000675183,4,0.4,10000,0.1,100,3,33631296891,HPCC-PINT
2000677175,4,0.4,10000,0.1,100,3,32032187515,HPCC-PINT
2000678839,4,0.4,10000,0.1,100,3,32032187515,HPCC-PINT
2000679001,5,0.5,10000,0.1,100,3,49529454711,HPCC-PINT
2000679997,3,0.3,10000,0.1,100,3,31371515938,HPCC-PINT
2000681495,3,0.3,10000,0.1,100,3,19130734954,HPCC-PINT
2000681744,5,0.5,10000,0.1,100,3,31680964842,HPCC-PINT
2000685499,4,0.4,10000,0.1,100,3,60357184458,HPCC-PINT
2000686467,5,0.5,10000,0.1,100,3,54149684105,HPCC-PINT
2000686665,4,0.4,10000,0.1,100,3,59847297529,HPCC-PINT
2000687713,5,0.5,10000,0.1,100,3,62153547528,HPCC-PINT
2000688262,3,0.3,10000,0.1,100,3,37828550077,HPCC-PINT
2000691969,4,0.4,10000,0.1,100,3,97453496641,HPCC-PINT
2000693380,5,0.5,10000,0.1,100,3,68519161150,HPCC-PINT
2000695289,4,0.4,10000,0.1,100,3,96599495909,HPCC-PINT
2000696285,5,0.5,10000,0.1,100,3,64701011309,HPCC-PINT
2000696700,3,0.3,10000,0.1,100,3,34043327772,HPCC-PINT
2000697451,5,0.5,10000,0.1,100,3,61622391723,HPCC-PINT
2000698360,4,0.4,10000,0.1,100,3,83453084685,HPCC-PINT
2000698530,3,0.3,10000,0.1,100,3,30641867704,HPCC-PINT
2000700601,4,0.4,10000,0.1,100,3,61746309160,HPCC-PINT
2000701265,5,0.5,10000,0.1,100,3,50705759049,HPCC-PINT
2000702676,4,0.4,10000,0.1,100,3,56010371120,HPCC-PINT
2000704091,4,0.4,10000,0.1,100,3,58808389677,HPCC-PINT
2000704336,5,0.5,10000,0.1,100,3,34051296717,HPCC-PINT
2000705502,5,0.5,10000,0.1,100,3,34051296717,HPCC-PINT
2000706162,3,0.3,10000,0.1,100,3,24019528827,HPCC-PINT
2000707490,4,0.4,10000,0.1,100,3,61746309160,HPCC-PINT
2000708407,5,0.5,10000,0.1,100,3,35751361553,HPCC-PINT
2000710185,4,0.4,10000,0.1,100,3,52894000773,HPCC-PINT
2000711232,5,0.5,10000,0.1,100,3,33783070301,HPCC-PINT
2000713924,4,0.4,10000,0.1,100,3,67493823876,HPCC-PINT
2000715837,3,0.3,10000,0.1,100,3,25036554142,HPCC-PINT
2000716398,5,0.5,10000,0.1,100,3,39100245508,HPCC-PINT
2000716833,4,0.4,10000,0.1,100,3,66917735862,HPCC-PINT
2000717894,5,0.5,10000,0.1,100,3,47135725340,HPCC-PINT
2000719958,4,0.4,10000,0.1,100,3,100000000000,HPCC-PINT
2000722405,4,0.4,10000,0.1,100,3,100000000000,HPCC-PINT
2000723816,5,0.5,10000,0.1,100,3,40724419903,HPCC-PINT
2000723903,4,0.4,10000,0.1,100,3,100000000000,HPCC-PINT
2000725646,3,0.3,10000,0.1,100,3,26094524858,HPCC-PINT
2000726140,4,0.4,10000,0.1,100,3,94404645072,HPCC-PINT
2000726808,5,0.5,10000,0.1,100,3,38475381857,HPCC-PINT
2000727468,4,0.4,10000,0.1,100,3,84883493132,HPCC-PINT
2000728879,4,0.4,10000,0.1,100,3,80843802983,HPCC-PINT
2000730294,4,0.4,10000,0.1,100,3,80843802983,HPCC-PINT
2000731950,5,0.5,10000,0.1,100,3,34902954065,HPCC-PINT
2000732365,4,0.4,10000,0.1,100,3,80843802983,HPCC-PINT
2000734523,4,0.4,10000,0.1,100,3,65943431264,HPCC-PINT
2000734527,5,0.5,10000,0.1,100,3,29920801295,HPCC-PINT
2000735938,3,0.3,10000,0.1,100,3,21318887863,HPCC-PINT
2000737037,4,0.4,10000,0.1,100,3,80143877535,HPCC-PINT
2000739244,4,0.4,10000,0.1,100,3,79450444755,HPCC-PINT
2000739924,5,0.5,10000,0.1,100,3,36358145666,HPCC-PINT
2000740586,4,0.4,10000,0.1,100,3,79450444755,HPCC-PINT
2000742791,4,0.4,10000,0.1,100,3,91965939859,HPCC-PINT
2000744617,4,0.4,10000,0.1,100,3,95718485095,HPCC-PINT
2000745700,3,0.3,10000,0.1,100,3,22227185476,HPCC-PINT
2000746945,4,0.4,10000,0.1,100,3,91162842948,HPCC-PINT
2000747720,5,0.5,10000,0.1,100,3,37871923226,HPCC-PINT
2000748716,4,0.4,10000,0.1,100,3,95718485095,HPCC-PINT
2000749633,5,0.5,10000,0.1,100,3,39446645412,HPCC-PINT
2000750044,4,0.4,10000,0.1,100,3,90364836879,HPCC-PINT
2000751884,4,0.4,10000,0.1,100,3,90364836879,HPCC-PINT
2000754965,4,0.4,10000,0.1,100,3,90364836879,HPCC-PINT
2000755633,3,0.3,10000,0.1,100,3,21022381965,HPCC-PINT
2000756210,5,0.5,10000,0.1,100,3,34082303563,HPCC-PINT
2000757040,4,0.4,10000,0.1,100,3,77386436378,HPCC-PINT
2000758206,5,0.5,10000,0.1,100,3,29218468534,HPCC-PINT
2000759139,4,0.4,10000,0.1,100,3,94052921770,HPCC-PINT
2000761214,4,0.4,10000,0.1,100,3,93230465541,HPCC-PINT
2000764145,4,0.4,10000,0.1,100,3,93230465541,HPCC-PINT
2000764726,5,0.5,10000,0.1,100,3,32208236559,HPCC-PINT
2000765062,3,0.3,10000,0.1,100,3,20877373583,HPCC-PINT
2000765639,4,0.4,10000,0.1,100,3,88017274860,HPCC-PINT
2000766967,4,0.4,10000,0.1,100,3,88017274860,HPCC-PINT
2000768050,4,0.4,10000,0.1,100,3,88017274860,HPCC-PINT
2000770021,4,0.4,10000,0.1,100,3,100000000000,HPCC-PINT
2000772262,4,0.4,10000,0.1,100,3,99122377325,HPCC-PINT
2000774171,5,0.5,10000,0.1,100,3,28992825989,HPCC-PINT
2000774586,4,0.4,10000,0.1,100,3,85632444509,HPCC-PINT
2000775337,5,0.5,10000,0.1,100,3,24862769213,HPCC-PINT
2000775420,3,0.3,10000,0.1,100,3,18810734994,HPCC-PINT
2000775914,4,0.4,10000,0.1,100,3,77000656269,HPCC-PINT
2000777360,4,0.4,10000,0.1,100,3,77000656269,HPCC-PINT
2000778696,4,0.4,10000,0.1,100,3,77000656269,HPCC-PINT
2000780870,4,0.4,10000,0.1,100,3,89130003464,HPCC-PINT
2000782945,4,0.4,10000,0.1,100,3,88353213342,HPCC-PINT
2000783530,5,0.5,10000,0.1,100,3,28773881961,HPCC-PINT
2000784858,4,0.4,10000,0.1,100,3,84148298421,HPCC-PINT
2000784941,3,0.3,10000,0.1,100,3,18686242351,HPCC-PINT
2000786454,4,0.4,10000,0.1,100,3,100000000000,HPCC-PINT
2000788021,4,0.4,10000,0.1,100,3,100000000000,HPCC-PINT
2000790946,4,0.4,10000,0.1,100,3,100000000000,HPCC-PINT
2000792855,4,0.4,10000,0.1,100,3,99122377325,HPCC-PINT
2000793274,5,0.5,10000,0.1,100,3,29982317353,HPCC-PINT
2000794432,4,0.4,10000,0.1,100,3,94404645072,HPCC-PINT
2000795017,3,0.3,10000,0.1,100,3,16841750140,HPCC-PINT
2000796033,4,0.4,10000,0.1,100,3,99122377325,HPCC-PINT
2000798112,4,0.4,10000,0.1,100,3,100000000000,HPCC-PINT
2000800021,4,0.4,10000,0.1,100,3,98252895677,HPCC-PINT
2000802179,4,0.4,10000,0.1,100,3,93576567312,HPCC-PINT
2000802677,5,0.5,10000,0.1,100,3,26992580117,HPCC-PINT
2000804005,4,0.4,10000,0.1,100,3,80135113794,HPCC-PINT
2000804922,3,0.3,10000,0.1,100,3,15184260541,HPCC-PINT
2000805333,4,0.4,10000,0.1,100,3,84139369483,HPCC-PINT
2000807462,4,0.4,10000,0.1,100,3,97393956348,HPCC-PINT
2000810187,4,0.4,10000,0.1,100,3,100000000000,HPCC-PINT
2000812179,4,0.4,10000,0.1,100,3,96540507925,HPCC-PINT
2000812681,5,0.5,10000,0.1,100,3,26792190823,HPCC-PINT
2000813673,4,0.4,10000,0.1,100,3,91140453603,HPCC-PINT
2000814341,3,0.3,10000,0.1,100,3,14377055140,HPCC-PINT
2000815357,4,0.4,10000,0.1,100,3,100000000000,HPCC-PINT
2000817452,4,0.4,10000,0.1,100,3,100000000000,HPCC-PINT
2000819278,4,0.4,10000,0.1,100,3,100000000000,HPCC-PINT
2000821353,4,0.4,10000,0.1,100,3,94404645072,HPCC-PINT
2000822602,5,0.5,10000,0.1,100,3,25329676558,HPCC-PINT
2000823013,4,0.4,10000,0.1,100,3,89911566735,HPCC-PINT
2000824096,3,0.3,10000,0.1,100,3,12969446999,HPCC-PINT
2000824424,4,0.4,10000,0.1,100,3,84885739671,HPCC-PINT
2000826495,4,0.4,10000,0.1,100,3,98257973137,HPCC-PINT
2000828701,4,0.4,10000,0.1,100,3,98257973137,HPCC-PINT
2000830918,4,0.4,10000,0.1,100,3,97396509899,HPCC-PINT
2000832250,5,0.5,10000,0.1,100,3,25144712734,HPCC-PINT
2000832578,4,0.4,10000,0.1,100,3,97396509899,HPCC-PINT
2000833495,3,0.3,10000,0.1,100,3,12287275683,HPCC-PINT
2000833906,4,0.4,10000,0.1,100,3,92760961808,HPCC-PINT
2000836038,4,0.4,10000,0.1,100,3,100000000000,HPCC-PINT
2000838163,4,0.4,10000,0.1,100,3,100000000000,HPCC-PINT
2000839989,4,0.4,10000,0.1,100,3,91950490093,HPCC-PINT
2000841981,4,0.4,10000,0.1,100,3,82678151018,HPCC-PINT
2000842234,5,0.5,10000,0.1,100,3,23775204454,HPCC-PINT
2000843392,4,0.4,10000,0.1,100,3,86809558569,HPCC-PINT
2000843396,3,0.3,10000,0.1,100,3,11091538437,HPCC-PINT
2000845164,4,0.4,10000,0.1,100,3,91147536497,HPCC-PINT
2000848064,4,0.4,10000,0.1,100,3,100000000000,HPCC-PINT
2000849890,4,0.4,10000,0.1,100,3,94867132845,HPCC-PINT
2000851716,4,0.4,10000,0.1,100,3,94037123810,HPCC-PINT
2000852384,5,0.5,10000,0.1,100,3,22483009777,HPCC-PINT
2000852799,3,0.3,10000,0.1,100,3,10515381725,HPCC-PINT
2000853483,4,0.4,10000,0.1,100,3,94037123810,HPCC-PINT
2000855032,4,0.4,10000,0.1,100,3,98736480000,HPCC-PINT
2000857260,4,0.4,10000,0.1,100,3,100000000000,HPCC-PINT
2000859317,4,0.4,10000,0.1,100,3,100000000000,HPCC-PINT
2000860732,3,0.3,10000,0.1,100,3,10988730592,HPCC-PINT
2000861143,4,0.4,10000,0.1,100,3,93212455260,HPCC-PINT
2000862475,5,0.5,10000,0.1,100,3,21263764076,HPCC-PINT
2000862637,4,0.4,10000,0.1,100,3,83812172689,HPCC-PINT
2000862641,3,0.3,10000,0.1,100,3,10418377748,HPCC-PINT
2000864404,4,0.4,10000,0.1,100,3,97015185159,HPCC-PINT
2000866334,4,0.4,10000,0.1,100,3,100000000000,HPCC-PINT
2000868910,4,0.4,10000,0.1,100,3,100000000000,HPCC-PINT
2000869993,3,0.3,10000,0.1,100,3,12652827955,HPCC-PINT
2000870653,4,0.4,10000,0.1,100,3,100000000000,HPCC-PINT
2000872147,4,0.4,10000,0.1,100,3,94404645072,HPCC-PINT
2000872566,5,0.5,10000,0.1,100,3,21116516579,HPCC-PINT
2000873997,4,0.4,10000,0.1,100,3,98255372487,HPCC-PINT
2000875906,4,0.4,10000,0.1,100,3,100000000000,HPCC-PINT
2000877566,4,0.4,10000,0.1,100,3,98255372487,HPCC-PINT
2000879145,3,0.3,10000,0.1,100,3,12585457453,HPCC-PINT
2000879556,4,0.4,10000,0.1,100,3,97393933373,HPCC-PINT
2000881216,4,0.4,10000,0.1,100,3,92758507974,HPCC-PINT
2000881884,5,0.5,10000,0.1,100,3,19974414269,HPCC-PINT
2000882675,4,0.4,10000,0.1,100,3,97393933373,HPCC-PINT
2000884816,4,0.4,10000,0.1,100,3,100000000000,HPCC-PINT
2000886594,4,0.4,10000,0.1,100,3,100000000000,HPCC-PINT
2000888420,4,0.4,10000,0.1,100,3,96540485163,HPCC-PINT
2000888590,3,0.3,10000,0.1,100,3,12518711896,HPCC-PINT
2000890235,4,0.4,10000,0.1,100,3,91140432126,HPCC-PINT
2000891567,5,0.5,10000,0.1,100,3,19839127073,HPCC-PINT
2000891681,4,0.4,10000,0.1,100,3,95694953732,HPCC-PINT
2000893677,4,0.4,10000,0.1,100,3,100000000000,HPCC-PINT
2000895604,4,0.4,10000,0.1,100,3,100000000000,HPCC-PINT
2000897525,4,0.4,10000,0.1,100,3,100000000000,HPCC-PINT
2000898027,3,0.3,10000,0.1,100,3,13072714760,HPCC-PINT
2000899185,4,0.4,10000,0.1,100,3,99122377325,HPCC-PINT
2000900774,4,0.4,10000,0.1,100,3,93576567312,HPCC-PINT
2000901027,5,0.5,10000,0.1,100,3,19705094831,HPCC-PINT
2000902695,4,0.4,10000,0.1,100,3,100000000000,HPCC-PINT
2000904439,4,0.4,10000,0.1,100,3,100000000000,HPCC-PINT
2000906122,4,0.4,10000,0.1,100,3,99122377325,HPCC-PINT
2000907288,3,0.3,10000,0.1,100,3,13001449293,HPCC-PINT
2000908280,4,0.4,10000,0.1,100,3,99122377325,HPCC-PINT
2000909940,4,0.4,10000,0.1,100,3,99122377325,HPCC-PINT
2000910857,5,0.5,10000,0.1,100,3,19572305903,HPCC-PINT
2000911268,4,0.4,10000,0.1,100,3,98252895677,HPCC-PINT
2000913453,4,0.4,10000,0.1,100,3,100000000000,HPCC-PINT
2000915208,4,0.4,10000,0.1,100,3,100000000000,HPCC-PINT
2000916540,3,0.3,10000,0.1,100,3,12930844901,HPCC-PINT
2000916868,4,0.4,10000,0.1,100,3,99122377325,HPCC-PINT
2000918767,4,0.4,10000,0.1,100,3,99122377325,HPCC-PINT
2000920317,4,0.4,10000,0.1,100,3,94404645072,HPCC-PINT
2000920321,5,0.5,10000,0.1,100,3,19440748755,HPCC-PINT
2000922041,4,0.4,10000,0.1,100,3,93578926178,HPCC-PINT
2000923941,4,0.4,10000,0.1,100,3,98255372487,HPCC-PINT
2000925736,4,0.4,10000,0.1,100,3,93578926178,HPCC-PINT
2000925740,3,0.3,10000,0.1,100,3,13501440224,HPCC-PINT
2000927543,4,0.4,10000,0.1,100,3,92760866840,HPCC-PINT
2000929449,4,0.4,10000,0.1,100,3,92760866840,HPCC-PINT
2000929951,5,0.5,10000,0.1,100,3,20273432559,HPCC-PINT
2000930989,4,0.4,10000,0.1,100,3,92760866840,HPCC-PINT
2000933045,4,0.4,10000,0.1,100,3,96545415806,HPCC-PINT
2000935117,4,0.4,10000,0.1,100,3,100000000000,HPCC-PINT
2000935453,3,0.3,10000,0.1,100,3,14797258077,HPCC-PINT
2000936777,4,0.4,10000,0.1,100,3,91950396006,HPCC-PINT
2000938638,4,0.4,10000,0.1,100,3,91147443283,HPCC-PINT
2000939472,5,0.5,10000,0.1,100,3,20135371601,HPCC-PINT
2000940453,4,0.4,10000,0.1,100,3,95702315447,HPCC-PINT
2000942062,4,0.4,10000,0.1,100,3,91147443283,HPCC-PINT
2000944407,4,0.4,10000,0.1,100,3,94867035878,HPCC-PINT
2000944660,3,0.3,10000,0.1,100,3,17020777123,HPCC-PINT
2000946133,4,0.4,10000,0.1,100,3,94867035878,HPCC-PINT
2000947793,4,0.4,10000,0.1,100,3,86051846602,HPCC-PINT
2000948876,5,0.5,10000,0.1,100,3,19998591328,HPCC-PINT
2000950085,4,0.4,10000,0.1,100,3,94042105202,HPCC-PINT
2000951662,4,0.4,10000,0.1,100,3,89566290669,HPCC-PINT
2000953839,3,0.3,10000,0.1,100,3,17756032961,HPCC-PINT
2000954005,4,0.4,10000,0.1,100,3,85303610161,HPCC-PINT
2000955836,4,0.4,10000,0.1,100,3,93224826770,HPCC-PINT
2000957413,4,0.4,10000,0.1,100,3,88787930257,HPCC-PINT
2000958579,5,0.5,10000,0.1,100,3,20853733853,HPCC-PINT
2000960190,4,0.4,10000,0.1,100,3,100000000000,HPCC-PINT
2000961781,4,0.4,10000,0.1,100,3,100000000000,HPCC-PINT
2000963445,3,0.3,10000,0.1,100,3,19444434680,HPCC-PINT
2000964275,4,0.4,10000,0.1,100,3,100000000000,HPCC-PINT
2000965938,4,0.4,10000,0.1,100,3,100000000000,HPCC-PINT
2000967515,4,0.4,10000,0.1,100,3,99122377325,HPCC-PINT
2000968349,5,0.5,10000,0.1,100,3,20710289889,HPCC-PINT
2000969445,4,0.4,10000,0.1,100,3,99122377325,HPCC-PINT
2000971191,4,0.4,10000,0.1,100,3,99122377325,HPCC-PINT
2000972851,4,0.4,10000,0.1,100,3,98252895677,HPCC-PINT
2000973021,3,0.3,10000,0.1,100,3,19314063695,HPCC-PINT
2000974699,4,0.4,10000,0.1,100,3,98252895677,HPCC-PINT
2000976520,4,0.4,10000,0.1,100,3,98252895677,HPCC-PINT
2000977852,5,0.5,10000,0.1,100,3,20568176544,HPCC-PINT
2000978108,4,0.4,10000,0.1,100,3,97391479538,HPCC-PINT
2000980035,4,0.4,10000,0.1,100,3,97391479538,HPCC-PINT
2000981829,4,0.4,10000,0.1,100,3,97391479538,HPCC-PINT
2000982663,3,0.3,10000,0.1,100,3,19184902060,HPCC-PINT
2000983406,4,0.4,10000,0.1,100,3,91943384848,HPCC-PINT
2000985380,4,0.4,10000,0.1,100,3,96538054091,HPCC-PINT
2000987168,4,0.4,10000,0.1,100,3,96538054091,HPCC-PINT
2000987172,5,0.5,10000,0.1,100,3,20427381474,HPCC-PINT
2000988833,4,0.4,10000,0.1,100,3,91138138297,HPCC-PINT
2000991060,4,0.4,10000,0.1,100,3,100000000000,HPCC-PINT
2000991894,3,0.3,10000,0.1,100,3,20007285486,HPCC-PINT
2000992637,4,0.4,10000,0.1,100,3,95692545212,HPCC-PINT
2000994297,4,0.4,10000,0.1,100,3,90340361395,HPCC-PINT
2000996483,5,0.5,10000,0.1,100,3,22362276428,HPCC-PINT
2000996645,4,0.4,10000,0.1,100,3,99595123438,HPCC-PINT
2000998305,4,0.4,10000,0.1,100,3,94854879465,HPCC-PINT
2001000819,4,0.4,10000,0.1,100,3,100000000000,HPCC-PINT
2001001258,3,0.3,10000,0.1,100,3,19871693369,HPCC-PINT
2001002481,4,0.4,10000,0.1,100,3,98723733300,HPCC-PINT
2001004058,4,0.4,10000,0.1,100,3,89549984852,HPCC-PINT
2001005782,5,0.5,10000,0.1,100,3,23312580825,HPCC-PINT
2001006238,4,0.4,10000,0.1,100,3,88769298887,HPCC-PINT
2001007898,4,0.4,10000,0.1,100,3,88769298887,HPCC-PINT
2001010392,4,0.4,10000,0.1,100,3,84544570369,HPCC-PINT
2001010652,3,0.3,10000,0.1,100,3,19737359035,HPCC-PINT
2001012011,4,0.4,10000,0.1,100,3,87998331552,HPCC-PINT
2001013671,4,0.4,10000,0.1,100,3,83810315764,HPCC-PINT
2001015276,5,0.5,10000,0.1,100,3,25513701663,HPCC-PINT
2001016470,4,0.4,10000,0.1,100,3,97013035536,HPCC-PINT
2001018130,4,0.4,10000,0.1,100,3,100000000000,HPCC-PINT
2001020209,3,0.3,10000,0.1,100,3,20581984358,HPCC-PINT
2001020375,4,0.4,10000,0.1,100,3,100000000000,HPCC-PINT
2001022224,4,0.4,10000,0.1,100,3,100000000000,HPCC-PINT
2001023884,4,0.4,10000,0.1,100,3,99122377325,HPCC-PINT
2001025465,5,0.5,10000,0.1,100,3,24123362648,HPCC-PINT
2001025544,4,0.4,10000,0.1,100,3,94404645072,HPCC-PINT
2001027560,4,0.4,10000,0.1,100,3,94404645072,HPCC-PINT
2001029137,4,0.4,10000,0.1,100,3,89125167789,HPCC-PINT
2001029556,3,0.3,10000,0.1,100,3,19470058289,HPCC-PINT
2001030895,4,0.4,10000,0.1,100,3,93578926178,HPCC-PINT
2001033138,4,0.4,10000,0.1,100,3,93578926178,HPCC-PINT
2001035106,4,0.4,10000,0.1,100,3,92760866840,HPCC-PINT
2001035134,5,0.5,10000,0.1,100,3,22811513206,HPCC-PINT
2001036683,4,0.4,10000,0.1,100,3,88346063657,HPCC-PINT
2001038658,4,0.4,10000,0.1,100,3,92760866840,HPCC-PINT
2001039160,3,0.3,10000,0.1,100,3,20303922094,HPCC-PINT
2001040774,4,0.4,10000,0.1,100,3,96545415806,HPCC-PINT
2001042922,4,0.4,10000,0.1,100,3,96545415806,HPCC-PINT
2001044503,5,0.5,10000,0.1,100,3,23779903859,HPCC-PINT
2001044665,4,0.4,10000,0.1,100,3,100000000000,HPCC-PINT
2001046359,4,0.4,10000,0.1,100,3,95699838638,HPCC-PINT
2001048213,4,0.4,10000,0.1,100,3,95699838638,HPCC-PINT
2001048549,3,0.3,10000,0.1,100,3,21171357224,HPCC-PINT
2001050084,4,0.4,10000,0.1,100,3,94862105235,HPCC-PINT
2001051744,4,0.4,10000,0.1,100,3,90347243081,HPCC-PINT
2001053888,4,0.4,10000,0.1,100,3,90347243081,HPCC-PINT
2001054141,5,0.5,10000,0.1,100,3,22487443884,HPCC-PINT
2001055586,4,0.4,10000,0.1,100,3,85296820541,HPCC-PINT
2001058062,4,0.4,10000,0.1,100,3,100000000000,HPCC-PINT
2001058246,3,0.3,10000,0.1,100,3,20026158965,HPCC-PINT
2001059760,4,0.4,10000,0.1,100,3,100000000000,HPCC-PINT
2001062171,4,0.4,10000,0.1,100,3,100000000000,HPCC-PINT
2001063485,5,0.5,10000,0.1,100,3,25840548239,HPCC-PINT
2001063813,4,0.4,10000,0.1,100,3,100000000000,HPCC-PINT
2001065390,4,0.4,10000,0.1,100,3,99122377325,HPCC-PINT
2001067133,4,0.4,10000,0.1,100,3,94404645072,HPCC-PINT
2001067718,3,0.3,10000,0.1,100,3,18945611213,HPCC-PINT
2001069146,4,0.4,10000,0.1,100,3,100000000000,HPCC-PINT
2001070889,4,0.4,10000,0.1,100,3,94404645072,HPCC-PINT
2001072715,4,0.4,10000,0.1,100,3,89911566735,HPCC-PINT
2001073217,5,0.5,10000,0.1,100,3,24431757575,HPCC-PINT
2001074565,4,0.4,10000,0.1,100,3,94404645072,HPCC-PINT
2001076225,4,0.4,10000,0.1,100,3,89125167789,HPCC-PINT
2001077059,3,0.3,10000,0.1,100,3,17926064216,HPCC-PINT
2001078739,4,0.4,10000,0.1,100,3,100000000000,HPCC-PINT
2001080482,4,0.4,10000,0.1,100,3,100000000000,HPCC-PINT
2001082913,4,0.4,10000,0.1,100,3,100000000000,HPCC-PINT
2001083059,5,0.5,10000,0.1,100,3,24255123052,HPCC-PINT
2001084490,4,0.4,10000,0.1,100,3,100000000000,HPCC-PINT
2001086067,4,0.4,10000,0.1,100,3,99122377325,HPCC-PINT
2001086901,3,0.3,10000,0.1,100,3,16964074266,HPCC-PINT
2001088249,4,0.4,10000,0.1,100,3,100000000000,HPCC-PINT
2001089909,4,0.4,10000,0.1,100,3,99122377325,HPCC-PINT
2001091735,4,0.4,10000,0.1,100,3,94404645072,HPCC-PINT
2001092984,5,0.5,10000,0.1,100,3,22935835267,HPCC-PINT
2001093502,4,0.4,10000,0.1,100,3,94404645072,HPCC-PINT
2001095124,4,0.4,10000,0.1,100,3,89125167789,HPCC-PINT
2001096207,3,0.3,10000,0.1,100,3,16056392063,HPCC-PINT
2001096877,4,0.4,10000,0.1,100,3,93578926178,HPCC-PINT
2001099014,4,0.4,10000,0.1,100,3,98255372487,HPCC-PINT
2001101051,4,0.4,10000,0.1,100,3,97393933373,HPCC-PINT
2001102223,5,0.5,10000,0.1,100,3,23909231121,HPCC-PINT
2001102717,4,0.4,10000,0.1,100,3,97393933373,HPCC-PINT
2001104522,4,0.4,10000,0.1,100,3,97393933373,HPCC-PINT
2001105771,3,0.3,10000,0.1,100,3,15957449329,HPCC-PINT
2001106171,4,0.4,10000,0.1,100,3,100000000000,HPCC-PINT
2001108142,4,0.4,10000,0.1,100,3,96540485163,HPCC-PINT
2001109944,4,0.4,10000,0.1,100,3,96540485163,HPCC-PINT
2001111770,4,0.4,10000,0.1,100,3,91140432126,HPCC-PINT
2001111940,5,0.5,10000,0.1,100,3,22609470163,HPCC-PINT
2001113430,4,0.4,10000,0.1,100,3,91140432126,HPCC-PINT
2001115197,4,0.4,10000,0.1,100,3,95694953732,HPCC-PINT
2001115201,3,0.3,10000,0.1,100,3,15859424410,HPCC-PINT
2001117198,4,0.4,10000,0.1,100,3,99597628925,HPCC-PINT
2001119175,4,0.4,10000,0.1,100,3,99597628925,HPCC-PINT
2001121114,4,0.4,10000,0.1,100,3,94857265643,HPCC-PINT
2001121533,5,0.5,10000,0.1,100,3,22449739591,HPCC-PINT
2001122691,4,0.4,10000,0.1,100,3,94027348138,HPCC-PINT
2001124348,4,0.4,10000,0.1,100,3,94027348138,HPCC-PINT
2001124684,3,0.3,10000,0.1,100,3,15762308793,HPCC-PINT
2001126387,4,0.4,10000,0.1,100,3,98726215545,HPCC-PINT
2001128240,4,0.4,10000,0.1,100,3,100000000000,HPCC-PINT
2001130110,4,0.4,10000,0.1,100,3,97860408784,HPCC-PINT
2001131193,5,0.5,10000,0.1,100,3,22291490716,HPCC-PINT
2001131899,4,0.4,10000,0.1,100,3,97860408784,HPCC-PINT
2001133493,4,0.4,10000,0.1,100,3,92385841374,HPCC-PINT
2001134244,3,0.3,10000,0.1,100,3,14922470516,HPCC-PINT
2001135219,4,0.4,10000,0.1,100,3,100000000000,HPCC-PINT
2001137318,4,0.4,10000,0.1,100,3,100000000000,HPCC-PINT
2001139061,4,0.4,10000,0.1,100,3,99122377325,HPCC-PINT
2001140642,5,0.5,10000,0.1,100,3,21083056946,HPCC-PINT
2001140887,4,0.4,10000,0.1,100,3,94404645072,HPCC-PINT
2001142571,4,0.4,10000,0.1,100,3,94404645072,HPCC-PINT
2001143488,3,0.3,10000,0.1,100,3,14130044091,HPCC-PINT
2001144159,4,0.4,10000,0.1,100,3,93578926178,HPCC-PINT
2001146228,4,0.4,10000,0.1,100,3,98255372487,HPCC-PINT
2001148156,4,0.4,10000,0.1,100,3,98255372487,HPCC-PINT
2001149982,4,0.4,10000,0.1,100,3,97393933373,HPCC-PINT
2001150152,5,0.5,10000,0.1,100,3,20937485729,HPCC-PINT
2001151734,4,0.4,10000,0.1,100,3,92758507974,HPCC-PINT
2001152983,3,0.3,10000,0.1,100,3,13382352950,HPCC-PINT
2001153265,4,0.4,10000,0.1,100,3,97393933373,HPCC-PINT
2001155239,4,0.4,10000,0.1,100,3,100000000000,HPCC-PINT
2001157153,4,0.4,10000,0.1,100,3,100000000000,HPCC-PINT
2001159062,4,0.4,10000,0.1,100,3,96540485163,HPCC-PINT
2001159647,5,0.5,10000,0.1,100,3,20793264863,HPCC-PINT
2001160639,4,0.4,10000,0.1,100,3,91140432126,HPCC-PINT
2001162054,3,0.3,10000,0.1,100,3,12676871628,HPCC-PINT
2001162240,4,0.4,10000,0.1,100,3,95694953732,HPCC-PINT
2001164256,4,0.4,10000,0.1,100,3,100000000000,HPCC-PINT
2001166076,4,0.4,10000,0.1,100,3,100000000000,HPCC-PINT
2001168082,4,0.4,10000,0.1,100,3,99122377325,HPCC-PINT
2001169248,5,0.5,10000,0.1,100,3,20650381823,HPCC-PINT
2001169659,4,0.4,10000,0.1,100,3,99122377325,HPCC-PINT
2001171196,4,0.4,10000,0.1,100,3,93576567312,HPCC-PINT
2001171200,3,0.3,10000,0.1,100,3,12011217230,HPCC-PINT
2001173180,4,0.4,10000,0.1,100,3,100000000000,HPCC-PINT
2001174990,4,0.4,10000,0.1,100,3,100000000000,HPCC-PINT
2001176816,4,0.4,10000,0.1,100,3,99122377325,HPCC-PINT
2001178603,5,0.5,10000,0.1,100,3,20508824198,HPCC-PINT
2001178765,4,0.4,10000,0.1,100,3,94404645072,HPCC-PINT
2001180259,4,0.4,10000,0.1,100,3,94404645072,HPCC-PINT
2001180678,3,0.3,10000,0.1,100,3,11949798455,HPCC-PINT
2001181914,4,0.4,10000,0.1,100,3,98255372487,HPCC-PINT
2001184028,4,0.4,10000,0.1,100,3,100000000000,HPCC-PINT
2001185907,4,0.4,10000,0.1,100,3,98255372487,HPCC-PINT
2001187733,4,0.4,10000,0.1,100,3,92758507974,HPCC-PINT
2001188318,5,0.5,10000,0.1,100,3,20368579694,HPCC-PINT
2001189310,4,0.4,10000,0.1,100,3,97393933373,HPCC-PINT
2001190227,3,0.3,10000,0.1,100,3,11325189919,HPCC-PINT
2001191016,4,0.4,10000,0.1,100,3,100000000000,HPCC-PINT
2001192945,4,0.4,10000,0.1,100,3,100000000000,HPCC-PINT
2001194984,4,0.4,10000,0.1,100,3,100000000000,HPCC-PINT
2001196727,4,0.4,10000,0.1,100,3,99122377325,HPCC-PINT
2001198225,5,0.5,10000,0.1,100,3,19268701076,HPCC-PINT
2001198387,4,0.4,10000,0.1,100,3,93576567312,HPCC-PINT
2001199470,3,0.3,10000,0.1,100,3,10735842751,HPCC-PINT
2001200071,4,0.4,10000,0.1,100,3,98252895677,HPCC-PINT
2001201825,4,0.4,10000,0.1,100,3,100000000000,HPCC-PINT
2001203658,4,0.4,10000,0.1,100,3,100000000000,HPCC-PINT
2001205743,4,0.4,10000,0.1,100,3,99122377325,HPCC-PINT
2001207324,3,0.3,10000,0.1,100,3,10686254639,HPCC-PINT
2001207569,4,0.4,10000,0.1,100,3,94404645072,HPCC-PINT
2001208320,5,0.5,10000,0.1,100,3,19139960235,HPCC-PINT
2001208980,4,0.4,10000,0.1,100,3,84883493132,HPCC-PINT
2001208984,3,0.3,10000,0.1,100,3,10132977636,HPCC-PINT
2001210841,4,0.4,10000,0.1,100,3,98255372487,HPCC-PINT
2001212852,4,0.4,10000,0.1,100,3,100000000000,HPCC-PINT
2001215266,4,0.4,10000,0.1,100,3,100000000000,HPCC-PINT
2001216681,3,0.3,10000,0.1,100,3,11722306986,HPCC-PINT
2001216926,4,0.4,10000,0.1,100,3,99122377325,HPCC-PINT
2001217760,5,0.5,10000,0.1,100,3,19012413624,HPCC-PINT
2001218839,4,0.4,10000,0.1,100,3,99122377325,HPCC-PINT
2001226151,3,0.3,10000,0.1,100,3,39377664084,HPCC-PINT
2001226903,5,0.5,10000,0.1,100,3,67024829118,HPCC-PINT
2001233086,5,0.5,10000,0.1,100,3,100000000000,HPCC-PINT
2001233667,3,0.3,10000,0.1,100,3,70110643681,HPCC-PINT
2001235078,5,0.5,10000,0.1,100,3,100000000000,HPCC-PINT
2001235829,3,0.3,10000,0.1,100,3,100000000000,HPCC-PINT
2001236327,5,0.5,10000,0.1,100,3,100000000000,HPCC-PINT
2001239003,5,0.5,10000,0.1,100,3,100000000000,HPCC-PINT
2001240912,3,0.3,10000,0.1,100,3,69510281453,HPCC-PINT
2001241244,5,0.5,10000,0.1,100,3,94404645072,HPCC-PINT
2001243651,3,0.3,10000,0.1,100,3,51438487682,HPCC-PINT
2001243900,5,0.5,10000,0.1,100,3,70458888897,HPCC-PINT
2001245477,3,0.3,10000,0.1,100,3,46660873181,HPCC-PINT
2001245564,5,0.5,10000,0.1,100,3,67106084663,HPCC-PINT
2001246809,3,0.3,10000,0.1,100,3,46660873181,HPCC-PINT
2001247137,5,0.5,10000,0.1,100,3,67106084663,HPCC-PINT
2001248220,3,0.3,10000,0.1,100,3,46660873181,HPCC-PINT
2001248797,5,0.5,10000,0.1,100,3,47298648593,HPCC-PINT
2001250914,5,0.5,10000,0.1,100,3,54746216828,HPCC-PINT
2001251271,3,0.3,10000,0.1,100,3,46278036341,HPCC-PINT
2001253346,5,0.5,10000,0.1,100,3,66533593405,HPCC-PINT
2001254097,3,0.3,10000,0.1,100,3,44076701277,HPCC-PINT
2001257071,5,0.5,10000,0.1,100,3,80171811622,HPCC-PINT
2001258281,3,0.3,10000,0.1,100,3,55782453708,HPCC-PINT
2001259609,5,0.5,10000,0.1,100,3,76356487259,HPCC-PINT
2001260692,3,0.3,10000,0.1,100,3,50600978420,HPCC-PINT
2001261190,5,0.5,10000,0.1,100,3,83452126354,HPCC-PINT
2001262970,5,0.5,10000,0.1,100,3,96598386521,HPCC-PINT
2001265128,3,0.3,10000,0.1,100,3,55320080478,HPCC-PINT
2001265460,5,0.5,10000,0.1,100,3,83452126354,HPCC-PINT
2001267618,5,0.5,10000,0.1,100,3,78790957626,HPCC-PINT
2001268286,3,0.3,10000,0.1,100,3,50181592270,HPCC-PINT
2001268946,5,0.5,10000,0.1,100,3,78790957626,HPCC-PINT
2001271567,3,0.3,10000,0.1,100,3,49766096441,HPCC-PINT
2001271766,5,0.5,10000,0.1,100,3,78790957626,HPCC-PINT
2001273673,5,0.5,10000,0.1,100,3,74392928417,HPCC-PINT
2001275171,3,0.3,10000,0.1,100,3,49766096441,HPCC-PINT
2001276241,5,0.5,10000,0.1,100,3,86111232508,HPCC-PINT
2001278565,5,0.5,10000,0.1,100,3,85362445190,HPCC-PINT
2001279233,3,0.3,10000,0.1,100,3,51819677588,HPCC-PINT
2001280303,5,0.5,10000,0.1,100,3,89628067449,HPCC-PINT
2001282013,5,0.5,10000,0.1,100,3,89628067449,HPCC-PINT
2001282266,3,0.3,10000,0.1,100,3,54408161468,HPCC-PINT
2001283742,5,0.5,10000,0.1,100,3,97948314533,HPCC-PINT
2001286149,3,0.3,10000,0.1,100,3,51386627643,HPCC-PINT
2001286232,5,0.5,10000,0.1,100,3,88846657172,HPCC-PINT
2001288390,5,0.5,10000,0.1,100,3,79888998126,HPCC-PINT
2001289967,5,0.5,10000,0.1,100,3,76087141073,HPCC-PINT
2001289971,3,0.3,10000,0.1,100,3,48942026327,HPCC-PINT
2001292564,5,0.5,10000,0.1,100,3,83880948033,HPCC-PINT
2001293442,3,0.3,10000,0.1,100,3,44030071649,HPCC-PINT
2001294888,5,0.5,10000,0.1,100,3,87307991806,HPCC-PINT
2001297216,3,0.3,10000,0.1,100,3,48538028993,HPCC-PINT
2001297438,5,0.5,10000,0.1,100,3,91670891397,HPCC-PINT
2001299613,5,0.5,10000,0.1,100,3,90870531422,HPCC-PINT
2001300779,3,0.3,10000,0.1,100,3,48137779230,HPCC-PINT
2001301729,5,0.5,10000,0.1,100,3,100000000000,HPCC-PINT
2001303804,5,0.5,10000,0.1,100,3,99122377325,HPCC-PINT
2001305219,3,0.3,10000,0.1,100,3,48137779230,HPCC-PINT
2001305630,5,0.5,10000,0.1,100,3,94404645072,HPCC-PINT
2001307705,5,0.5,10000,0.1,100,3,89911566735,HPCC-PINT
2001308207,3,0.3,10000,0.1,100,3,45470230738,HPCC-PINT
2001309033,5,0.5,10000,0.1,100,3,84885739671,HPCC-PINT
2001311152,5,0.5,10000,0.1,100,3,84885739671,HPCC-PINT
2001312480,3,0.3,10000,0.1,100,3,43307362607,HPCC-PINT
2001313476,5,0.5,10000,0.1,100,3,80845942544,HPCC-PINT
2001315306,3,0.3,10000,0.1,100,3,40912508277,HPCC-PINT
2001315522,5,0.5,10000,0.1,100,3,80145997249,HPCC-PINT
2001317951,5,0.5,10000,0.1,100,3,88355836967,HPCC-PINT
2001319611,3,0.3,10000,0.1,100,3,42955633691,HPCC-PINT
2001320194,5,0.5,10000,0.1,100,3,87586228189,HPCC-PINT
2001322024,3,0.3,10000,0.1,100,3,42607167493,HPCC-PINT
2001322600,5,0.5,10000,0.1,100,3,100000000000,HPCC-PINT
2001324534,5,0.5,10000,0.1,100,3,100000000000,HPCC-PINT
2001326716,3,0.3,10000,0.1,100,3,44735025867,HPCC-PINT
2001326882,5,0.5,10000,0.1,100,3,100000000000,HPCC-PINT
2001328791,5,0.5,10000,0.1,100,3,99122377325,HPCC-PINT
2001329625,3,0.3,10000,0.1,100,3,42259574879,HPCC-PINT
2001330119,5,0.5,10000,0.1,100,3,94404645072,HPCC-PINT
2001332384,5,0.5,10000,0.1,100,3,94404645072,HPCC-PINT
2001334293,3,0.3,10000,0.1,100,3,42259574879,HPCC-PINT
2001334542,5,0.5,10000,0.1,100,3,89125167789,HPCC-PINT
2001336368,5,0.5,10000,0.1,100,3,80843802983,HPCC-PINT
2001336953,3,0.3,10000,0.1,100,3,36216777220,HPCC-PINT
2001337702,5,0.5,10000,0.1,100,3,84883493132,HPCC-PINT
2001340574,5,0.5,10000,0.1,100,3,84146094603,HPCC-PINT
2001341736,3,0.3,10000,0.1,100,3,39923871886,HPCC-PINT
2001342566,5,0.5,10000,0.1,100,3,80141518669,HPCC-PINT
2001343483,3,0.3,10000,0.1,100,3,39603528997,HPCC-PINT
2001344645,5,0.5,10000,0.1,100,3,75667245495,HPCC-PINT
2001346740,5,0.5,10000,0.1,100,3,100000000000,HPCC-PINT
2001349068,5,0.5,10000,0.1,100,3,100000000000,HPCC-PINT
2001349151,3,0.3,10000,0.1,100,3,43657765720,HPCC-PINT
2001351230,3,0.3,10000,0.1,100,3,47736196990,HPCC-PINT
2001351495,5,0.5,10000,0.1,100,3,100000000000,HPCC-PINT
2001352823,5,0.5,10000,0.1,100,3,100000000000,HPCC-PINT
2001354570,5,0.5,10000,0.1,100,3,99122377325,HPCC-PINT
2001356342,3,0.3,10000,0.1,100,3,43302786386,HPCC-PINT
2001357006,5,0.5,10000,0.1,100,3,94404645072,HPCC-PINT
2001358915,5,0.5,10000,0.1,100,3,84883493132,HPCC-PINT
2001359666,3,0.3,10000,0.1,100,3,38962562286,HPCC-PINT
2001360243,5,0.5,10000,0.1,100,3,80843802983,HPCC-PINT
2001362513,5,0.5,10000,0.1,100,3,84883493132,HPCC-PINT
2001364107,3,0.3,10000,0.1,100,3,40908190400,HPCC-PINT
2001364666,5,0.5,10000,0.1,100,3,80141518669,HPCC-PINT
2001366247,3,0.3,10000,0.1,100,3,38648777857,HPCC-PINT
2001367079,5,0.5,10000,0.1,100,3,97401741514,HPCC-PINT
2001369089,5,0.5,10000,0.1,100,3,100000000000,HPCC-PINT
2001371448,3,0.3,10000,0.1,100,3,46967055728,HPCC-PINT
2001371863,5,0.5,10000,0.1,100,3,100000000000,HPCC-PINT
2001373523,5,0.5,10000,0.1,100,3,99122377325,HPCC-PINT
2001373942,3,0.3,10000,0.1,100,3,48907947603,HPCC-PINT
2001374851,5,0.5,10000,0.1,100,3,99122377325,HPCC-PINT
2001377389,5,0.5,10000,0.1,100,3,99122377325,HPCC-PINT
2001378966,3,0.3,10000,0.1,100,3,44365598733,HPCC-PINT
2001379464,5,0.5,10000,0.1,100,3,89122921249,HPCC-PINT
2001381456,5,0.5,10000,0.1,100,3,84881353571,HPCC-PINT
2001382539,3,0.3,10000,0.1,100,3,38019163917,HPCC-PINT
2001382867,5,0.5,10000,0.1,100,3,84881353571,HPCC-PINT
2001385680,5,0.5,10000,0.1,100,3,80139499894,HPCC-PINT
2001386597,3,0.3,10000,0.1,100,3,41911003218,HPCC-PINT
2001387372,5,0.5,10000,0.1,100,3,84143974889,HPCC-PINT
2001389036,3,0.3,10000,0.1,100,3,39594978332,HPCC-PINT
2001389700,5,0.5,10000,0.1,100,3,79443748856,HPCC-PINT
2001391795,5,0.5,10000,0.1,100,3,100000000000,HPCC-PINT
2001393953,3,0.3,10000,0.1,100,3,43648338611,HPCC-PINT
2001394036,5,0.5,10000,0.1,100,3,100000000000,HPCC-PINT
2001396198,3,0.3,10000,0.1,100,3,43293446725,HPCC-PINT
2001396384,5,0.5,10000,0.1,100,3,100000000000,HPCC-PINT
2001397712,5,0.5,10000,0.1,100,3,100000000000,HPCC-PINT
2001399538,5,0.5,10000,0.1,100,3,99122377325,HPCC-PINT
2001401222,3,0.3,10000,0.1,100,3,43293446725,HPCC-PINT
2001401886,5,0.5,10000,0.1,100,3,99122377325,HPCC-PINT
2001403629,5,0.5,10000,0.1,100,3,89122921249,HPCC-PINT
2001404131,3,0.3,10000,0.1,100,3,38954169520,HPCC-PINT
2001404957,5,0.5,10000,0.1,100,3,89122921249,HPCC-PINT
2001407389,5,0.5,10000,0.1,100,3,93576567312,HPCC-PINT
2001408800,3,0.3,10000,0.1,100,3,40899377996,HPCC-PINT
2001409547,5,0.5,10000,0.1,100,3,84139369483,HPCC-PINT
2001410879,3,0.3,10000,0.1,100,3,36802821852,HPCC-PINT
2001411563,5,0.5,10000,0.1,100,3,97393956348,HPCC-PINT
2001413064,5,0.5,10000,0.1,100,3,100000000000,HPCC-PINT
2001416123,5,0.5,10000,0.1,100,3,100000000000,HPCC-PINT
2001416289,3,0.3,10000,0.1,100,3,42595985396,HPCC-PINT
2001417866,5,0.5,10000,0.1,100,3,99122377325,HPCC-PINT
2001418534,3,0.3,10000,0.1,100,3,44360898146,HPCC-PINT
2001419194,5,0.5,10000,0.1,100,3,94404645072,HPCC-PINT
2001421542,5,0.5,10000,0.1,100,3,100000000000,HPCC-PINT
2001423617,5,0.5,10000,0.1,100,3,99122377325,HPCC-PINT
2001424198,3,0.3,10000,0.1,100,3,40241290835,HPCC-PINT
2001425609,5,0.5,10000,0.1,100,3,89911566735,HPCC-PINT
2001427024,3,0.3,10000,0.1,100,3,34489480398,HPCC-PINT
2001427186,5,0.5,10000,0.1,100,3,85632444509,HPCC-PINT
2001428876,5,0.5,10000,0.1,100,3,80848189083,HPCC-PINT
2001431360,5,0.5,10000,0.1,100,3,80848189083,HPCC-PINT
2001431775,3,0.3,10000,0.1,100,3,39918003496,HPCC-PINT
2001433256,5,0.5,10000,0.1,100,3,80148222949,HPCC-PINT
2001433356,3,0.3,10000,0.1,100,3,37714490518,HPCC-PINT
2001435389,5,0.5,10000,0.1,100,3,84153134096,HPCC-PINT
2001437357,5,0.5,10000,0.1,100,3,92773705341,HPCC-PINT
2001439432,3,0.3,10000,0.1,100,3,41575100796,HPCC-PINT
2001439598,5,0.5,10000,0.1,100,3,96558771185,HPCC-PINT
2001441262,3,0.3,10000,0.1,100,3,43298912770,HPCC-PINT
2001441801,5,0.5,10000,0.1,100,3,100000000000,HPCC-PINT
2001443241,5,0.5,10000,0.1,100,3,100000000000,HPCC-PINT
2001445432,5,0.5,10000,0.1,100,3,100000000000,HPCC-PINT
2001447092,3,0.3,10000,0.1,100,3,41239440734,HPCC-PINT
2001447590,5,0.5,10000,0.1,100,3,94404645072,HPCC-PINT
2001449416,5,0.5,10000,0.1,100,3,84883493132,HPCC-PINT
2001450001,3,0.3,10000,0.1,100,3,35343721482,HPCC-PINT
2001450744,5,0.5,10000,0.1,100,3,84883493132,HPCC-PINT
2001453097,5,0.5,10000,0.1,100,3,93578926178,HPCC-PINT
2001454591,3,0.3,10000,0.1,100,3,37108407556,HPCC-PINT
2001455338,5,0.5,10000,0.1,100,3,84141489197,HPCC-PINT
2001456255,3,0.3,10000,0.1,100,3,35063506241,HPCC-PINT
2001457449,5,0.5,10000,0.1,100,3,100000000000,HPCC-PINT
2001458944,5,0.5,10000,0.1,100,3,100000000000,HPCC-PINT
2001461957,5,0.5,10000,0.1,100,3,100000000000,HPCC-PINT
2001462455,3,0.3,10000,0.1,100,3,40582510162,HPCC-PINT
2001463700,5,0.5,10000,0.1,100,3,100000000000,HPCC-PINT
2001464451,3,0.3,10000,0.1,100,3,42266360475,HPCC-PINT
2001465028,5,0.5,10000,0.1,100,3,99122377325,HPCC-PINT
2001467293,5,0.5,10000,0.1,100,3,100000000000,HPCC-PINT
2001469285,5,0.5,10000,0.1,100,3,99122377325,HPCC-PINT
2001470530,3,0.3,10000,0.1,100,3,36518079452,HPCC-PINT
2001471194,5,0.5,10000,0.1,100,3,89911566735,HPCC-PINT
2001472854,5,0.5,10000,0.1,100,3,85632444509,HPCC-PINT
2001472858,3,0.3,10000,0.1,100,3,31303065083,HPCC-PINT
2001474383,5,0.5,10000,0.1,100,3,80848189083,HPCC-PINT
2001477087,5,0.5,10000,0.1,100,3,84888098537,HPCC-PINT
2001478581,3,0.3,10000,0.1,100,3,36229329466,HPCC-PINT
2001478913,5,0.5,10000,0.1,100,3,84150657287,HPCC-PINT
2001479747,3,0.3,10000,0.1,100,3,35943257991,HPCC-PINT
2001480896,5,0.5,10000,0.1,100,3,84150657287,HPCC-PINT
2001482731,5,0.5,10000,0.1,100,3,100000000000,HPCC-PINT
2001484640,5,0.5,10000,0.1,100,3,100000000000,HPCC-PINT
2001486398,3,0.3,10000,0.1,100,3,37737920890,HPCC-PINT
2001487237,5,0.5,10000,0.1,100,3,100000000000,HPCC-PINT
2001487988,3,0.3,10000,0.1,100,3,41270110555,HPCC-PINT
2001488565,5,0.5,10000,0.1,100,3,100000000000,HPCC-PINT
2001489893,5,0.5,10000,0.1,100,3,100000000000,HPCC-PINT
2001491225,5,0.5,10000,0.1,100,3,99122377325,HPCC-PINT
2001493154,5,0.5,10000,0.1,100,3,100000000000,HPCC-PINT
2001494731,3,0.3,10000,0.1,100,3,35657481313,HPCC-PINT
2001495063,5,0.5,10000,0.1,100,3,89911566735,HPCC-PINT
2001496806,5,0.5,10000,0.1,100,3,85632444509,HPCC-PINT
2001497391,3,0.3,10000,0.1,100,3,30566544158,HPCC-PINT
2001498241,5,0.5,10000,0.1,100,3,89911566735,HPCC-PINT
2001500980,5,0.5,10000,0.1,100,3,93581402988,HPCC-PINT
2001502806,3,0.3,10000,0.1,100,3,35376714431,HPCC-PINT
2001502889,5,0.5,10000,0.1,100,3,89127526655,HPCC-PINT
2001505134,5,0.5,10000,0.1,100,3,84145961436,HPCC-PINT
2001506489,5,0.5,10000,0.1,100,3,100000000000,HPCC-PINT
2001508568,5,0.5,10000,0.1,100,3,100000000000,HPCC-PINT
2001510719,3,0.3,10000,0.1,100,3,38691028587,HPCC-PINT
2001511134,5,0.5,10000,0.1,100,3,100000000000,HPCC-PINT
2001512628,5,0.5,10000,0.1,100,3,99122377325,HPCC-PINT
2001512632,3,0.3,10000,0.1,100,3,38382121832,HPCC-PINT
2001513956,5,0.5,10000,0.1,100,3,99122377325,HPCC-PINT
2001515288,5,0.5,10000,0.1,100,3,93576567312,HPCC-PINT
2001517051,5,0.5,10000,0.1,100,3,100000000000,HPCC-PINT
2001518960,5,0.5,10000,0.1,100,3,93576567312,HPCC-PINT
2001519126,3,0.3,10000,0.1,100,3,34818364474,HPCC-PINT
2001520703,5,0.5,10000,0.1,100,3,84881353571,HPCC-PINT
2001521288,3,0.3,10000,0.1,100,3,29848407455,HPCC-PINT
2001522387,5,0.5,10000,0.1,100,3,80139499894,HPCC-PINT
2001524385,5,0.5,10000,0.1,100,3,84143974889,HPCC-PINT
2001526810,5,0.5,10000,0.1,100,3,84143974889,HPCC-PINT
2001527308,3,0.3,10000,0.1,100,3,36270150501,HPCC-PINT
2001529054,5,0.5,10000,0.1,100,3,100000000000,HPCC-PINT
2001531281,5,0.5,10000,0.1,100,3,100000000000,HPCC-PINT
2001533560,5,0.5,10000,0.1,100,3,100000000000,HPCC-PINT
2001535386,5,0.5,10000,0.1,100,3,100000000000,HPCC-PINT
2001535552,3,0.3,10000,0.1,100,3,37780385379,HPCC-PINT
2001537046,5,0.5,10000,0.1,100,3,94404645072,HPCC-PINT
2001537299,3,0.3,10000,0.1,100,3,37479925957,HPCC-PINT
2001538647,5,0.5,10000,0.1,100,3,93578926178,HPCC-PINT
2001540805,5,0.5,10000,0.1,100,3,100000000000,HPCC-PINT
2001542797,5,0.5,10000,0.1,100,3,93578926178,HPCC-PINT
2001543544,3,0.3,10000,0.1,100,3,35697548531,HPCC-PINT
2001544789,5,0.5,10000,0.1,100,3,84141489197,HPCC-PINT
2001545706,3,0.3,10000,0.1,100,3,32128376396,HPCC-PINT
2001546141,5,0.5,10000,0.1,100,3,84141489197,HPCC-PINT
2001548015,5,0.5,10000,0.1,100,3,97396410182,HPCC-PINT
2001550647,5,0.5,10000,0.1,100,3,100000000000,HPCC-PINT
2001551560,3,0.3,10000,0.1,100,3,37184730475,HPCC-PINT
2001552447,5,0.5,10000,0.1,100,3,96542938997,HPCC-PINT
2001552892,3,0.3,10000,0.1,100,3,36889796483,HPCC-PINT
2001553823,5,0.5,10000,0.1,100,3,95697384804,HPCC-PINT
2001555900,5,0.5,10000,0.1,100,3,100000000000,HPCC-PINT
2001557949,5,0.5,10000,0.1,100,3,100000000000,HPCC-PINT
2001559775,5,0.5,10000,0.1,100,3,94404645072,HPCC-PINT
2001559941,3,0.3,10000,0.1,100,3,35135520460,HPCC-PINT
2001561356,3,0.3,10000,0.1,100,3,33201995624,HPCC-PINT
2001561518,5,0.5,10000,0.1,100,3,94404645072,HPCC-PINT
2001563036,5,0.5,10000,0.1,100,3,99122377325,HPCC-PINT
2001565199,5,0.5,10000,0.1,100,3,100000000000,HPCC-PINT
2001567191,5,0.5,10000,0.1,100,3,98252895677,HPCC-PINT
2001568353,3,0.3,10000,0.1,100,3,33201995624,HPCC-PINT
2001568934,5,0.5,10000,0.1,100,3,93576567312,HPCC-PINT
2001570017,3,0.3,10000,0.1,100,3,31377625127,HPCC-PINT
2001570345,5,0.5,10000,0.1,100,3,88343837958,HPCC-PINT
2001572300,5,0.5,10000,0.1,100,3,97393956348,HPCC-PINT
2001574362,5,0.5,10000,0.1,100,3,97393956348,HPCC-PINT
2001576442,3,0.3,10000,0.1,100,3,32944006384,HPCC-PINT
2001576608,5,0.5,10000,0.1,100,3,96540507925,HPCC-PINT
2001577774,3,0.3,10000,0.1,100,3,34320330826,HPCC-PINT
2001578019,5,0.5,10000,0.1,100,3,96540507925,HPCC-PINT
2001579568,5,0.5,10000,0.1,100,3,100000000000,HPCC-PINT
2001582114,5,0.5,10000,0.1,100,3,100000000000,HPCC-PINT
2001583940,5,0.5,10000,0.1,100,3,99122377325,HPCC-PINT
2001585268,3,0.3,10000,0.1,100,3,29654000282,HPCC-PINT
2001585766,5,0.5,10000,0.1,100,3,94404645072,HPCC-PINT
2001586849,3,0.3,10000,0.1,100,3,26697549253,HPCC-PINT
2001587201,5,0.5,10000,0.1,100,3,84883493132,HPCC-PINT
2001589038,5,0.5,10000,0.1,100,3,93578926178,HPCC-PINT
2001591185,5,0.5,10000,0.1,100,3,98255372487,HPCC-PINT
2001593467,5,0.5,10000,0.1,100,3,100000000000,HPCC-PINT
2001594384,3,0.3,10000,0.1,100,3,30897869204,HPCC-PINT
2001594814,5,0.5,10000,0.1,100,3,100000000000,HPCC-PINT
2001596549,5,0.5,10000,0.1,100,3,100000000000,HPCC-PINT
2001598554,5,0.5,10000,0.1,100,3,100000000000,HPCC-PINT
2001600297,5,0.5,10000,0.1,100,3,100000000000,HPCC-PINT
2001602206,5,0.5,10000,0.1,100,3,99122377325,HPCC-PINT
2001602870,3,0.3,10000,0.1,100,3,29203574822,HPCC-PINT
2001603949,5,0.5,10000,0.1,100,3,93576567312,HPCC-PINT
2001604119,3,0.3,10000,0.1,100,3,28982675840,HPCC-PINT
2001605384,5,0.5,10000,0.1,100,3,93576567312,HPCC-PINT
2001607383,5,0.5,10000,0.1,100,3,100000000000,HPCC-PINT
2001609368,5,0.5,10000,0.1,100,3,100000000000,HPCC-PINT
2001611194,5,0.5,10000,0.1,100,3,99122377325,HPCC-PINT
2001611443,3,0.3,10000,0.1,100,3,28982675840,HPCC-PINT
2001612719,5,0.5,10000,0.1,100,3,99122377325,HPCC-PINT
2001614455,5,0.5,10000,0.1,100,3,100000000000,HPCC-PINT
2001616532,5,0.5,10000,0.1,100,3,100000000000,HPCC-PINT
2001618275,5,0.5,10000,0.1,100,3,100000000000,HPCC-PINT
2001620101,5,0.5,10000,0.1,100,3,94404645072,HPCC-PINT
2001620599,3,0.3,10000,0.1,100,3,27396500921,HPCC-PINT
2001621619,5,0.5,10000,0.1,100,3,94404645072,HPCC-PINT
2001623362,5,0.5,10000,0.1,100,3,99122377325,HPCC-PINT
2001625379,5,0.5,10000,0.1,100,3,100000000000,HPCC-PINT
2001627214,5,0.5,10000,0.1,100,3,98252895677,HPCC-PINT
2001628957,5,0.5,10000,0.1,100,3,98252895677,HPCC-PINT
2001630455,3,0.3,10000,0.1,100,3,25899871206,HPCC-PINT
2001630466,5,0.5,10000,0.1,100,3,92756170989,HPCC-PINT
2001632323,5,0.5,10000,0.1,100,3,100000000000,HPCC-PINT
2001634066,5,0.5,10000,0.1,100,3,100000000000,HPCC-PINT
2001635874,5,0.5,10000,0.1,100,3,100000000000,HPCC-PINT
2001637991,5,0.5,10000,0.1,100,3,100000000000,HPCC-PINT
2001639651,5,0.5,10000,0.1,100,3,99122377325,HPCC-PINT
2001640319,3,0.3,10000,0.1,100,3,25709618128,HPCC-PINT
2001640979,5,0.5,10000,0.1,100,3,98252895677,HPCC-PINT
2001643078,5,0.5,10000,0.1,100,3,100000000000,HPCC-PINT
2001644828,5,0.5,10000,0.1,100,3,100000000000,HPCC-PINT
2001646488,5,0.5,10000,0.1,100,3,100000000000,HPCC-PINT
2001648414,5,0.5,10000,0.1,100,3,99122377325,HPCC-PINT
2001649912,3,0.3,10000,0.1,100,3,25521129880,HPCC-PINT
2001649916,5,0.5,10000,0.1,100,3,99122377325,HPCC-PINT
2001651575,5,0.5,10000,0.1,100,3,100000000000,HPCC-PINT
2001653512,5,0.5,10000,0.1,100,3,100000000000,HPCC-PINT
2001655248,5,0.5,10000,0.1,100,3,100000000000,HPCC-PINT
2001656991,5,0.5,10000,0.1,100,3,99122377325,HPCC-PINT
2001658848,5,0.5,10000,0.1,100,3,99122377325,HPCC-PINT
2001659599,3,0.3,10000,0.1,100,3,25334390092,HPCC-PINT
2001660335,5,0.5,10000,0.1,100,3,99122377325,HPCC-PINT
2001662089,5,0.5,10000,0.1,100,3,100000000000,HPCC-PINT
2001664026,5,0.5,10000,0.1,100,3,100000000000,HPCC-PINT
2001665769,5,0.5,10000,0.1,100,3,100000000000,HPCC-PINT
2001667512,5,0.5,10000,0.1,100,3,99122377325,HPCC-PINT
2001669093,3,0.3,10000,0.1,100,3,25149382545,HPCC-PINT
2001669113,5,0.5,10000,0.1,100,3,99122377325,HPCC-PINT
2001670856,5,0.5,10000,0.1,100,3,100000000000,HPCC-PINT
2001672610,5,0.5,10000,0.1,100,3,100000000000,HPCC-PINT
2001674429,5,0.5,10000,0.1,100,3,100000000000,HPCC-PINT
2001676508,5,0.5,10000,0.1,100,3,100000000000,HPCC-PINT
2001678609,3,0.3,10000,0.1,100,3,36862414537,HPCC-PINT
2001686188,3,0.3,10000,0.1,100,3,100000000000,HPCC-PINT
2001688096,3,0.3,10000,0.1,100,3,100000000000,HPCC-PINT
2001691607,3,0.3,10000,0.1,100,3,100000000000,HPCC-PINT
2001692935,3,0.3,10000,0.1,100,3,100000000000,HPCC-PINT
2001694263,3,0.3,10000,0.1,100,3,100000000000,HPCC-PINT
2001695595,3,0.3,10000,0.1,100,3,100000000000,HPCC-PINT
2001697026,3,0.3,10000,0.1,100,3,100000000000,HPCC-PINT
2001698354,3,0.3,10000,0.1,100,3,100000000000,HPCC-PINT
2001699682,3,0.3,10000,0.1,100,3,100000000000,HPCC-PINT
2001701018,3,0.3,10000,0.1,100,3,100000000000,HPCC-PINT
2001702445,3,0.3,10000,0.1,100,3,100000000000,HPCC-PINT
2001703773,3,0.3,10000,0.1,100,3,100000000000,HPCC-PINT
2001705101,3,0.3,10000,0.1,100,3,100000000000,HPCC-PINT
2001706441,3,0.3,10000,0.1,100,3,100000000000,HPCC-PINT
2001707864,3,0.3,10000,0.1,100,3,100000000000,HPCC-PINT
2001709192,3,0.3,10000,0.1,100,3,100000000000,HPCC-PINT
2001710520,3,0.3,10000,0.1,100,3,100000000000,HPCC-PINT
2001711864,3,0.3,10000,0.1,100,3,100000000000,HPCC-PINT
2001713283,3,0.3,10000,0.1,100,3,100000000000,HPCC-PINT
2001714611,3,0.3,10000,0.1,100,3,100000000000,HPCC-PINT
2001715939,3,0.3,10000,0.1,100,3,100000000000,HPCC-PINT
2001717287,3,0.3,10000,0.1,100,3,100000000000,HPCC-PINT
2001718702,3,0.3,10000,0.1,100,3,100000000000,HPCC-PINT
2001720030,3,0.3,10000,0.1,100,3,100000000000,HPCC-PINT
2001721358,3,0.3,10000,0.1,100,3,100000000000,HPCC-PINT
2001722710,3,0.3,10000,0.1,100,3,100000000000,HPCC-PINT
2001724121,3,0.3,10000,0.1,100,3,100000000000,HPCC-PINT
2001725449,3,0.3,10000,0.1,100,3,100000000000,HPCC-PINT
2001726777,3,0.3,10000,0.1,100,3,100000000000,HPCC-PINT
2001728133,3,0.3,10000,0.1,100,3,100000000000,HPCC-PINT
2001729540,3,0.3,10000,0.1,100,3,100000000000,HPCC-PINT
2001730868,3,0.3,10000,0.1,100,3,100000000000,HPCC-PINT
2001732196,3,0.3,10000,0.1,100,3,100000000000,HPCC-PINT
2001733556,3,0.3,10000,0.1,100,3,100000000000,HPCC-PINT
2001734959,3,0.3,10000,0.1,100,3,100000000000,HPCC-PINT
2001736287,3,0.3,10000,0.1,100,3,100000000000,HPCC-PINT
2001737615,3,0.3,10000,0.1,100,3,100000000000,HPCC-PINT
2001738979,3,0.3,10000,0.1,100,3,100000000000,HPCC-PINT
2001740378,3,0.3,10000,0.1,100,3,100000000000,HPCC-PINT
2001741706,3,0.3,10000,0.1,100,3,100000000000,HPCC-PINT
2001743034,3,0.3,10000,0.1,100,3,100000000000,HPCC-PINT
2001744402,3,0.3,10000,0.1,100,3,100000000000,HPCC-PINT
2001745797,3,0.3,10000,0.1,100,3,100000000000,HPCC-PINT
2001747125,3,0.3,10000,0.1,100,3,100000000000,HPCC-PINT
2001748453,3,0.3,10000,0.1,100,3,100000000000,HPCC-PINT
2001749825,3,0.3,10000,0.1,100,3,100000000000,HPCC-PINT
2001751216,3,0.3,10000,0.1,100,3,100000000000,HPCC-PINT
2001752544,3,0.3,10000,0.1,100,3,100000000000,HPCC-PINT
2001753872,3,0.3,10000,0.1,100,3,100000000000,HPCC-PINT
2001755248,3,0.3,10000,0.1,100,3,100000000000,HPCC-PINT
2001756635,3,0.3,10000,0.1,100,3,100000000000,HPCC-PINT
2001757963,3,0.3,10000,0.1,100,3,100000000000,HPCC-PINT
2001759291,3,0.3,10000,0.1,100,3,100000000000,HPCC-PINT
2001760671,3,0.3,10000,0.1,100,3,100000000000,HPCC-PINT
2001762054,3,0.3,10000,0.1,100,3,100000000000,HPCC-PINT
2001763382,3,0.3,10000,0.1,100,3,100000000000,HPCC-PINT
2001764710,3,0.3,10000,0.1,100,3,100000000000,HPCC-PINT
2001766094,3,0.3,10000,0.1,100,3,100000000000,HPCC-PINT
2001767473,3,0.3,10000,0.1,100,3,100000000000,HPCC-PINT
2001768801,3,0.3,10000,0.1,100,3,100000000000,HPCC-PINT
2001770129,3,0.3,10000,0.1,100,3,100000000000,HPCC-PINT
2001771517,3,0.3,10000,0.1,100,3,100000000000,HPCC-PINT
2001772892,3,0.3,10000,0.1,100,3,100000000000,HPCC-PINT
2001774220,3,0.3,10000,0.1,100,3,100000000000,HPCC-PINT
2001775548,3,0.3,10000,0.1,100,3,100000000000,HPCC-PINT
2001776940,3,0.3,10000,0.1,100,3,100000000000,HPCC-PINT
2001778311,3,0.3,10000,0.1,100,3,100000000000,HPCC-PINT
2001779639,3,0.3,10000,0.1,100,3,100000000000,HPCC-PINT
2001780967,3,0.3,10000,0.1,100,3,100000000000,HPCC-PINT
2001782363,3,0.3,10000,0.1,100,3,100000000000,HPCC-PINT
2001783730,3,0.3,10000,0.1,100,3,100000000000,HPCC-PINT
2001785058,3,0.3,10000,0.1,100,3,100000000000,HPCC-PINT
2001786386,3,0.3,10000,0.1,100,3,100000000000,HPCC-PINT
2001787786,3,0.3,10000,0.1,100,3,100000000000,HPCC-PINT
2001789149,3,0.3,10000,0.1,100,3,100000000000,HPCC-PINT
2001790477,3,0.3,10000,0.1,100,3,100000000000,HPCC-PINT
2001791805,3,0.3,10000,0.1,100,3,100000000000,HPCC-PINT
2001793209,3,0.3,10000,0.1,100,3,100000000000,HPCC-PINT
2001794568,3,0.3,10000,0.1,100,3,100000000000,HPCC-PINT
2001795896,3,0.3,10000,0.1,100,3,100000000000,HPCC-PINT
2001797224,3,0.3,10000,0.1,100,3,100000000000,HPCC-PINT
2001798632,3,0.3,10000,0.1,100,3,100000000000,HPCC-PINT
2001799987,3,0.3,10000,0.1,100,3,100000000000,HPCC-PINT
2001801315,3,0.3,10000,0.1,100,3,100000000000,HPCC-PINT
2001802643,3,0.3,10000,0.1,100,3,100000000000,HPCC-PINT
2001804055,3,0.3,10000,0.1,100,3,100000000000,HPCC-PINT
2001805406,3,0.3,10000,0.1,100,3,100000000000,HPCC-PINT
2001806734,3,0.3,10000,0.1,100,3,100000000000,HPCC-PINT
2001808062,3,0.3,10000,0.1,100,3,100000000000,HPCC-PINT
2001809478,3,0.3,10000,0.1,100,3,100000000000,HPCC-PINT
2001810825,3,0.3,10000,0.1,100,3,100000000000,HPCC-PINT
2001812153,3,0.3,10000,0.1,100,3,100000000000,HPCC-PINT
2001813481,3,0.3,10000,0.1,100,3,100000000000,HPCC-PINT
2001814901,3,0.3,10000,0.1,100,3,100000000000,HPCC-PINT
2001816244,3,0.3,10000,0.1,100,3,100000000000,HPCC-PINT
2001817572,3,0.3,10000,0.1,100,3,100000000000,HPCC-PINT
2001818900,3,0.3,10000,0.1,100,3,100000000000,HPCC-PINT
2001820324,3,0.3,10000,0.1,100,3,100000000000,HPCC-PINT
2001821663,3,0.3,10000,0.1,100,3,100000000000,HPCC-PINT
2001822991,3,0.3,10000,0.1,100,3,100000000000,HPCC-PINT
2001824319,3,0.3,10000,0.1,100,3,100000000000,HPCC-PINT
2001825747,3,0.3,10000,0.1,100,3,100000000000,HPCC-PINT
2001827082,3,0.3,10000,0.1,100,3,100000000000,HPCC-PINT
2001828410,3,0.3,10000,0.1,100,3,100000000000,HPCC-PINT
2001829738,3,0.3,10000,0.1,100,3,100000000000,HPCC-PINT
2001831170,3,0.3,10000,0.1,100,3,100000000000,HPCC-PINT
2001832501,3,0.3,10000,0.1,100,3,100000000000,HPCC-PINT
2001833829,3,0.3,10000,0.1,100,3,100000000000,HPCC-PINT
2001835157,3,0.3,10000,0.1,100,3,100000000000,HPCC-PINT
2001836593,3,0.3,10000,0.1,100,3,100000000000,HPCC-PINT
2001837920,3,0.3,10000,0.1,100,3,100000000000,HPCC-PINT
2001839248,3,0.3,10000,0.1,100,3,100000000000,HPCC-PINT
2001840576,3,0.3,10000,0.1,100,3,100000000000,HPCC-PINT
2001842016,3,0.3,10000,0.1,100,3,100000000000,HPCC-PINT
2001843339,3,0.3,10000,0.1,100,3,100000000000,HPCC-PINT
2001844667,3,0.3,10000,0.1,100,3,100000000000,HPCC-PINT
2001845995,3,0.3,10000,0.1,100,3,100000000000,HPCC-PINT
2001847439,3,0.3,10000,0.1,100,3,100000000000,HPCC-PINT
2001848758,3,0.3,10000,0.1,100,3,100000000000,HPCC-PINT
2001850086,3,0.3,10000,0.1,100,3,100000000000,HPCC-PINT
2001851414,3,0.3,10000,0.1,100,3,100000000000,HPCC-PINT
2001852862,3,0.3,10000,0.1,100,3,100000000000,HPCC-PINT
2001854177,3,0.3,10000,0.1,100,3,100000000000,HPCC-PINT
2001855505,3,0.3,10000,0.1,100,3,100000000000,HPCC-PINT
2001856833,3,0.3,10000,0.1,100,3,100000000000,HPCC-PINT
2001858285,3,0.3,10000,0.1,100,3,100000000000,HPCC-PINT
2001859596,3,0.3,10000,0.1,100,3,100000000000,HPCC-PINT
2001860924,3,0.3,10000,0.1,100,3,100000000000,HPCC-PINT
2001862252,3,0.3,10000,0.1,100,3,100000000000,HPCC-PINT
2001863708,3,0.3,10000,0.1,100,3,100000000000,HPCC-PINT
2001865015,3,0.3,10000,0.1,100,3,100000000000,HPCC-PINT
2001866343,3,0.3,10000,0.1,100,3,100000000000,HPCC-PINT
2001867671,3,0.3,10000,0.1,100,3,100000000000,HPCC-PINT
2001869131,3,0.3,10000,0.1,100,3,100000000000,HPCC-PINT
2001870434,3,0.3,10000,0.1,100,3,100000000000,HPCC-PINT
2001871762,3,0.3,10000,0.1,100,3,100000000000,HPCC-PINT
2001873090,3,0.3,10000,0.1,100,3,100000000000,HPCC-PINT
2001874554,3,0.3,10000,0.1,100,3,100000000000,HPCC-PINT
2001875853,3,0.3,10000,0.1,100,3,100000000000,HPCC-PINT
2001877181,3,0.3,10000,0.1,100,3,100000000000,HPCC-PINT
2001878509,3,0.3,10000,0.1,100,3,100000000000,HPCC-PINT
2001879977,3,0.3,10000,0.1,100,3,100000000000,HPCC-PINT
2001881272,3,0.3,10000,0.1,100,3,100000000000,HPCC-PINT
2001882600,3,0.3,10000,0.1,100,3,100000000000,HPCC-PINT
2001883928,3,0.3,10000,0.1,100,3,100000000000,HPCC-PINT
2001885400,3,0.3,10000,0.1,100,3,100000000000,HPCC-PINT
2001886691,3,0.3,10000,0.1,100,3,100000000000,HPCC-PINT
2001888019,3,0.3,10000,0.1,100,3,100000000000,HPCC-PINT
2001889347,3,0.3,10000,0.1,100,3,100000000000,HPCC-PINT
2001890823,3,0.3,10000,0.1,100,3,100000000000,HPCC-PINT
2001892110,3,0.3,10000,0.1,100,3,100000000000,HPCC-PINT
2001893438,3,0.3,10000,0.1,100,3,100000000000,HPCC-PINT
2001894766,3,0.3,10000,0.1,100,3,100000000000,HPCC-PINT
2001896246,3,0.3,10000,0.1,100,3,100000000000,HPCC-PINT
2001897529,3,0.3,10000,0.1,100,3,100000000000,HPCC-PINT
2001898857,3,0.3,10000,0.1,100,3,100000000000,HPCC-PINT
2001900185,3,0.3,10000,0.1,100,3,100000000000,HPCC-PINT
2001901669,3,0.3,10000,0.1,100,3,100000000000,HPCC-PINT
2001902948,3,0.3,10000,0.1,100,3,100000000000,HPCC-PINT
2001904276,3,0.3,10000,0.1,100,3,100000000000,HPCC-PINT
2001905604,3,0.3,10000,0.1,100,3,100000000000,HPCC-PINT
2001907092,3,0.3,10000,0.1,100,3,100000000000,HPCC-PINT
2001908367,3,0.3,10000,0.1,100,3,100000000000,HPCC-PINT
2001909695,3,0.3,10000,0.1,100,3,100000000000,HPCC-PINT
2001911023,3,0.3,10000,0.1,100,3,100000000000,HPCC-PINT
2001912515,3,0.3,10000,0.1,100,3,100000000000,HPCC-PINT
2001913786,3,0.3,10000,0.1,100,3,100000000000,HPCC-PINT
2001915114,3,0.3,10000,0.1,100,3,100000000000,HPCC-PINT
2001916442,3,0.3,10000,0.1,100,3,100000000000,HPCC-PINT
2001917938,3,0.3,10000,0.1,100,3,100000000000,HPCC-PINT
2001919205,3,0.3,10000,0.1,100,3,100000000000,HPCC-PINT
2001920533,3,0.3,10000,0.1,100,3,100000000000,HPCC-PINT
2001921861,3,0.3,10000,0.1,100,3,100000000000,HPCC-PINT
2001923361,3,0.3,10000,0.1,100,3,100000000000,HPCC-PINT
2001924624,3,0.3,10000,0.1,100,3,100000000000,HPCC-PINT
2001925952,3,0.3,10000,0.1,100,3,100000000000,HPCC-PINT
2001927280,3,0.3,10000,0.1,100,3,100000000000,HPCC-PINT
2001928784,3,0.3,10000,0.1,100,3,100000000000,HPCC-PINT
2001930043,3,0.3,10000,0.1,100,3,100000000000,HPCC-PINT
2001931371,3,0.3,10000,0.1,100,3,100000000000,HPCC-PINT
2001932699,3,0.3,10000,0.1,100,3,100000000000,HPCC-PINT
2001934207,3,0.3,10000,0.1,100,3,100000000000,HPCC-PINT
2001935462,3,0.3,10000,0.1,100,3,100000000000,HPCC-PINT
2001936790,3,0.3,10000,0.1,100,3,100000000000,HPCC-PINT
2001938118,3,0.3,10000,0.1,100,3,100000000000,HPCC-PINT
2001939630,3,0.3,10000,0.1,100,3,100000000000,HPCC-PINT
2001940881,3,0.3,10000,0.1,100,3,100000000000,HPCC-PINT
2001942209,3,0.3,10000,0.1,100,3,100000000000,HPCC-PINT
2001943537,3,0.3,10000,0.1,100,3,100000000000,HPCC-PINT
2001945053,3,0.3,10000,0.1,100,3,100000000000,HPCC-PINT
2001946300,3,0.3,10000,0.1,100,3,100000000000,HPCC-PINT
2001947628,3,0.3,10000,0.1,100,3,100000000000,HPCC-PINT
2001948956,3,0.3,10000,0.1,100,3,100000000000,HPCC-PINT
2001951387,3,0.3,10000,0.1,100,3,100000000000,HPCC-PINT
2001952715,3,0.3,10000,0.1,100,3,100000000000,HPCC-PINT
2001954043,3,0.3,10000,0.1,100,3,100000000000,HPCC-PINT
2001955375,3,0.3,10000,0.1,100,3,100000000000,HPCC-PINT
2001956806,3,0.3,10000,0.1,100,3,100000000000,HPCC-PINT
2001958134,3,0.3,10000,0.1,100,3,100000000000,HPCC-PINT
2001959462,3,0.3,10000,0.1,100,3,100000000000,HPCC-PINT
2001960798,3,0.3,10000,0.1,100,3,100000000000,HPCC-PINT
2001962146,3,0.3,10000,0.1,100,3,100000000000,HPCC-PINT
